[00:00] Crash dump logging enabled: /logs/SAM3DBody-1940/dev/linux-gpu/crash_dump.log
[00:00] 
[00:00] [1/5] SYNTAX
[00:00] ----------------------------------------
[00:00] 
[DEBUG] server=None, api=None
[00:00] Found pyproject.toml (modern format)
[00:00] Found requirements.txt (legacy format)
[00:00] Unicode check: OK (all characters cp1252-safe)
[00:00] Forbidden patterns check: OK
[00:00] [SYNTAX] PASSED
[00:00] 
[00:00] [2/5] INSTALL
[00:00] ----------------------------------------
[00:00] 
[DEBUG] server=None, api=None
[00:00] 
Setting up ComfyUI...
[00:00] Creating virtual environment...
[00:00] Running: uv venv /workspaces/SAM3DBody-1940/.venv --python 3.12
[00:00] torch_version='2.10.0' -> pinning torch==2.10.0 torchvision==0.25.0 torchaudio==2.10.0
[00:00] Cloning ComfyUI (latest)...
[00:00] Running: git clone --depth 1 https://github.com/comfyanonymous/ComfyUI.git /workspaces/SAM3DBody-1940/ComfyUI
[00:02] Pinning torch family from https://download.pytorch.org/whl/cu128: torch==2.10.0 torchvision==0.25.0 torchaudio==2.10.0
[00:02] Running: uv pip install --python /workspaces/SAM3DBody-1940/.venv/bin/python --index-url https://download.pytorch.org/whl/cu128 --extra-index-url https://pypi.org/simple --index-strategy unsafe-best-match torch==2.10.0 torchvision==0.25.0 torchaudio==2.10.0
[01:24] Installing ComfyUI requirements...
[01:24] Running: uv pip install --python /workspaces/SAM3DBody-1940/.venv/bin/python --index-url https://download.pytorch.org/whl/cu128 --extra-index-url https://pypi.org/simple --index-strategy unsafe-best-match -r /workspaces/SAM3DBody-1940/ComfyUI/requirements.txt
[01:36] 
Installing custom node...
[01:36] Copying ComfyUI-SAM3DBody to custom_nodes/...
[01:36] Installing node requirements...
[01:36] Running: uv pip install --python /workspaces/SAM3DBody-1940/.venv/bin/python --index-url https://download.pytorch.org/whl/cu128 --extra-index-url https://pypi.org/simple --index-strategy unsafe-best-match -r /workspaces/SAM3DBody-1940/ComfyUI/custom_nodes/ComfyUI-SAM3DBody/requirements.txt
[01:39] 
Running install.py...
[01:39] Running: /workspaces/SAM3DBody-1940/.venv/bin/python /workspaces/SAM3DBody-1940/ComfyUI/custom_nodes/ComfyUI-SAM3DBody/install.py
[01:40]   
[01:40]   Installing 3 node dependencies...
[01:40]     Cloning ComfyUI-Multiband...
[01:40]     Installing requirements for ComfyUI-Multiband...
[01:40]     Cloning ComfyUI-DepthAnythingV3...
[01:42]     Installing requirements for ComfyUI-DepthAnythingV3...
[01:42]     Running install.py for ComfyUI-DepthAnythingV3...
[01:43]   
[01:43]   Installing 3 node dependencies...
[01:43]     Cloning ComfyUI-VideoHelperSuite...
[01:43]     Installing requirements for ComfyUI-VideoHelperSuite...
[01:46]     Cloning ComfyUI-KJNodes...
[01:46]     Installing requirements for ComfyUI-KJNodes...
[01:49]     Cloning ComfyUI-GeometryPack...
[01:54]     Installing requirements for ComfyUI-GeometryPack...
[01:55]     Running install.py for ComfyUI-GeometryPack...
[01:57]   [comfy-env] _discover: scanning /workspaces/SAM3DBody-1940/ComfyUI/custom_nodes
[01:57]   [comfy-env] _discover: ComfyUI-DepthAnythingV3 -> depthanythingv3-nodes (custom_nodes/ComfyUI-DepthAnythingV3/nodes/comfy-env.toml)
[01:57]   [comfy-env] _discover: ComfyUI-GeometryPack -> geometrypack-nodes (custom_nodes/ComfyUI-GeometryPack/nodes/comfy-env.toml)
[01:57]   [comfy-env] _discover: ComfyUI-KJNodes: no comfy-env.toml found
[01:57]   [comfy-env] _discover: ComfyUI-Multiband: no comfy-env.toml found
[01:57]   [comfy-env] _discover: ComfyUI-SAM3DBody -> sam3dbody-nodes (custom_nodes/ComfyUI-SAM3DBody/nodes/comfy-env.toml)
[01:57]   [comfy-env] _discover: ComfyUI-VideoHelperSuite: no comfy-env.toml found
[01:57]   [comfy-env] Workspace: /tmp/comfytest-home/.ce
[01:57]   [comfy-env] ComfyUI: /workspaces/SAM3DBody-1940/ComfyUI
[01:57]   [comfy-env] Found 3 node config(s):
[01:57]     - depthanythingv3-nodes <- custom_nodes/ComfyUI-DepthAnythingV3/nodes/comfy-env.toml (python=host)
[01:57]     - geometrypack-nodes <- custom_nodes/ComfyUI-GeometryPack/nodes/comfy-env.toml (python=host)
[01:57]     - sam3dbody-nodes <- custom_nodes/ComfyUI-SAM3DBody/nodes/comfy-env.toml (python=host)
[01:57]   [comfy-env] Bootstrap interpreter has python 3.12 + torch 2.10.0 (cu128). Looking for cuda-only wheels matching cu128/torch2.10/cp312.
[01:58]   [comfy-env] GPU: Detection: smi
[01:58]   Driver: 580.126.20
[01:58]   CUDA: 13.0
[01:58]   Recommended: CUDA 13.0
[01:58]   
[01:58]     GPU 0: NVIDIA GeForce RTX 3090 (sm_86) [Ampere] 24576MB
[01:58]   [comfy-env] Comfyui feature -> torch 2.10.0 from https://download.pytorch.org/whl/cu128 (CUDA 12.8 via bootstrap torch)
[01:58]   [comfy-env] cuda-wheels: 8 package(s) need a matched (cuda, torch, python) combo: ['flash_attn', 'sageattention', 'cumesh', 'detectron2', 'torch-scatter', 'torch-sparse', 'torch-cluster', 'flash-attn']
[01:58]   [comfy-env] cuda-wheels tier 1 (bootstrap): probing cu12.8/torch2.10/cp312
[01:58]   [cuda-wheels] Looking up flash_attn: cu128 torch2.10 cp312 manylinux linux
[01:58]   [cuda-wheels]   Found: flash_attn-2.8.3+cu128torch2.10-cp312-cp312-manylinux_2_24_x86_64.manylinux_2_28_x86_64.whl
[01:58]   [cuda-wheels] Looking up sageattention: cu128 torch2.10 cp312 manylinux linux
[01:58]   [cuda-wheels]   Found: sageattention-2.2.0+cu128torch2.10-cp312-cp312-manylinux_2_34_x86_64.manylinux_2_35_x86_64.whl
[01:58]   [cuda-wheels] Looking up cumesh: cu128 torch2.10 cp312 manylinux linux
[01:58]   [cuda-wheels]   Found: cumesh-0.0.1+cu128torch2.10-cp312-cp312-manylinux_2_35_x86_64.whl
[01:58]   [cuda-wheels] Looking up detectron2: cu128 torch2.10 cp312 manylinux linux
[01:58]   [cuda-wheels]   Found: detectron2-0.6+cu128torch2.10-cp312-cp312-manylinux_2_34_x86_64.manylinux_2_35_x86_64.whl
[01:58]   [cuda-wheels] Looking up torch-scatter: cu128 torch2.10 cp312 manylinux linux
[01:59]   [cuda-wheels]   Found: torch_scatter-2.1.2+cu128torch2.10-cp312-cp312-manylinux_2_34_x86_64.manylinux_2_35_x86_64.whl
[01:59]   [cuda-wheels] Looking up torch-sparse: cu128 torch2.10 cp312 manylinux linux
[01:59]   [cuda-wheels]   Found: torch_sparse-0.6.18+cu128torch2.10-cp312-cp312-manylinux_2_34_x86_64.manylinux_2_35_x86_64.whl
[01:59]   [cuda-wheels] Looking up torch-cluster: cu128 torch2.10 cp312 manylinux linux
[01:59]   [cuda-wheels]   Found: torch_cluster-1.6.3+cu128torch2.10-cp312-cp312-manylinux_2_34_x86_64.manylinux_2_35_x86_64.whl
[01:59]   [cuda-wheels] Looking up flash-attn: cu128 torch2.10 cp312 manylinux linux
[02:00]   [cuda-wheels]   Found: flash_attn-2.8.3+cu128torch2.10-cp312-cp312-manylinux_2_24_x86_64.manylinux_2_28_x86_64.whl
[02:00]   [comfy-env] cuda-wheels combo: cu12.8/torch2.10 (bootstrap matches; per-node envs will pin to this)
[02:00]   [comfy-env] Host glibc 2.35 -> system-requirements
[02:00]   [cuda-wheels] Looking up flash_attn: cu128 torch2.10 cp312 manylinux linux
[02:00]   [cuda-wheels]   Found: flash_attn-2.8.3+cu128torch2.10-cp312-cp312-manylinux_2_24_x86_64.manylinux_2_28_x86_64.whl
[02:00]   [cuda-wheels] Looking up sageattention: cu128 torch2.10 cp312 manylinux linux
[02:00]   [cuda-wheels]   Found: sageattention-2.2.0+cu128torch2.10-cp312-cp312-manylinux_2_34_x86_64.manylinux_2_35_x86_64.whl
[02:00]   [comfy-env] depthanythingv3-nodes: cuda-wheels deferred for post-pixi install (flash_attn, sageattention)
[02:00]   [cuda-wheels] Looking up cumesh: cu128 torch2.10 cp312 manylinux linux
[02:00]   [cuda-wheels]   Found: cumesh-0.0.1+cu128torch2.10-cp312-cp312-manylinux_2_35_x86_64.whl
[02:00]   [comfy-env] geometrypack-nodes: cuda-wheels deferred for post-pixi install (cumesh)
[02:00]   [cuda-wheels] Looking up detectron2: cu128 torch2.10 cp312 manylinux linux
[02:00]   [cuda-wheels]   Found: detectron2-0.6+cu128torch2.10-cp312-cp312-manylinux_2_34_x86_64.manylinux_2_35_x86_64.whl
[02:00]   [cuda-wheels] Looking up torch-scatter: cu128 torch2.10 cp312 manylinux linux
[02:00]   [cuda-wheels]   Found: torch_scatter-2.1.2+cu128torch2.10-cp312-cp312-manylinux_2_34_x86_64.manylinux_2_35_x86_64.whl
[02:00]   [cuda-wheels] Looking up torch-sparse: cu128 torch2.10 cp312 manylinux linux
[02:00]   [cuda-wheels]   Found: torch_sparse-0.6.18+cu128torch2.10-cp312-cp312-manylinux_2_34_x86_64.manylinux_2_35_x86_64.whl
[02:00]   [cuda-wheels] Looking up torch-cluster: cu128 torch2.10 cp312 manylinux linux
[02:00]   [cuda-wheels]   Found: torch_cluster-1.6.3+cu128torch2.10-cp312-cp312-manylinux_2_34_x86_64.manylinux_2_35_x86_64.whl
[02:00]   [cuda-wheels] Looking up flash-attn: cu128 torch2.10 cp312 manylinux linux
[02:00]   [cuda-wheels]   Found: flash_attn-2.8.3+cu128torch2.10-cp312-cp312-manylinux_2_24_x86_64.manylinux_2_28_x86_64.whl
[02:00]   [cuda-wheels] Looking up sageattention: cu128 torch2.10 cp312 manylinux linux
[02:00]   [cuda-wheels]   Found: sageattention-2.2.0+cu128torch2.10-cp312-cp312-manylinux_2_34_x86_64.manylinux_2_35_x86_64.whl
[02:00]   [comfy-env] sam3dbody-nodes: cuda-wheels deferred for post-pixi install (detectron2, torch-scatter, torch-sparse, torch-cluster, flash-attn, sageattention)
[02:00]   Generated /tmp/comfytest-home/.ce/pixi.toml
[02:00]   [comfy-env] Installing 3 environment(s):
[02:00]     - depthanythingv3-nodes (python=host, 10 pypi deps, 2 cuda wheels)
[02:00]     - geometrypack-nodes (python=host, 14 pypi deps, 1 cuda wheels)
[02:00]     - sam3dbody-nodes (python=host, 11 pypi deps, 6 cuda wheels)
[02:00]   [comfy-env] Running `pixi install -e depthanythingv3-nodes -e geometrypack-nodes -e sam3dbody-nodes`...
[02:08]      WARN Skipped running the post-link scripts because `run-post-link-scripts` = `false`
[02:08]     	- bin/.librsvg-pre-unlink.sh
[02:08]     To enable them, run:
[02:08]     	pixi config set --local run-post-link-scripts insecure
[02:09]     More info:
[02:09]     	https://pixi.sh/latest/reference/pixi_configuration/#run-post-link-scripts
[02:28]      WARN Skipped running the post-link scripts because `run-post-link-scripts` = `false`
[02:28]     	- bin/.librsvg-pre-unlink.sh
[02:28]     To enable them, run:
[02:28]     	pixi config set --local run-post-link-scripts insecure
[02:28]     More info:
[02:28]     	https://pixi.sh/latest/reference/pixi_configuration/#run-post-link-scripts
[02:29]      WARN Skipped running the post-link scripts because `run-post-link-scripts` = `false`
[02:29]     	- bin/.librsvg-pre-unlink.sh
[02:29]     To enable them, run:
[02:29]     	pixi config set --local run-post-link-scripts insecure
[02:29]     More info:
[02:29]     	https://pixi.sh/latest/reference/pixi_configuration/#run-post-link-scripts
[03:33]     The following environments have been installed: depthanythingv3-nodes, geometrypack-nodes, sam3dbody-nodes.
[03:33]   [comfy-env] depthanythingv3-nodes: installing cuda-wheels with --no-deps (flash_attn, sageattention)
[03:33]     Using Python 3.12.13 environment at: .pixi/envs/depthanythingv3-nodes
[03:35]     Resolved 2 packages in 1.62s
[03:35]     Downloading flash-attn (241.9MiB)
[03:35]     Downloading sageattention (53.2MiB)
[03:37]      Downloaded sageattention
[03:40]      Downloaded flash-attn
[03:40]     Prepared 2 packages in 5.73s
[03:40]     Installed 2 packages in 10ms
[03:40]      + flash-attn==2.8.3+cu128torch2.10 (from https://github.com/PozzettiAndrea/cuda-wheels/releases/download/flash_attn-latest/flash_attn-2.8.3%2Bcu128torch2.10-cp312-cp312-manylinux_2_24_x86_64.manylinux_2_28_x86_64.whl)
[03:40]      + sageattention==2.2.0+cu128torch2.10 (from https://github.com/PozzettiAndrea/cuda-wheels/releases/download/sageattention-latest/sageattention-2.2.0%2Bcu128torch2.10-cp312-cp312-manylinux_2_34_x86_64.manylinux_2_35_x86_64.whl)
[03:40]   [comfy-env] geometrypack-nodes: installing cuda-wheels with --no-deps (cumesh)
[03:40]     Using Python 3.12.13 environment at: .pixi/envs/geometrypack-nodes
[03:41]     Resolved 1 package in 1.02s
[03:41]     Downloading cumesh (22.8MiB)
[03:42]      Downloaded cumesh
[03:42]     Prepared 1 package in 553ms
[03:42]     Installed 1 package in 8ms
[03:42]      + cumesh==0.0.1+cu128torch2.10 (from https://github.com/PozzettiAndrea/cuda-wheels/releases/download/cumesh-latest/cumesh-0.0.1%2Bcu128torch2.10-cp312-cp312-manylinux_2_35_x86_64.whl)
[03:42]   [comfy-env] sam3dbody-nodes: installing cuda-wheels with --no-deps (detectron2, torch-scatter, torch-sparse, torch-cluster, flash-attn, sageattention)
[03:42]     Using Python 3.12.13 environment at: .pixi/envs/sam3dbody-nodes
[03:44]     Resolved 6 packages in 1.99s
[03:44]     Downloading flash-attn (241.9MiB)
[03:44]     Downloading torch-sparse (6.0MiB)
[03:44]     Downloading torch-scatter (10.5MiB)
[03:44]     Downloading detectron2 (7.8MiB)
[03:44]     Downloading sageattention (53.2MiB)
[03:44]     Downloading torch-cluster (3.6MiB)
[03:45]      Downloaded torch-cluster
[03:45]      Downloaded torch-sparse
[03:45]      Downloaded detectron2
[03:45]      Downloaded torch-scatter
[03:47]      Downloaded sageattention
[03:51]      Downloaded flash-attn
[03:51]     Prepared 6 packages in 7.08s
[03:51]     Installed 6 packages in 17ms
[03:51]      + detectron2==0.6+cu128torch2.10 (from https://github.com/PozzettiAndrea/cuda-wheels/releases/download/detectron2-latest/detectron2-0.6%2Bcu128torch2.10-cp312-cp312-manylinux_2_34_x86_64.manylinux_2_35_x86_64.whl)
[03:51]      + flash-attn==2.8.3+cu128torch2.10 (from https://github.com/PozzettiAndrea/cuda-wheels/releases/download/flash_attn-latest/flash_attn-2.8.3%2Bcu128torch2.10-cp312-cp312-manylinux_2_24_x86_64.manylinux_2_28_x86_64.whl)
[03:51]      + sageattention==2.2.0+cu128torch2.10 (from https://github.com/PozzettiAndrea/cuda-wheels/releases/download/sageattention-latest/sageattention-2.2.0%2Bcu128torch2.10-cp312-cp312-manylinux_2_34_x86_64.manylinux_2_35_x86_64.whl)
[03:51]      + torch-cluster==1.6.3+cu128torch2.10 (from https://github.com/PozzettiAndrea/cuda-wheels/releases/download/torch_cluster-latest/torch_cluster-1.6.3%2Bcu128torch2.10-cp312-cp312-manylinux_2_34_x86_64.manylinux_2_35_x86_64.whl)
[03:51]      + torch-scatter==2.1.2+cu128torch2.10 (from https://github.com/PozzettiAndrea/cuda-wheels/releases/download/torch_scatter-latest/torch_scatter-2.1.2%2Bcu128torch2.10-cp312-cp312-manylinux_2_34_x86_64.manylinux_2_35_x86_64.whl)
[03:51]      + torch-sparse==0.6.18+cu128torch2.10 (from https://github.com/PozzettiAndrea/cuda-wheels/releases/download/torch_sparse-latest/torch_sparse-0.6.18%2Bcu128torch2.10-cp312-cp312-manylinux_2_34_x86_64.manylinux_2_35_x86_64.whl)
[03:51]   [comfy-env] Recorded install hash adfc5606e6d2 -> /tmp/comfytest-home/.ce/install.hash
[03:51]   [comfy-env] Install log: /tmp/comfytest-home/.ce/install.log
[03:51]   
[03:51]   Installation complete!
[03:51]   
[03:51]   [requirements] Re-installing main package requirements...
[03:51]     Installing requirements for ComfyUI-DepthAnythingV3...
[03:51]   [comfy-env] _discover: scanning /workspaces/SAM3DBody-1940/ComfyUI/custom_nodes
[03:51]   [comfy-env] _discover: ComfyUI-DepthAnythingV3 -> depthanythingv3-nodes (custom_nodes/ComfyUI-DepthAnythingV3/nodes/comfy-env.toml)
[03:51]   [comfy-env] _discover: ComfyUI-GeometryPack -> geometrypack-nodes (custom_nodes/ComfyUI-GeometryPack/nodes/comfy-env.toml)
[03:51]   [comfy-env] _discover: ComfyUI-KJNodes: no comfy-env.toml found
[03:51]   [comfy-env] _discover: ComfyUI-Multiband: no comfy-env.toml found
[03:51]   [comfy-env] _discover: ComfyUI-SAM3DBody -> sam3dbody-nodes (custom_nodes/ComfyUI-SAM3DBody/nodes/comfy-env.toml)
[03:51]   [comfy-env] _discover: ComfyUI-VideoHelperSuite: no comfy-env.toml found
[03:51]   [comfy-env] Workspace inputs unchanged (hash adfc5606e6d2) -- skipping install. Delete /tmp/comfytest-home/.ce/install.hash to force.
[03:51]   
[03:51]   Installation complete!
[03:51]     ComfyUI-VideoHelperSuite: exists
[03:51]     ComfyUI-KJNodes: exists
[03:51]     ComfyUI-GeometryPack: exists
[03:51]     Cloning ComfyUI-CameraPack...
[03:52]   
[03:52]   [requirements] Re-installing main package requirements...
[03:52]     Installing requirements for ComfyUI-SAM3DBody...
[03:52]   [comfy-env] _discover: scanning /workspaces/SAM3DBody-1940/ComfyUI/custom_nodes
[03:52]   [comfy-env] _discover: ComfyUI-CameraPack: no comfy-env.toml found
[03:52]   [comfy-env] _discover: ComfyUI-DepthAnythingV3 -> depthanythingv3-nodes (custom_nodes/ComfyUI-DepthAnythingV3/nodes/comfy-env.toml)
[03:52]   [comfy-env] _discover: ComfyUI-GeometryPack -> geometrypack-nodes (custom_nodes/ComfyUI-GeometryPack/nodes/comfy-env.toml)
[03:52]   [comfy-env] _discover: ComfyUI-KJNodes: no comfy-env.toml found
[03:52]   [comfy-env] _discover: ComfyUI-Multiband: no comfy-env.toml found
[03:52]   [comfy-env] _discover: ComfyUI-SAM3DBody -> sam3dbody-nodes (custom_nodes/ComfyUI-SAM3DBody/nodes/comfy-env.toml)
[03:52]   [comfy-env] _discover: ComfyUI-VideoHelperSuite: no comfy-env.toml found
[03:52]   [comfy-env] Workspace inputs unchanged (hash adfc5606e6d2) -- skipping install. Delete /tmp/comfytest-home/.ce/install.hash to force.
[03:52]   
[03:52]   Installation complete!
[03:52] Installing 3 node dependency(ies)...
[03:52]   ComfyUI-Multiband from PozzettiAndrea/ComfyUI-Multiband
[03:52]   ComfyUI-Multiband already exists, skipping...
[03:52]   ComfyUI-DepthAnythingV3 from PozzettiAndrea/ComfyUI-DepthAnythingV3
[03:52]   ComfyUI-DepthAnythingV3 already exists, skipping...
[03:52]   ComfyUI-CameraPack from PozzettiAndrea/ComfyUI-CameraPack
[03:52]   ComfyUI-CameraPack already exists, skipping...
[03:52] Installing validation endpoint...
[03:52]   Cloning PozzettiAndrea/ComfyUI-validate-endpoint...
[03:52] Running: git clone --depth 1 https://x-access-token:***@github.com/PozzettiAndrea/ComfyUI-validate-endpoint.git /workspaces/SAM3DBody-1940/ComfyUI/custom_nodes/ComfyUI-validate-endpoint
[03:52] CUDA packages absent (will mock): detectron2, torch_scatter, torch_sparse, torch_cluster, flash_attn, sageattention
[03:52] [INSTALL] PASSED
[03:52] 
[03:52] [3/5] REGISTRATION
[03:53] ----------------------------------------
[03:53] 
[DEBUG] server=None, api=None
[03:53] 
Starting ComfyUI server...
[03:53] Starting ComfyUI server on port 41880...
[03:53] CUDA mock packages: detectron2, torch_scatter, torch_sparse, torch_cluster, flash_attn, sageattention
[03:53] Starting ComfyUI server on port 41880...
[03:53] Waiting for server to be ready (timeout: 600s)...
[03:54]   [ComfyUI] setup plugin alembic.autogenerate.schemas
[03:54]   [ComfyUI] setup plugin alembic.autogenerate.tables
[03:54]   [ComfyUI] setup plugin alembic.autogenerate.types
[03:54]   [ComfyUI] setup plugin alembic.autogenerate.constraints
[03:54]   [ComfyUI] setup plugin alembic.autogenerate.defaults
[03:54]   [ComfyUI] setup plugin alembic.autogenerate.comments
[03:55]   [ComfyUI] [comfy-env] ComfyUI-SAM3DBody: 1 isolation env(s):
[03:55]   [ComfyUI] [comfy-env]   nodes -> /workspaces/SAM3DBody-1940/ComfyUI/custom_nodes/ComfyUI-SAM3DBody/nodes
[03:55]   [ComfyUI] [comfy-env] Workspace: /tmp/comfytest-home/.ce
[03:55]   [ComfyUI] [comfy-env]     env: /tmp/comfytest-home/.ce/.pixi/envs/sam3dbody-nodes  [OK]
[03:55]   [ComfyUI] [comfy-env] prestartup complete
[03:55]   [ComfyUI] [comfy-env] ComfyUI-DepthAnythingV3: 1 isolation env(s):
[03:55]   [ComfyUI] [comfy-env]   nodes -> /workspaces/SAM3DBody-1940/ComfyUI/custom_nodes/ComfyUI-DepthAnythingV3/nodes
[03:55]   [ComfyUI] [comfy-env]     env: /tmp/comfytest-home/.ce/.pixi/envs/depthanythingv3-nodes  [OK]
[03:55]   [ComfyUI] [comfy-env] prestartup complete
[03:55]   [ComfyUI] [comfy-env] ComfyUI-GeometryPack: 1 isolation env(s):
[03:55]   [ComfyUI] [comfy-env]   nodes -> /workspaces/SAM3DBody-1940/ComfyUI/custom_nodes/ComfyUI-GeometryPack/nodes
[03:55]   [ComfyUI] [comfy-env]     env: /tmp/comfytest-home/.ce/.pixi/envs/geometrypack-nodes  [OK]
[03:55]   [ComfyUI] [comfy-env] prestartup complete
[03:55]   [ComfyUI] 
[03:55]   [ComfyUI] Prestartup times for custom nodes:
[03:55]   [ComfyUI]    0.0 seconds: /workspaces/SAM3DBody-1940/ComfyUI/custom_nodes/ComfyUI-DepthAnythingV3
[03:55]   [ComfyUI]    0.1 seconds: /workspaces/SAM3DBody-1940/ComfyUI/custom_nodes/ComfyUI-GeometryPack
[03:55]   [ComfyUI]    0.2 seconds: /workspaces/SAM3DBody-1940/ComfyUI/custom_nodes/ComfyUI-SAM3DBody
[03:55]   [ComfyUI] 
[04:02]   [ComfyUI] WARNING: You need pytorch with cu130 or higher to use optimized CUDA operations.
[04:02]   [ComfyUI] Found comfy_kitchen backend cuda: {'available': True, 'disabled': True, 'unavailable_reason': None, 'capabilities': ['apply_rope', 'apply_rope1', 'dequantize_nvfp4', 'dequantize_per_tensor_fp8', 'quantize_mxfp8', 'quantize_nvfp4', 'quantize_per_tensor_fp8']}
[04:02]   [ComfyUI] Found comfy_kitchen backend eager: {'available': True, 'disabled': False, 'unavailable_reason': None, 'capabilities': ['apply_rope', 'apply_rope1', 'dequantize_mxfp8', 'dequantize_nvfp4', 'dequantize_per_tensor_fp8', 'quantize_mxfp8', 'quantize_nvfp4', 'quantize_per_tensor_fp8', 'scaled_mm_mxfp8', 'scaled_mm_nvfp4']}
[04:02]   [ComfyUI] Found comfy_kitchen backend triton: {'available': True, 'disabled': True, 'unavailable_reason': None, 'capabilities': ['apply_rope', 'apply_rope1', 'dequantize_nvfp4', 'dequantize_per_tensor_fp8', 'quantize_mxfp8', 'quantize_nvfp4', 'quantize_per_tensor_fp8']}
[04:02]   [ComfyUI] Checkpoint files will always be loaded safely.
[04:02]   [ComfyUI] Total VRAM 24124 MB, total RAM 31924 MB
[04:02]   [ComfyUI] pytorch version: 2.10.0+cu128
[04:02]   [ComfyUI] Set vram state to: NORMAL_VRAM
[04:02]   [ComfyUI] Device: cuda:0 NVIDIA GeForce RTX 3090 : cudaMallocAsync
[04:02]   [ComfyUI] Using async weight offloading with 2 streams
[04:02]   [ComfyUI] Enabled pinned memory 28731.0
[04:02]   [ComfyUI] working around nvidia conv3d memory bug.
[04:03]   [ComfyUI] Using pytorch attention
[04:09]   [ComfyUI] aimdo: /project/src-posix/cuda-funchooks.c:52:DEBUG:aimdo_setup_hooks: hooks successfully installed
[04:09]   [ComfyUI] aimdo: /project/src/control.c:151:INFO:comfy-aimdo inited for GPU: NVIDIA GeForce RTX 3090 (VRAM: 24124 MB)
[04:09]   [ComfyUI] DynamicVRAM support detected and enabled
[04:09]   [ComfyUI] Python version: 3.12.13 (main, May 10 2026, 19:30:01) [Clang 22.1.3 ]
[04:09]   [ComfyUI] ComfyUI version: 0.21.1
[04:09]   [ComfyUI] comfy-aimdo version: 0.3.0
[04:09]   [ComfyUI] comfy-kitchen version: 0.2.8
[04:09]   [ComfyUI] ****** User settings have been changed to be stored on the server instead of browser storage. ******
[04:09]   [ComfyUI] ****** For multi-user setups add the --multi-user CLI argument to enable multiple user profiles. ******
[04:09]   [ComfyUI] comfyui-frontend-package version: 1.43.18
[04:09]   [ComfyUI] comfyui-workflow-templates version: 0.9.77
[04:09]   [ComfyUI] comfyui-embedded-docs version: 0.5.0
[04:09]   [ComfyUI] comfy-kitchen version: 0.2.8
[04:09]   [ComfyUI] comfy-aimdo version: 0.3.0
[04:09]   [ComfyUI] [Prompt Server] web root: /workspaces/SAM3DBody-1940/.venv/lib/python3.12/site-packages/comfyui_frontend_package/static
[04:09]   [ComfyUI] Asset seeder disabled
[04:12]   [ComfyUI] [comfy-env] Version: 0.3.89
[04:12]   [ComfyUI] [comfy-env] register_nodes: ComfyUI-SAM3DBody
[04:12]   [ComfyUI] [comfy-env] ComfyUI source dir: /workspaces/SAM3DBody-1940/ComfyUI
[04:12]   [ComfyUI] [comfy-env] Found 1 isolation env(s)
[04:12]   [ComfyUI] [comfy-env] Scanning nodes metadata (isolation root)...
[04:12]   [ComfyUI] [comfy-env] Metadata scan: /tmp/comfytest-home/.pixi/bin/pixi run --as-is --manifest-path /tmp/comfytest-home/.ce/pixi.toml -e sam3dbody-nodes python /tmp/comfy_meta_ta6p3iqq.py /workspaces/SAM3DBody-1940/ComfyUI/custom_nodes/ComfyUI-SAM3DBody nodes /tmp/comfy_meta_out_zdafjbwp.pkl
[04:12]   [ComfyUI] [comfy-env] Scan env PATH for nodes:
[04:12]   [ComfyUI] [comfy-env]   [0] /tmp/comfytest-tools/bin
[04:12]   [ComfyUI] [comfy-env]   [1] /opt/uv/bin
[04:12]   [ComfyUI] [comfy-env]   [2] /usr/local/sbin
[04:12]   [ComfyUI] [comfy-env]   [3] /usr/local/bin
[04:12]   [ComfyUI] [comfy-env]   [4] /usr/sbin
[04:12]   [ComfyUI] [comfy-env]   [5] /usr/bin
[04:12]   [ComfyUI] [comfy-env]   [6] /sbin
[04:12]   [ComfyUI] [comfy-env]   [7] /bin
[04:16]   [ComfyUI] [comfy-env] Metadata scan stderr for nodes:
[04:16]   [ComfyUI] [comfy-env]   [meta-scan] importing nodes from /workspaces/SAM3DBody-1940/ComfyUI/custom_nodes/ComfyUI-SAM3DBody
[04:16]   [ComfyUI] [comfy-env]   [meta-scan] import OK
[04:16]   [ComfyUI] [comfy-env] Scanned nodes: 15 nodes (4.0s)
[04:16]   [ComfyUI] [comfy-env] Scanned nodes root: 15 nodes (4.0s)
[04:16]   [ComfyUI] [comfy-env] Imported nodes root: 15 nodes (isolation)
[04:16]   [ComfyUI] [comfy-env] Registered 15 total nodes
[04:16]   [ComfyUI] [comfy-env] Version: 0.3.89
[04:16]   [ComfyUI] [comfy-env] register_nodes: ComfyUI-DepthAnythingV3
[04:16]   [ComfyUI] [comfy-env] ComfyUI source dir: /workspaces/SAM3DBody-1940/ComfyUI
[04:16]   [ComfyUI] [comfy-env] Found 1 isolation env(s)
[04:16]   [ComfyUI] [comfy-env] Scanning nodes metadata (isolation root)...
[04:16]   [ComfyUI] [comfy-env] Metadata scan: /tmp/comfytest-home/.pixi/bin/pixi run --as-is --manifest-path /tmp/comfytest-home/.ce/pixi.toml -e depthanythingv3-nodes python /tmp/comfy_meta_nkeqfndt.py /workspaces/SAM3DBody-1940/ComfyUI/custom_nodes/ComfyUI-DepthAnythingV3 nodes /tmp/comfy_meta_out_ir30q8yt.pkl
[04:16]   [ComfyUI] [comfy-env] Scan env PATH for nodes:
[04:16]   [ComfyUI] [comfy-env]   [0] /tmp/comfytest-tools/bin
[04:16]   [ComfyUI] [comfy-env]   [1] /opt/uv/bin
[04:16]   [ComfyUI] [comfy-env]   [2] /usr/local/sbin
[04:16]   [ComfyUI] [comfy-env]   [3] /usr/local/bin
[04:16]   [ComfyUI] [comfy-env]   [4] /usr/sbin
[04:16]   [ComfyUI] [comfy-env]   [5] /usr/bin
[04:16]   [ComfyUI] [comfy-env]   [6] /sbin
[04:16]   [ComfyUI] [comfy-env]   [7] /bin
[04:20]   [ComfyUI] [comfy-env] Metadata scan stderr for nodes:
[04:20]   [ComfyUI] [comfy-env]   [meta-scan] importing nodes from /workspaces/SAM3DBody-1940/ComfyUI/custom_nodes/ComfyUI-DepthAnythingV3
[04:20]   [ComfyUI] [comfy-env]   ERROR:root:Failed to import comfy_kitchen, Error: No module named 'comfy_kitchen', fp8 and fp4 support will not be available.
[04:20]   [ComfyUI] [comfy-env]   [meta-scan] import OK
[04:20]   [ComfyUI] [comfy-env] Scanned nodes: 15 nodes (3.7s)
[04:20]   [ComfyUI] [comfy-env] Scanned nodes root: 15 nodes (3.7s)
[04:20]   [ComfyUI] [comfy-env] Imported nodes root: 15 nodes (isolation)
[04:20]   [ComfyUI] [comfy-env] Registered 15 total nodes
[04:20]   [ComfyUI] loading...
[04:20]   [ComfyUI] calling register_nodes
[04:20]   [ComfyUI] [comfy-env] Version: 0.3.89
[04:20]   [ComfyUI] [comfy-env] register_nodes: ComfyUI-GeometryPack
[04:20]   [ComfyUI] [comfy-env] ComfyUI source dir: /workspaces/SAM3DBody-1940/ComfyUI
[04:20]   [ComfyUI] [comfy-env] Found 1 isolation env(s)
[04:20]   [ComfyUI] [comfy-env] Scanning nodes metadata (isolation root)...
[04:20]   [ComfyUI] [comfy-env] Metadata scan: /tmp/comfytest-home/.pixi/bin/pixi run --as-is --manifest-path /tmp/comfytest-home/.ce/pixi.toml -e geometrypack-nodes python /tmp/comfy_meta_w2foaw36.py /workspaces/SAM3DBody-1940/ComfyUI/custom_nodes/ComfyUI-GeometryPack nodes /tmp/comfy_meta_out_fasb8m_x.pkl
[04:20]   [ComfyUI] [comfy-env] Scan env PATH for nodes:
[04:20]   [ComfyUI] [comfy-env]   [0] /tmp/comfytest-tools/bin
[04:20]   [ComfyUI] [comfy-env]   [1] /opt/uv/bin
[04:20]   [ComfyUI] [comfy-env]   [2] /usr/local/sbin
[04:20]   [ComfyUI] [comfy-env]   [3] /usr/local/bin
[04:20]   [ComfyUI] [comfy-env]   [4] /usr/sbin
[04:20]   [ComfyUI] [comfy-env]   [5] /usr/bin
[04:20]   [ComfyUI] [comfy-env]   [6] /sbin
[04:20]   [ComfyUI] [comfy-env]   [7] /bin
[04:27]   [ComfyUI] [comfy-env] Metadata scan stderr for nodes:
[04:27]   [ComfyUI] [comfy-env]   [meta-scan] importing nodes from /workspaces/SAM3DBody-1940/ComfyUI/custom_nodes/ComfyUI-GeometryPack
[04:27]   [ComfyUI] [comfy-env]   ERROR:root:Failed to import comfy_kitchen, Error: No module named 'comfy_kitchen', fp8 and fp4 support will not be available.
[04:27]   [ComfyUI] [comfy-env]   [meta-scan] import OK
[04:27]   [ComfyUI] [comfy-env] Scanned nodes: 125 nodes (6.8s)
[04:27]   [ComfyUI] [comfy-env] Scanned nodes root: 125 nodes (6.9s)
[04:27]   [ComfyUI] [comfy-env] Imported nodes root: 125 nodes (isolation)
[04:27]   [ComfyUI] [comfy-env] Registered 125 total nodes
[04:27]   [ComfyUI] ComfyUI-Multiband loaded: 15 nodes registered
[04:27]   [ComfyUI] 
[04:27]   [ComfyUI] Import times for custom nodes:
[04:27]   [ComfyUI]    0.0 seconds: /workspaces/SAM3DBody-1940/ComfyUI/custom_nodes/ComfyUI-validate-endpoint
[04:27]   [ComfyUI]    0.0 seconds: /workspaces/SAM3DBody-1940/ComfyUI/custom_nodes/websocket_image_save.py
[04:27]   [ComfyUI]    0.0 seconds: /workspaces/SAM3DBody-1940/ComfyUI/custom_nodes/ComfyUI-CameraPack
[04:27]   [ComfyUI]    0.1 seconds: /workspaces/SAM3DBody-1940/ComfyUI/custom_nodes/ComfyUI-VideoHelperSuite
[04:27]   [ComfyUI]    0.2 seconds: /workspaces/SAM3DBody-1940/ComfyUI/custom_nodes/ComfyUI-KJNodes
[04:27]   [ComfyUI]    0.4 seconds: /workspaces/SAM3DBody-1940/ComfyUI/custom_nodes/ComfyUI-Multiband
[04:27]   [ComfyUI]    3.7 seconds: /workspaces/SAM3DBody-1940/ComfyUI/custom_nodes/ComfyUI-DepthAnythingV3
[04:27]   [ComfyUI]    4.1 seconds: /workspaces/SAM3DBody-1940/ComfyUI/custom_nodes/ComfyUI-SAM3DBody
[04:27]   [ComfyUI]    6.9 seconds: /workspaces/SAM3DBody-1940/ComfyUI/custom_nodes/ComfyUI-GeometryPack
[04:27]   [ComfyUI] 
[04:27]   [ComfyUI] Context impl SQLiteImpl.
[04:27]   [ComfyUI] Will assume non-transactional DDL.
[04:27]   [ComfyUI] Context impl SQLiteImpl.
[04:27]   [ComfyUI] Will assume non-transactional DDL.
[04:27]   [ComfyUI] Running upgrade  -> 0001_assets, Initial assets schema
[04:27]   [ComfyUI] Revision ID: 0001_assets
[04:27]   [ComfyUI] Revises: None
[04:27]   [ComfyUI] Create Date: 2025-12-10 00:00:00
[04:28]   [ComfyUI] Running upgrade 0001_assets -> 0002_merge_to_asset_references, Merge AssetInfo and AssetCacheState into unified asset_references table.
[04:28]   [ComfyUI] Running upgrade 0002_merge_to_asset_references -> 0003_add_metadata_job_id, Add system_metadata and job_id columns to asset_references.
[04:28]   [ComfyUI] Change preview_id FK from assets.id to asset_references.id.
[04:28]   [ComfyUI] Database upgraded from None to 0003_add_metadata_job_id
[04:28]   [ComfyUI] Starting server
[04:28]   [ComfyUI] 
[04:28]   [ComfyUI] To see the GUI go to: http://127.0.0.1:41880
[04:29] Server responding, waiting for nodes to load...
[04:49] Server is ready!
[04:49] Checking for import errors in server logs...
[04:49] No import errors detected
[04:49] Found 1170 registered nodes
[04:49] [REGISTRATION] PASSED
[04:49] 
[04:49] [4/5] INSTANTIATION
[04:49] ----------------------------------------
[04:49] 
[DEBUG] server=<comfy_test.comfyui.server.ComfyUIServer object at 0x71c737355780>, api=<comfy_test.comfyui.api.ComfyUIAPI object at 0x71c737092440>
[04:49] Testing node constructors...
[04:50] All 15 node(s) instantiated successfully!
[04:50] [INSTANTIATION] PASSED
[04:50] 
[04:50] [5/5] EXECUTION
[04:50] ----------------------------------------
[04:50] 
[DEBUG] server=<comfy_test.comfyui.server.ComfyUIServer object at 0x71c737355780>, api=<comfy_test.comfyui.api.ComfyUIAPI object at 0x71c737092440>
[04:50] GPU runner - will execute 4 workflow(s)
[04:50] Running 5 workflow(s) (all with videos)...
[04:50] Installing screenshot dependencies (playwright, pillow)...
[04:51]   Packages installed, downloading chromium browser...
[05:16]   Screenshot dependencies installed successfully
[05:16] Starting headless browser...
[05:17]   Installing Vulkan stack (apt)...
[05:17]   Vulkan install error: [Errno 2] No such file or directory: 'sudo'
[05:17]   GPU detected (no Vulkan) -- using ANGLE/OpenGL rendering
[05:17] Capturing execution frames: multiple_masks.json
[05:19]   [ComfyUI] [DEPRECATION WARNING] Detected import of deprecated legacy API: /extensions/core/widgetInputs.js. This is likely caused by a custom node extension using outdated APIs. Please update your extensions or contact the extension author for an updated version.
[05:26]   Frame 1 saved (frame_000.jpg, t=0.0s)
[05:26]   Validating workflow...
[05:26]   [ComfyUI] === /validate endpoint called ===
[05:26]   [ComfyUI] Received JSON with keys: ['prompt']
[05:26]   [ComfyUI] Prompt has 8 nodes
[05:26]   Queuing workflow for execution...
[05:26]   [ComfyUI]   Node 4: PreviewImage
[05:26]   [ComfyUI]     Inputs: {"images": ["16", 1]}
[05:26]   [ComfyUI]   Node 16: SAM3DBodyProcessMultiple
[05:26]   [ComfyUI]     Inputs: {"inference_type": "full", "adjust_position_from_depth": false, "model": ["24", 0], "image": ["36", 0], "masks": ["39", 0]}
[05:26]   [ComfyUI]   Node 18: SAM3DBodyExportMultipleFBX
[05:26]   [ComfyUI]     Inputs: {"output_filename": "sam3d_multi_rigged.fbx", "combine": true, "multi_mesh_data": ["16", 0]}
[05:26]   [ComfyUI]   Node 24: LoadSAM3DBodyModel
[05:26]   [ComfyUI]     Inputs: {"precision": "auto"}
[05:26]   [ComfyUI]   Node 29: Preview3D
[05:26]   [ComfyUI]     Inputs: {"model_file": ["18", 0], "image": ""}
[05:26]   [ComfyUI] [comfy-env] SubprocessWorker: /tmp/comfytest-home/.ce/.pixi/envs/sam3dbody-nodes/bin/python
[05:26]   [ComfyUI] [comfy-env] env_vars: {'COMFYUI_BASE': '/workspaces/SAM3DBody-1940/ComfyUI'}
[05:26]   [ComfyUI]   Node 35: MultibandLoad
[05:26]   [ComfyUI] [ComfyUI-SAM3DBody] python: /tmp/comfytest-home/.ce/.pixi/envs/sam3dbody-nodes/bin/python
[05:26]   [ComfyUI]     Inputs: {"image": "people.npz", "normalize": true}
[05:26]   [ComfyUI] [ComfyUI-SAM3DBody] sys_path sent to worker: ['/workspaces/SAM3DBody-1940/ComfyUI', '/workspaces/SAM3DBody-1940/ComfyUI/custom_nodes/ComfyUI-SAM3DBody', '/tmp/comfytest-home/.ce/.pixi/envs/sam3dbody-nodes/lib/python3.12/site-packages', '/workspaces/SAM3DBody-1940/ComfyUI/custom_nodes/ComfyUI-SAM3DBody']
[05:26]   [ComfyUI]   Node 36: MultibandToImage
[05:26]   [ComfyUI] [SubprocessWorker] is_pixi=True, python=/tmp/comfytest-home/.ce/.pixi/envs/sam3dbody-nodes/bin/python
[05:26]   [ComfyUI]     Inputs: {"channels": "0,1,2", "multiband": ["35", 0]}
[05:26]   [ComfyUI] [SubprocessWorker] launching cmd=['/tmp/comfytest-home/.pixi/bin/pixi', 'run', '--as-is', '--manifest-path', '/tmp/comfytest-home/.ce/pixi.toml', '-e', 'sam3dbody-nodes', 'python', '/tmp/comfyui_pvenv__mdy_68_/persistent_worker.py', 'abstract://comfy_worker_06b42638b8ee']...
[05:26]   [ComfyUI]   Node 39: MultibandToMasks
[05:26]   [ComfyUI] [SubprocessWorker] socket_addr=abstract://comfy_worker_06b42638b8ee (abstract, no filesystem path)
[05:26]   [ComfyUI]     Inputs: {"channels": "0", "auto_detect_masks": true, "multiband": ["35", 0]}
[05:26]   [ComfyUI] Generated prompt_id: 7baa6acd-6b46-4b63-a842-d8bd4e780e66
[05:26]   [ComfyUI] Calling execution.validate_prompt()...
[05:26]   [ComfyUI] Validation result: valid=True
[05:26]   [ComfyUI] === Validation PASSED ===
[05:26]   [ComfyUI] got prompt
[05:26]   [ComfyUI] [comfy-env] Running LoadSAM3DBodyModel: precision: 'auto'
[05:26]   [ComfyUI] [VRAM] Before LoadSAM3DBodyModel: 302 / 24124 MB
[05:26]   [ComfyUI] [SubprocessWorker] call_method: nodes.load_model.LoadSAM3DBodyModel.EXECUTE_NORMALIZED
[05:26]   [ComfyUI] [SubprocessWorker] acquired lock, ensuring started...
[05:28]   [ComfyUI] [worker:ComfyUI-SAM3DBody] ERROR: Failed to import comfy_kitchen, Error: No module named 'comfy_kitchen', fp8 and fp4 support will not be available.
[05:28]   [ComfyUI] [SubprocessWorker] worker started/confirmed
[05:28]   [ComfyUI] [SubprocessWorker] serializing kwargs to shm...
[05:28]   [ComfyUI] [SubprocessWorker] created 0 shm blocks
[05:28]   [ComfyUI] [SubprocessWorker] sending request via socket...
[05:28]   [ComfyUI] [SubprocessWorker] call_id=1 sending call_method
[05:28]   Frame 2 saved (frame_001.jpg, t=2.6s)
[05:28]   [capture-periodic] freeze=5ms shot=204ms unfreeze=6ms saved=True
[05:29]   [ComfyUI] 
[05:29]   [ComfyUI] Downloading (incomplete total...): 0.00B [00:00, ?B/s]
[05:29]   [ComfyUI] 
[05:30]   [ComfyUI] Fetching 4 files:   0%|          | 0/4 [00:00<?, ?it/s][AWarning: You are sending unauthenticated requests to the HF Hub. Please set a HF_TOKEN to enable higher rate limits and faster downloads.
[05:30]   [ComfyUI] [worker:ComfyUI-SAM3DBody] WARNING: Warning: You are sending unauthenticated requests to the HF Hub. Please set a HF_TOKEN to enable higher rate limits and faster downloads.
[05:30]   [ComfyUI] 
[05:30]   [ComfyUI] Downloading (incomplete total...):   0%|          | 0.00/2.13G [00:00<?, ?B/s]
[05:30]   [ComfyUI] Downloading (incomplete total...):   0%|          | 0.00/2.13G [00:00<?, ?B/s][SubprocessWorker] callback 'report_progress' from call_id=1
[05:30]   [ComfyUI] [SubprocessWorker] callback 'report_progress' from call_id=1
[05:30]   [ComfyUI] 
[05:30]   [ComfyUI] 
[05:30]   [ComfyUI] Fetching 4 files:  25%|██▌       | 1/4 [00:00<00:00,  3.69it/s][A[SubprocessWorker] callback 'report_progress' from call_id=1
[05:30]   [ComfyUI] 
[05:30]   Frame 3 saved (frame_002.jpg, t=4.9s)
[05:30]   [capture-periodic] freeze=3ms shot=196ms unfreeze=8ms saved=True
[05:31]   [ComfyUI] Downloading (incomplete total...):   0%|          | 3.01k/2.83G [00:00<80:18:31, 9.78kB/s]
[05:31]   [ComfyUI] Downloading (incomplete total...):   0%|          | 6.99M/2.83G [00:01<08:53, 5.29MB/s]   [SubprocessWorker] callback 'report_progress' from call_id=1
[05:31]   [ComfyUI] 
[05:31]   [ComfyUI] Downloading (incomplete total...):   6%|▌         | 176M/2.83G [00:01<00:17, 148MB/s]  [SubprocessWorker] callback 'report_progress' from call_id=1
[05:32]   [ComfyUI] 
[05:32]   [ComfyUI] Downloading (incomplete total...):  14%|█▎        | 385M/2.83G [00:02<00:07, 308MB/s][SubprocessWorker] callback 'report_progress' from call_id=1
[05:32]   [capture-loop] iter=50 t=6.3s state={'complete': False, 'error': None, 'executedCount': 0, 'wsState': 1} eval_ms=4 ram=5.2/31.2GB (17%) swap=1.0/32.0GB (3%) cpu=5% browser_rss=0.89GB
[05:32]   [ComfyUI] 
[05:32]   [ComfyUI] Downloading (incomplete total...):  24%|██▍       | 683M/2.83G [00:02<00:04, 530MB/s][SubprocessWorker] callback 'report_progress' from call_id=1
[05:32]   [ComfyUI] [SubprocessWorker] callback 'report_progress' from call_id=1
[05:32]   [ComfyUI] 
[05:32]   [ComfyUI] 
[05:32]   [ComfyUI] Fetching 4 files:  50%|█████     | 2/4 [00:02<00:03,  1.52s/it][A[SubprocessWorker] callback 'report_progress' from call_id=1
[05:33]   [ComfyUI] [SubprocessWorker] callback 'report_progress' from call_id=1
[05:33]   [ComfyUI] 
[05:33]   [ComfyUI] Downloading (incomplete total...):  31%|███       | 879M/2.83G [00:03<00:07, 266MB/s][SubprocessWorker] callback 'report_progress' from call_id=1
[05:33]   [ComfyUI] [SubprocessWorker] callback 'report_progress' from call_id=1
[05:34]   [ComfyUI] [SubprocessWorker] callback 'report_progress' from call_id=1
[05:34]   [ComfyUI] 
[05:34]   [ComfyUI] Downloading (incomplete total...):  34%|███▎      | 952M/2.83G [00:04<00:08, 210MB/s][SubprocessWorker] callback 'report_progress' from call_id=1
[05:34]   [ComfyUI] 
[05:34]   [ComfyUI] Downloading (incomplete total...):  35%|███▌      | 1.00G/2.83G [00:05<00:09, 183MB/s][SubprocessWorker] callback 'report_progress' from call_id=1
[05:35]   [ComfyUI] [SubprocessWorker] callback 'report_progress' from call_id=1
[05:35]   [ComfyUI] [SubprocessWorker] callback 'report_progress' from call_id=1
[05:35]   [ComfyUI] 
[05:35]   [ComfyUI] Downloading (incomplete total...):  39%|███▉      | 1.11G/2.83G [00:06<00:11, 154MB/s][SubprocessWorker] callback 'report_progress' from call_id=1
[05:36]   [ComfyUI] [SubprocessWorker] callback 'report_progress' from call_id=1
[05:36]   [ComfyUI] 
[05:36]   [ComfyUI] Downloading (incomplete total...):  40%|████      | 1.15G/2.83G [00:06<00:14, 120MB/s][SubprocessWorker] callback 'report_progress' from call_id=1
[05:36]   [ComfyUI] 
[05:36]   [ComfyUI] Downloading (incomplete total...):  43%|████▎     | 1.20G/2.83G [00:07<00:12, 135MB/s][SubprocessWorker] callback 'report_progress' from call_id=1
[05:37]   [ComfyUI] 
[05:37]   [ComfyUI] Downloading (incomplete total...):  44%|████▍     | 1.25G/2.83G [00:07<00:13, 121MB/s][SubprocessWorker] callback 'report_progress' from call_id=1
[05:37]   [ComfyUI] 
[05:37]   [ComfyUI] Downloading (incomplete total...):  46%|████▋     | 1.31G/2.83G [00:08<00:12, 123MB/s][SubprocessWorker] callback 'report_progress' from call_id=1
[05:38]   [capture-loop] iter=100 t=12.4s state={'complete': False, 'error': None, 'executedCount': 0, 'wsState': 1} eval_ms=5 ram=5.2/31.2GB (17%) swap=1.0/32.0GB (3%) cpu=7% browser_rss=0.89GB
[05:38]   [ComfyUI] 
[05:38]   [ComfyUI] Downloading (incomplete total...):  48%|████▊     | 1.36G/2.83G [00:08<00:10, 137MB/s][SubprocessWorker] callback 'report_progress' from call_id=1
[05:38]   [ComfyUI] 
[05:38]   [ComfyUI] Downloading (incomplete total...):  50%|████▉     | 1.41G/2.83G [00:08<00:09, 150MB/s][SubprocessWorker] callback 'report_progress' from call_id=1
[05:38]   [ComfyUI] 
[05:38]   [ComfyUI] Downloading (incomplete total...):  52%|█████▏    | 1.48G/2.83G [00:09<00:09, 145MB/s][SubprocessWorker] callback 'report_progress' from call_id=1
[05:39]   [ComfyUI] 
[05:39]   [ComfyUI] Downloading (incomplete total...):  53%|█████▎    | 1.50G/2.83G [00:09<00:12, 110MB/s][SubprocessWorker] callback 'report_progress' from call_id=1
[05:40]   [ComfyUI] 
[05:40]   [ComfyUI] Downloading (incomplete total...):  58%|█████▊    | 1.65G/2.83G [00:10<00:10, 114MB/s][SubprocessWorker] callback 'report_progress' from call_id=1
[05:41]   [ComfyUI] 
[05:41]   [ComfyUI] Downloading (incomplete total...):  61%|██████    | 1.71G/2.83G [00:11<00:09, 117MB/s][SubprocessWorker] callback 'report_progress' from call_id=1
[05:41]   [ComfyUI] [SubprocessWorker] callback 'report_progress' from call_id=1
[05:42]   [ComfyUI] 
[05:42]   [ComfyUI] Downloading (incomplete total...):  64%|██████▍   | 1.81G/2.83G [00:12<00:10, 101MB/s][SubprocessWorker] callback 'report_progress' from call_id=1
[05:42]   [ComfyUI] 
[05:42]   [ComfyUI] Downloading (incomplete total...):  65%|██████▌   | 1.84G/2.83G [00:12<00:09, 102MB/s][SubprocessWorker] callback 'report_progress' from call_id=1
[05:43]   [ComfyUI] 
[05:43]   [ComfyUI] Downloading (incomplete total...):  70%|██████▉   | 1.97G/2.83G [00:13<00:06, 142MB/s][SubprocessWorker] callback 'report_progress' from call_id=1
[05:43]   [capture-loop] iter=150 t=18.1s state={'complete': False, 'error': None, 'executedCount': 0, 'wsState': 1} eval_ms=3 ram=5.3/31.2GB (17%) swap=1.0/32.0GB (3%) cpu=8% browser_rss=0.89GB
[05:44]   [ComfyUI] 
[05:44]   [ComfyUI] Downloading (incomplete total...):  72%|███████▏  | 2.04G/2.83G [00:14<00:07, 111MB/s][SubprocessWorker] callback 'report_progress' from call_id=1
[05:44]   [ComfyUI] 
[05:44]   [ComfyUI] Downloading (incomplete total...):  77%|███████▋  | 2.17G/2.83G [00:14<00:04, 162MB/s][SubprocessWorker] callback 'report_progress' from call_id=1
[05:44]   [ComfyUI] 
[05:44]   [ComfyUI] Downloading (incomplete total...):  79%|███████▊  | 2.23G/2.83G [00:15<00:04, 150MB/s][SubprocessWorker] callback 'report_progress' from call_id=1
[05:46]   [ComfyUI] 
[05:46]   [ComfyUI] Downloading (incomplete total...):  82%|████████▏ | 2.33G/2.83G [00:16<00:04, 118MB/s][SubprocessWorker] callback 'report_progress' from call_id=1
[05:46]   [ComfyUI] [SubprocessWorker] callback 'report_progress' from call_id=1
[05:47]   [ComfyUI] 
[05:47]   [ComfyUI] Downloading (incomplete total...):  88%|████████▊ | 2.48G/2.83G [00:17<00:03, 109MB/s][SubprocessWorker] callback 'report_progress' from call_id=1
[05:47]   [ComfyUI] 
[05:47]   [ComfyUI] Downloading (incomplete total...):  92%|█████████▏| 2.59G/2.83G [00:18<00:01, 142MB/s][SubprocessWorker] callback 'report_progress' from call_id=1
[05:48]   [ComfyUI] 
[05:48]   [ComfyUI] Downloading (incomplete total...):  99%|█████████▊| 2.79G/2.83G [00:19<00:00, 162MB/s][SubprocessWorker] callback 'report_progress' from call_id=1
[05:49]   [ComfyUI] [SubprocessWorker] callback 'report_progress' from call_id=1
[05:49]   [ComfyUI] 
[05:49]   [ComfyUI] Downloading (incomplete total...): 2.83GB [00:19, 146MB/s]                            [SubprocessWorker] callback 'report_progress' from call_id=1
[05:49]   [capture-loop] iter=200 t=24.2s state={'complete': False, 'error': None, 'executedCount': 0, 'wsState': 1} eval_ms=3 ram=5.4/31.2GB (17%) swap=1.0/32.0GB (3%) cpu=7% browser_rss=0.82GB
[05:50]   [ComfyUI] 
[05:50]   [ComfyUI] 
[05:50]   [ComfyUI] Fetching 4 files:  75%|███████▌  | 3/4 [00:20<00:08,  8.78s/it][A[SubprocessWorker] callback 'report_progress' from call_id=1
[05:50]   [ComfyUI] 
[05:50]   [ComfyUI] Fetching 4 files: 100%|██████████| 4/4 [00:20<00:00,  5.02s/it]
[05:50]   [ComfyUI] 
[05:50]   [ComfyUI] Download complete: : 2.83GB [00:20, 146MB/s]              [SubprocessWorker] got response: ok
[05:50]   [ComfyUI] [comfy-env] LoadSAM3DBodyModel done (23.90s): result: NodeOutput
[05:50]   [ComfyUI] [VRAM] After LoadSAM3DBodyModel: 563 / 24124 MB
[05:50]   [ComfyUI] LoadMultibandImage: Loaded /workspaces/SAM3DBody-1940/ComfyUI/input/people.npz
[05:50]   [ComfyUI]   Shape: (1, 9, 720, 1280)
[05:50]   [ComfyUI]   Channels: 9
[05:50]   [ComfyUI]   Names: img_01_r,img_01_g,img_01_b,mask_01,mask_02,mask_03,mask_04,mask_05,mask_06
[05:50]   [ComfyUI] MultibandToMasks: Auto-detected 6 mask channels: ['mask_01', 'mask_02', 'mask_03', 'mask_04', 'mask_05', 'mask_06']
[05:50]   [ComfyUI] [comfy-env] Running SAM3DBodyProcessMultiple: inference_type: 'full', adjust_position_from_depth: False, model: dict, image: torch.float32 [1,720,1280,3] cpu, masks: torch.float32 [6,720,1280] cpu
[05:50]   [ComfyUI] [VRAM] Before SAM3DBodyProcessMultiple: 563 / 24124 MB
[05:50]   [ComfyUI] [SubprocessWorker] call_method: nodes.process_multiple.SAM3DBodyProcessMultiple.EXECUTE_NORMALIZED
[05:50]   [ComfyUI] [SubprocessWorker] acquired lock, ensuring started...
[05:50]   [ComfyUI] [ComfyUI-SAM3DBody] Health check: ping (timeout=5.0s)...
[05:50]   [ComfyUI] [ComfyUI-SAM3DBody] Health check: ok
[05:50]   [ComfyUI] [SubprocessWorker] worker started/confirmed
[05:50]   [ComfyUI] [comfy-env] PRE-SERIALIZE 'image' shape: torch.Size([1, 720, 1280, 3])
[05:50]   [ComfyUI] [comfy-env] PRE-SERIALIZE 'masks' shape: torch.Size([6, 720, 1280])
[05:50]   [ComfyUI] [SubprocessWorker] serializing kwargs to shm...
[05:50]   [ComfyUI] [SubprocessWorker] created 0 shm blocks
[05:50]   [ComfyUI] [SubprocessWorker] sending request via socket...
[05:50]   [ComfyUI] [SubprocessWorker] call_id=2 sending call_method
[05:50]   [ComfyUI] [worker:ComfyUI-SAM3DBody] [comfy-env] _from_shm got dict with keys: ['__type__', 'strategy', 'parent_pid', 'fd', 'storage_size']
[05:50]   [ComfyUI] [worker:ComfyUI-SAM3DBody] [comfy-env] DESERIALIZE TensorRef: tensor_size=[1, 720, 1280, 3]
[05:50]   [ComfyUI] [worker:ComfyUI-SAM3DBody] [comfy-env] DESERIALIZED tensor shape: torch.Size([1, 720, 1280, 3])
[05:50]   [ComfyUI] [worker:ComfyUI-SAM3DBody] [comfy-env] _from_shm got dict with keys: ['__type__', 'strategy', 'parent_pid', 'fd', 'storage_size']
[05:50]   [ComfyUI] [worker:ComfyUI-SAM3DBody] [comfy-env] DESERIALIZE TensorRef: tensor_size=[6, 720, 1280]
[05:50]   [ComfyUI] [worker:ComfyUI-SAM3DBody] [comfy-env] DESERIALIZED tensor shape: torch.Size([6, 720, 1280])
[05:51]   Frame 4 saved (frame_003.jpg, t=25.2s)
[05:51]   [capture-periodic] freeze=3ms shot=218ms unfreeze=6ms saved=True
[05:52]   [ComfyUI] 
[05:52]   [ComfyUI] Download complete: : 2.83GB [00:22, 127MB/s]
[05:54]   [ComfyUI] /workspaces/SAM3DBody-1940/ComfyUI/custom_nodes/ComfyUI-SAM3DBody/nodes/sam_3d_body/heads.py:40: UserWarning: Momentum is not enabled
[05:54]   [ComfyUI]   warnings.warn("Momentum is not enabled")
[05:55]   [ComfyUI] [worker:ComfyUI-SAM3DBody] WARNING: No comfy kitchen, using old apply_rope functions.
[05:55]   [capture-loop] iter=250 t=30.2s state={'complete': False, 'error': None, 'executedCount': 0, 'wsState': 1} eval_ms=2 ram=5.6/31.2GB (18%) swap=1.0/32.0GB (3%) cpu=7% browser_rss=0.82GB
[05:59]   [ComfyUI] [SubprocessWorker] callback 'request_vram_budget' from call_id=2
[05:59]   [ComfyUI] [comfy-env] VRAM request: 3.30GB, free before eviction: 24.71GB
[05:59]   [ComfyUI] [comfy-env] VRAM after eviction: 24.71GB
[05:59]   [ComfyUI] [worker:ComfyUI-SAM3DBody] [VRAM] +633MB (now 633MB) reserved=640MB peak=633MB
[06:00]   [ComfyUI] [SubprocessWorker] callback 'report_progress' from call_id=2
[06:00]   [ComfyUI] [SubprocessWorker] callback 'report_progress' from call_id=2
[06:00]   [ComfyUI] [worker:ComfyUI-SAM3DBody] [VRAM] +2640MB (now 3273MB) reserved=3328MB peak=3273MB
[06:01]   [ComfyUI] [worker:ComfyUI-SAM3DBody] ERROR: Error running sage attention: Failed to find C compiler. Please specify via CC environment variable or set triton.knobs.build.impl., using pytorch attention instead.
[06:01]   [ComfyUI] [worker:ComfyUI-SAM3DBody] ERROR: Error running sage attention: Failed to find C compiler. Please specify via CC environment variable or set triton.knobs.build.impl., using pytorch attention instead.
[06:01]   [ComfyUI] [worker:ComfyUI-SAM3DBody] ERROR: Error running sage attention: Failed to find C compiler. Please specify via CC environment variable or set triton.knobs.build.impl., using pytorch attention instead.
[06:01]   [ComfyUI] [worker:ComfyUI-SAM3DBody] ERROR: Error running sage attention: Failed to find C compiler. Please specify via CC environment variable or set triton.knobs.build.impl., using pytorch attention instead.
[06:01]   [capture-loop] iter=300 t=36.0s state={'complete': False, 'error': None, 'executedCount': 0, 'wsState': 1} eval_ms=3 ram=6.7/31.2GB (22%) swap=1.0/32.0GB (3%) cpu=6% browser_rss=0.82GB
[06:02]   [ComfyUI] [worker:ComfyUI-SAM3DBody] ERROR: Error running sage attention: Failed to find C compiler. Please specify via CC environment variable or set triton.knobs.build.impl., using pytorch attention instead.
[06:02]   [ComfyUI] [worker:ComfyUI-SAM3DBody] ERROR: Error running sage attention: Failed to find C compiler. Please specify via CC environment variable or set triton.knobs.build.impl., using pytorch attention instead.
[06:02]   [ComfyUI] [worker:ComfyUI-SAM3DBody] ERROR: Error running sage attention: Failed to find C compiler. Please specify via CC environment variable or set triton.knobs.build.impl., using pytorch attention instead.
[06:02]   [ComfyUI] [worker:ComfyUI-SAM3DBody] ERROR: Error running sage attention: Failed to find C compiler. Please specify via CC environment variable or set triton.knobs.build.impl., using pytorch attention instead.
[06:02]   [ComfyUI] [worker:ComfyUI-SAM3DBody] ERROR: Error running sage attention: Failed to find C compiler. Please specify via CC environment variable or set triton.knobs.build.impl., using pytorch attention instead.
[06:02]   [ComfyUI] [worker:ComfyUI-SAM3DBody] ERROR: Error running sage attention: Failed to find C compiler. Please specify via CC environment variable or set triton.knobs.build.impl., using pytorch attention instead.
[06:02]   Frame 5 saved (frame_004.jpg, t=36.5s)
[06:02]   [capture-periodic] freeze=3ms shot=203ms unfreeze=6ms saved=True
[06:02]   [ComfyUI] [worker:ComfyUI-SAM3DBody] ERROR: Error running sage attention: Failed to find C compiler. Please specify via CC environment variable or set triton.knobs.build.impl., using pytorch attention instead.
[06:02]   [ComfyUI] [worker:ComfyUI-SAM3DBody] ERROR: Error running sage attention: Failed to find C compiler. Please specify via CC environment variable or set triton.knobs.build.impl., using pytorch attention instead.
[06:02]   [ComfyUI] [worker:ComfyUI-SAM3DBody] ERROR: Error running sage attention: Failed to find C compiler. Please specify via CC environment variable or set triton.knobs.build.impl., using pytorch attention instead.
[06:02]   [ComfyUI] [worker:ComfyUI-SAM3DBody] ERROR: Error running sage attention: Failed to find C compiler. Please specify via CC environment variable or set triton.knobs.build.impl., using pytorch attention instead.
[06:03]   [ComfyUI] [worker:ComfyUI-SAM3DBody] ERROR: Error running sage attention: Failed to find C compiler. Please specify via CC environment variable or set triton.knobs.build.impl., using pytorch attention instead.
[06:03]   [ComfyUI] [worker:ComfyUI-SAM3DBody] ERROR: Error running sage attention: Failed to find C compiler. Please specify via CC environment variable or set triton.knobs.build.impl., using pytorch attention instead.
[06:04]   [ComfyUI] [worker:ComfyUI-SAM3DBody] ERROR: Error running sage attention: Failed to find C compiler. Please specify via CC environment variable or set triton.knobs.build.impl., using pytorch attention instead.
[06:04]   [ComfyUI] [worker:ComfyUI-SAM3DBody] ERROR: Error running sage attention: Failed to find C compiler. Please specify via CC environment variable or set triton.knobs.build.impl., using pytorch attention instead.
[06:04]   [ComfyUI] [worker:ComfyUI-SAM3DBody] ERROR: Error running sage attention: Failed to find C compiler. Please specify via CC environment variable or set triton.knobs.build.impl., using pytorch attention instead.
[06:04]   [ComfyUI] [worker:ComfyUI-SAM3DBody] ERROR: Error running sage attention: Failed to find C compiler. Please specify via CC environment variable or set triton.knobs.build.impl., using pytorch attention instead.
[06:04]   [ComfyUI] [worker:ComfyUI-SAM3DBody] ERROR: Error running sage attention: Failed to find C compiler. Please specify via CC environment variable or set triton.knobs.build.impl., using pytorch attention instead.
[06:04]   [ComfyUI] [worker:ComfyUI-SAM3DBody] ERROR: Error running sage attention: Failed to find C compiler. Please specify via CC environment variable or set triton.knobs.build.impl., using pytorch attention instead.
[06:04]   [ComfyUI] [worker:ComfyUI-SAM3DBody] ERROR: Error running sage attention: Failed to find C compiler. Please specify via CC environment variable or set triton.knobs.build.impl., using pytorch attention instead.
[06:04]   [ComfyUI] [worker:ComfyUI-SAM3DBody] ERROR: Error running sage attention: Failed to find C compiler. Please specify via CC environment variable or set triton.knobs.build.impl., using pytorch attention instead.
[06:04]   [ComfyUI] [worker:ComfyUI-SAM3DBody] ERROR: Error running sage attention: Failed to find C compiler. Please specify via CC environment variable or set triton.knobs.build.impl., using pytorch attention instead.
[06:04]   [ComfyUI] [worker:ComfyUI-SAM3DBody] ERROR: Error running sage attention: Failed to find C compiler. Please specify via CC environment variable or set triton.knobs.build.impl., using pytorch attention instead.
[06:04]   [ComfyUI] [worker:ComfyUI-SAM3DBody] ERROR: Error running sage attention: Failed to find C compiler. Please specify via CC environment variable or set triton.knobs.build.impl., using pytorch attention instead.
[06:04]   [ComfyUI] [worker:ComfyUI-SAM3DBody] ERROR: Error running sage attention: Failed to find C compiler. Please specify via CC environment variable or set triton.knobs.build.impl., using pytorch attention instead.
[06:04]   [ComfyUI] [worker:ComfyUI-SAM3DBody] ERROR: Error running sage attention: Failed to find C compiler. Please specify via CC environment variable or set triton.knobs.build.impl., using pytorch attention instead.
[06:04]   [ComfyUI] [worker:ComfyUI-SAM3DBody] ERROR: Error running sage attention: Failed to find C compiler. Please specify via CC environment variable or set triton.knobs.build.impl., using pytorch attention instead.
[06:04]   [ComfyUI] [worker:ComfyUI-SAM3DBody] ERROR: Error running sage attention: Failed to find C compiler. Please specify via CC environment variable or set triton.knobs.build.impl., using pytorch attention instead.
[06:04]   [ComfyUI] [worker:ComfyUI-SAM3DBody] ERROR: Error running sage attention: Failed to find C compiler. Please specify via CC environment variable or set triton.knobs.build.impl., using pytorch attention instead.
[06:04]   [ComfyUI] [worker:ComfyUI-SAM3DBody] ERROR: Error running sage attention: Failed to find C compiler. Please specify via CC environment variable or set triton.knobs.build.impl., using pytorch attention instead.
[06:04]   [ComfyUI] [worker:ComfyUI-SAM3DBody] ERROR: Error running sage attention: Failed to find C compiler. Please specify via CC environment variable or set triton.knobs.build.impl., using pytorch attention instead.
[06:04]   [ComfyUI] [worker:ComfyUI-SAM3DBody] ERROR: Error running sage attention: Failed to find C compiler. Please specify via CC environment variable or set triton.knobs.build.impl., using pytorch attention instead.
[06:04]   [ComfyUI] [worker:ComfyUI-SAM3DBody] ERROR: Error running sage attention: Failed to find C compiler. Please specify via CC environment variable or set triton.knobs.build.impl., using pytorch attention instead.
[06:04]   [ComfyUI] [worker:ComfyUI-SAM3DBody] ERROR: Error running sage attention: Failed to find C compiler. Please specify via CC environment variable or set triton.knobs.build.impl., using pytorch attention instead.
[06:04]   [ComfyUI] [worker:ComfyUI-SAM3DBody] ERROR: Error running sage attention: Failed to find C compiler. Please specify via CC environment variable or set triton.knobs.build.impl., using pytorch attention instead.
[06:04]   [ComfyUI] [worker:ComfyUI-SAM3DBody] ERROR: Error running sage attention: Failed to find C compiler. Please specify via CC environment variable or set triton.knobs.build.impl., using pytorch attention instead.
[06:04]   [ComfyUI] [worker:ComfyUI-SAM3DBody] ERROR: Error running sage attention: Failed to find C compiler. Please specify via CC environment variable or set triton.knobs.build.impl., using pytorch attention instead.
[06:04]   [ComfyUI] [worker:ComfyUI-SAM3DBody] ERROR: Error running sage attention: Failed to find C compiler. Please specify via CC environment variable or set triton.knobs.build.impl., using pytorch attention instead.
[06:04]   [ComfyUI] [worker:ComfyUI-SAM3DBody] ERROR: Error running sage attention: Failed to find C compiler. Please specify via CC environment variable or set triton.knobs.build.impl., using pytorch attention instead.
[06:04]   [ComfyUI] [worker:ComfyUI-SAM3DBody] ERROR: Error running sage attention: Failed to find C compiler. Please specify via CC environment variable or set triton.knobs.build.impl., using pytorch attention instead.
[06:04]   [ComfyUI] [worker:ComfyUI-SAM3DBody] ERROR: Error running sage attention: Failed to find C compiler. Please specify via CC environment variable or set triton.knobs.build.impl., using pytorch attention instead.
[06:04]   [ComfyUI] [worker:ComfyUI-SAM3DBody] ERROR: Error running sage attention: Failed to find C compiler. Please specify via CC environment variable or set triton.knobs.build.impl., using pytorch attention instead.
[06:04]   [ComfyUI] [worker:ComfyUI-SAM3DBody] ERROR: Error running sage attention: Failed to find C compiler. Please specify via CC environment variable or set triton.knobs.build.impl., using pytorch attention instead.
[06:05]   [ComfyUI] [worker:ComfyUI-SAM3DBody] ERROR: Error running sage attention: Failed to find C compiler. Please specify via CC environment variable or set triton.knobs.build.impl., using pytorch attention instead.
[06:05]   [ComfyUI] [worker:ComfyUI-SAM3DBody] ERROR: Error running sage attention: Failed to find C compiler. Please specify via CC environment variable or set triton.knobs.build.impl., using pytorch attention instead.
[06:05]   [ComfyUI] [SubprocessWorker] callback 'report_progress' from call_id=2
[06:05]   [ComfyUI] [SubprocessWorker] callback 'report_progress' from call_id=2
[06:05]   [ComfyUI] [SubprocessWorker] got response: ok
[06:05]   [ComfyUI] [comfy-env] Created 1 model patchers: ['SAM3DBody_1']
[06:05]   [ComfyUI] [comfy-env] SAM3DBodyProcessMultiple done (15.18s): result: NodeOutput
[06:05]   [ComfyUI] [VRAM] After SAM3DBodyProcessMultiple: 4391 / 24124 MB
[06:05]   [ComfyUI] [VRAM] Loaded: SubprocessModel (3143 MB)
[06:05]   [ComfyUI] [comfy-env] Running SAM3DBodyExportMultipleFBX: output_filename: 'sam3d_multi_rigged.fbx', combine: True, multi_mesh_data: dict
[06:05]   [ComfyUI] [VRAM] Before SAM3DBodyExportMultipleFBX: 4391 / 24124 MB
[06:05]   [ComfyUI] [VRAM] Loaded: SubprocessModel (3143 MB)
[06:05]   [ComfyUI] [SubprocessWorker] call_method: nodes.export.SAM3DBodyExportMultipleFBX.EXECUTE_NORMALIZED
[06:05]   [ComfyUI] [SubprocessWorker] acquired lock, ensuring started...
[06:05]   [ComfyUI] [ComfyUI-SAM3DBody] Health check: ping (timeout=5.0s)...
[06:05]   [ComfyUI] [ComfyUI-SAM3DBody] Health check: ok
[06:05]   [ComfyUI] [SubprocessWorker] worker started/confirmed
[06:05]   [ComfyUI] [SubprocessWorker] serializing kwargs to shm...
[06:05]   [ComfyUI] [SubprocessWorker] created 0 shm blocks
[06:05]   [ComfyUI] [SubprocessWorker] sending request via socket...
[06:05]   [ComfyUI] [SubprocessWorker] call_id=3 sending call_method
[06:05]   [ComfyUI] [worker:ComfyUI-SAM3DBody] [comfy-env] _from_shm got dict with keys: ['__type__', 'strategy', 'parent_pid', 'fd', 'storage_size']
[06:05]   [ComfyUI] [worker:ComfyUI-SAM3DBody] [comfy-env] DESERIALIZE TensorRef: tensor_size=[4]
[06:05]   [ComfyUI] [worker:ComfyUI-SAM3DBody] [comfy-env] DESERIALIZED tensor shape: torch.Size([4])
[06:05]   [ComfyUI] [worker:ComfyUI-SAM3DBody] [comfy-env] _from_shm got dict with keys: ['__type__', 'strategy', 'parent_pid', 'fd', 'storage_size']
[06:05]   [ComfyUI] [worker:ComfyUI-SAM3DBody] [comfy-env] DESERIALIZE TensorRef: tensor_size=[70, 3]
[06:05]   [ComfyUI] [worker:ComfyUI-SAM3DBody] [comfy-env] DESERIALIZED tensor shape: torch.Size([70, 3])
[06:05]   [ComfyUI] [worker:ComfyUI-SAM3DBody] [comfy-env] _from_shm got dict with keys: ['__type__', 'strategy', 'parent_pid', 'fd', 'storage_size']
[06:05]   [ComfyUI] [worker:ComfyUI-SAM3DBody] [comfy-env] DESERIALIZE TensorRef: tensor_size=[70, 2]
[06:05]   [ComfyUI] [worker:ComfyUI-SAM3DBody] [comfy-env] DESERIALIZED tensor shape: torch.Size([70, 2])
[06:05]   [ComfyUI] [worker:ComfyUI-SAM3DBody] [comfy-env] _from_shm got dict with keys: ['__type__', 'strategy', 'parent_pid', 'fd', 'storage_size']
[06:05]   [ComfyUI] [worker:ComfyUI-SAM3DBody] [comfy-env] DESERIALIZE TensorRef: tensor_size=[18439, 3]
[06:05]   [ComfyUI] [worker:ComfyUI-SAM3DBody] [comfy-env] DESERIALIZED tensor shape: torch.Size([18439, 3])
[06:05]   [ComfyUI] [worker:ComfyUI-SAM3DBody] [comfy-env] _from_shm got dict with keys: ['__type__', 'strategy', 'parent_pid', 'fd', 'storage_size']
[06:05]   [ComfyUI] [worker:ComfyUI-SAM3DBody] [comfy-env] DESERIALIZE TensorRef: tensor_size=[3]
[06:05]   [ComfyUI] [worker:ComfyUI-SAM3DBody] [comfy-env] DESERIALIZED tensor shape: torch.Size([3])
[06:05]   [ComfyUI] [worker:ComfyUI-SAM3DBody] [comfy-env] _from_shm got dict with keys: ['__type__', 'strategy', 'parent_pid', 'fd', 'storage_size']
[06:05]   [ComfyUI] [worker:ComfyUI-SAM3DBody] [comfy-env] DESERIALIZE TensorRef: tensor_size=[266]
[06:05]   [ComfyUI] [worker:ComfyUI-SAM3DBody] [comfy-env] DESERIALIZED tensor shape: torch.Size([266])
[06:05]   [ComfyUI] [worker:ComfyUI-SAM3DBody] [comfy-env] _from_shm got dict with keys: ['__type__', 'strategy', 'parent_pid', 'fd', 'storage_size']
[06:05]   [ComfyUI] [worker:ComfyUI-SAM3DBody] [comfy-env] DESERIALIZE TensorRef: tensor_size=[3]
[06:05]   [ComfyUI] [worker:ComfyUI-SAM3DBody] [comfy-env] DESERIALIZED tensor shape: torch.Size([3])
[06:05]   [ComfyUI] [worker:ComfyUI-SAM3DBody] [comfy-env] _from_shm got dict with keys: ['__type__', 'strategy', 'parent_pid', 'fd', 'storage_size']
[06:05]   [ComfyUI] [worker:ComfyUI-SAM3DBody] [comfy-env] DESERIALIZE TensorRef: tensor_size=[133]
[06:05]   [ComfyUI] [worker:ComfyUI-SAM3DBody] [comfy-env] DESERIALIZED tensor shape: torch.Size([133])
[06:05]   [ComfyUI] [worker:ComfyUI-SAM3DBody] [comfy-env] _from_shm got dict with keys: ['__type__', 'strategy', 'parent_pid', 'fd', 'storage_size']
[06:05]   [ComfyUI] [worker:ComfyUI-SAM3DBody] [comfy-env] DESERIALIZE TensorRef: tensor_size=[108]
[06:05]   [ComfyUI] [worker:ComfyUI-SAM3DBody] [comfy-env] DESERIALIZED tensor shape: torch.Size([108])
[06:05]   [ComfyUI] [worker:ComfyUI-SAM3DBody] [comfy-env] _from_shm got dict with keys: ['__type__', 'strategy', 'parent_pid', 'fd', 'storage_size']
[06:05]   [ComfyUI] [worker:ComfyUI-SAM3DBody] [comfy-env] DESERIALIZE TensorRef: tensor_size=[28]
[06:05]   [ComfyUI] [worker:ComfyUI-SAM3DBody] [comfy-env] DESERIALIZED tensor shape: torch.Size([28])
[06:05]   [ComfyUI] [worker:ComfyUI-SAM3DBody] [comfy-env] _from_shm got dict with keys: ['__type__', 'strategy', 'parent_pid', 'fd', 'storage_size']
[06:05]   [ComfyUI] [worker:ComfyUI-SAM3DBody] [comfy-env] DESERIALIZE TensorRef: tensor_size=[45]
[06:05]   [ComfyUI] [worker:ComfyUI-SAM3DBody] [comfy-env] DESERIALIZED tensor shape: torch.Size([45])
[06:05]   [ComfyUI] [worker:ComfyUI-SAM3DBody] [comfy-env] _from_shm got dict with keys: ['__type__', 'strategy', 'parent_pid', 'fd', 'storage_size']
[06:05]   [ComfyUI] [worker:ComfyUI-SAM3DBody] [comfy-env] DESERIALIZE TensorRef: tensor_size=[72]
[06:05]   [ComfyUI] [worker:ComfyUI-SAM3DBody] [comfy-env] DESERIALIZED tensor shape: torch.Size([72])
[06:05]   [ComfyUI] [worker:ComfyUI-SAM3DBody] [comfy-env] _from_shm got dict with keys: ['__type__', 'strategy', 'parent_pid', 'fd', 'storage_size']
[06:05]   [ComfyUI] [worker:ComfyUI-SAM3DBody] [comfy-env] DESERIALIZE TensorRef: tensor_size=[720, 1280, 1]
[06:05]   [ComfyUI] [worker:ComfyUI-SAM3DBody] [comfy-env] DESERIALIZED tensor shape: torch.Size([720, 1280, 1])
[06:05]   [ComfyUI] [worker:ComfyUI-SAM3DBody] [comfy-env] _from_shm got dict with keys: ['__type__', 'strategy', 'parent_pid', 'fd', 'storage_size']
[06:05]   [ComfyUI] [worker:ComfyUI-SAM3DBody] [comfy-env] DESERIALIZE TensorRef: tensor_size=[127, 3]
[06:05]   [ComfyUI] [worker:ComfyUI-SAM3DBody] [comfy-env] DESERIALIZED tensor shape: torch.Size([127, 3])
[06:05]   [ComfyUI] [worker:ComfyUI-SAM3DBody] [comfy-env] _from_shm got dict with keys: ['__type__', 'strategy', 'parent_pid', 'fd', 'storage_size']
[06:05]   [ComfyUI] [worker:ComfyUI-SAM3DBody] [comfy-env] DESERIALIZE TensorRef: tensor_size=[127, 3, 3]
[06:05]   [ComfyUI] [worker:ComfyUI-SAM3DBody] [comfy-env] DESERIALIZED tensor shape: torch.Size([127, 3, 3])
[06:05]   [ComfyUI] [worker:ComfyUI-SAM3DBody] [comfy-env] _from_shm got dict with keys: ['__type__', 'strategy', 'parent_pid', 'fd', 'storage_size']
[06:05]   [ComfyUI] [worker:ComfyUI-SAM3DBody] [comfy-env] DESERIALIZE TensorRef: tensor_size=[4]
[06:05]   [ComfyUI] [worker:ComfyUI-SAM3DBody] [comfy-env] DESERIALIZED tensor shape: torch.Size([4])
[06:05]   [ComfyUI] [worker:ComfyUI-SAM3DBody] [comfy-env] _from_shm got dict with keys: ['__type__', 'strategy', 'parent_pid', 'fd', 'storage_size']
[06:05]   [ComfyUI] [worker:ComfyUI-SAM3DBody] [comfy-env] DESERIALIZE TensorRef: tensor_size=[4]
[06:05]   [ComfyUI] [worker:ComfyUI-SAM3DBody] [comfy-env] DESERIALIZED tensor shape: torch.Size([4])
[06:05]   [ComfyUI] [worker:ComfyUI-SAM3DBody] [comfy-env] _from_shm got dict with keys: ['__type__', 'strategy', 'parent_pid', 'fd', 'storage_size']
[06:05]   [ComfyUI] [worker:ComfyUI-SAM3DBody] [comfy-env] DESERIALIZE TensorRef: tensor_size=[4]
[06:05]   [ComfyUI] [worker:ComfyUI-SAM3DBody] [comfy-env] DESERIALIZED tensor shape: torch.Size([4])
[06:05]   [ComfyUI] [worker:ComfyUI-SAM3DBody] [comfy-env] _from_shm got dict with keys: ['__type__', 'strategy', 'parent_pid', 'fd', 'storage_size']
[06:06]   [ComfyUI] [worker:ComfyUI-SAM3DBody] [comfy-env] DESERIALIZE TensorRef: tensor_size=[70, 3]
[06:06]   [ComfyUI] [worker:ComfyUI-SAM3DBody] [comfy-env] DESERIALIZED tensor shape: torch.Size([70, 3])
[06:06]   [ComfyUI] [worker:ComfyUI-SAM3DBody] [comfy-env] _from_shm got dict with keys: ['__type__', 'strategy', 'parent_pid', 'fd', 'storage_size']
[06:06]   [ComfyUI] [worker:ComfyUI-SAM3DBody] [comfy-env] DESERIALIZE TensorRef: tensor_size=[70, 2]
[06:06]   [ComfyUI] [worker:ComfyUI-SAM3DBody] [comfy-env] DESERIALIZED tensor shape: torch.Size([70, 2])
[06:06]   [ComfyUI] [worker:ComfyUI-SAM3DBody] [comfy-env] _from_shm got dict with keys: ['__type__', 'strategy', 'parent_pid', 'fd', 'storage_size']
[06:06]   [ComfyUI] [worker:ComfyUI-SAM3DBody] [comfy-env] DESERIALIZE TensorRef: tensor_size=[18439, 3]
[06:06]   [ComfyUI] [worker:ComfyUI-SAM3DBody] [comfy-env] DESERIALIZED tensor shape: torch.Size([18439, 3])
[06:06]   [ComfyUI] [worker:ComfyUI-SAM3DBody] [comfy-env] _from_shm got dict with keys: ['__type__', 'strategy', 'parent_pid', 'fd', 'storage_size']
[06:06]   [ComfyUI] [worker:ComfyUI-SAM3DBody] [comfy-env] DESERIALIZE TensorRef: tensor_size=[3]
[06:06]   [ComfyUI] [worker:ComfyUI-SAM3DBody] [comfy-env] DESERIALIZED tensor shape: torch.Size([3])
[06:06]   [ComfyUI] [worker:ComfyUI-SAM3DBody] [comfy-env] _from_shm got dict with keys: ['__type__', 'strategy', 'parent_pid', 'fd', 'storage_size']
[06:06]   [ComfyUI] [worker:ComfyUI-SAM3DBody] [comfy-env] DESERIALIZE TensorRef: tensor_size=[266]
[06:06]   [ComfyUI] [worker:ComfyUI-SAM3DBody] [comfy-env] DESERIALIZED tensor shape: torch.Size([266])
[06:06]   [ComfyUI] [worker:ComfyUI-SAM3DBody] [comfy-env] _from_shm got dict with keys: ['__type__', 'strategy', 'parent_pid', 'fd', 'storage_size']
[06:06]   [ComfyUI] [worker:ComfyUI-SAM3DBody] [comfy-env] DESERIALIZE TensorRef: tensor_size=[3]
[06:06]   [ComfyUI] [worker:ComfyUI-SAM3DBody] [comfy-env] DESERIALIZED tensor shape: torch.Size([3])
[06:06]   [ComfyUI] [worker:ComfyUI-SAM3DBody] [comfy-env] _from_shm got dict with keys: ['__type__', 'strategy', 'parent_pid', 'fd', 'storage_size']
[06:06]   [ComfyUI] [worker:ComfyUI-SAM3DBody] [comfy-env] DESERIALIZE TensorRef: tensor_size=[133]
[06:06]   [ComfyUI] [worker:ComfyUI-SAM3DBody] [comfy-env] DESERIALIZED tensor shape: torch.Size([133])
[06:06]   [ComfyUI] [worker:ComfyUI-SAM3DBody] [comfy-env] _from_shm got dict with keys: ['__type__', 'strategy', 'parent_pid', 'fd', 'storage_size']
[06:06]   [ComfyUI] [worker:ComfyUI-SAM3DBody] [comfy-env] DESERIALIZE TensorRef: tensor_size=[108]
[06:06]   [ComfyUI] [worker:ComfyUI-SAM3DBody] [comfy-env] DESERIALIZED tensor shape: torch.Size([108])
[06:06]   [ComfyUI] [worker:ComfyUI-SAM3DBody] [comfy-env] _from_shm got dict with keys: ['__type__', 'strategy', 'parent_pid', 'fd', 'storage_size']
[06:06]   [ComfyUI] [worker:ComfyUI-SAM3DBody] [comfy-env] DESERIALIZE TensorRef: tensor_size=[28]
[06:06]   [ComfyUI] [worker:ComfyUI-SAM3DBody] [comfy-env] DESERIALIZED tensor shape: torch.Size([28])
[06:06]   [ComfyUI] [worker:ComfyUI-SAM3DBody] [comfy-env] _from_shm got dict with keys: ['__type__', 'strategy', 'parent_pid', 'fd', 'storage_size']
[06:06]   [ComfyUI] [worker:ComfyUI-SAM3DBody] [comfy-env] DESERIALIZE TensorRef: tensor_size=[45]
[06:06]   [ComfyUI] [worker:ComfyUI-SAM3DBody] [comfy-env] DESERIALIZED tensor shape: torch.Size([45])
[06:06]   [ComfyUI] [worker:ComfyUI-SAM3DBody] [comfy-env] _from_shm got dict with keys: ['__type__', 'strategy', 'parent_pid', 'fd', 'storage_size']
[06:06]   [ComfyUI] [worker:ComfyUI-SAM3DBody] [comfy-env] DESERIALIZE TensorRef: tensor_size=[72]
[06:06]   [ComfyUI] [worker:ComfyUI-SAM3DBody] [comfy-env] DESERIALIZED tensor shape: torch.Size([72])
[06:06]   [ComfyUI] [worker:ComfyUI-SAM3DBody] [comfy-env] _from_shm got dict with keys: ['__type__', 'strategy', 'parent_pid', 'fd', 'storage_size']
[06:06]   [ComfyUI] [worker:ComfyUI-SAM3DBody] [comfy-env] DESERIALIZE TensorRef: tensor_size=[720, 1280, 1]
[06:06]   [ComfyUI] [worker:ComfyUI-SAM3DBody] [comfy-env] DESERIALIZED tensor shape: torch.Size([720, 1280, 1])
[06:06]   [ComfyUI] [worker:ComfyUI-SAM3DBody] [comfy-env] _from_shm got dict with keys: ['__type__', 'strategy', 'parent_pid', 'fd', 'storage_size']
[06:06]   [ComfyUI] [worker:ComfyUI-SAM3DBody] [comfy-env] DESERIALIZE TensorRef: tensor_size=[127, 3]
[06:06]   [ComfyUI] [worker:ComfyUI-SAM3DBody] [comfy-env] DESERIALIZED tensor shape: torch.Size([127, 3])
[06:06]   [ComfyUI] [worker:ComfyUI-SAM3DBody] [comfy-env] _from_shm got dict with keys: ['__type__', 'strategy', 'parent_pid', 'fd', 'storage_size']
[06:06]   [ComfyUI] [worker:ComfyUI-SAM3DBody] [comfy-env] DESERIALIZE TensorRef: tensor_size=[127, 3, 3]
[06:06]   [ComfyUI] [worker:ComfyUI-SAM3DBody] [comfy-env] DESERIALIZED tensor shape: torch.Size([127, 3, 3])
[06:06]   [ComfyUI] [worker:ComfyUI-SAM3DBody] [comfy-env] _from_shm got dict with keys: ['__type__', 'strategy', 'parent_pid', 'fd', 'storage_size']
[06:06]   [ComfyUI] [worker:ComfyUI-SAM3DBody] [comfy-env] DESERIALIZE TensorRef: tensor_size=[4]
[06:06]   [ComfyUI] [worker:ComfyUI-SAM3DBody] [comfy-env] DESERIALIZED tensor shape: torch.Size([4])
[06:06]   [ComfyUI] [worker:ComfyUI-SAM3DBody] [comfy-env] _from_shm got dict with keys: ['__type__', 'strategy', 'parent_pid', 'fd', 'storage_size']
[06:06]   [ComfyUI] [worker:ComfyUI-SAM3DBody] [comfy-env] DESERIALIZE TensorRef: tensor_size=[4]
[06:06]   [ComfyUI] [worker:ComfyUI-SAM3DBody] [comfy-env] DESERIALIZED tensor shape: torch.Size([4])
[06:06]   [ComfyUI] [worker:ComfyUI-SAM3DBody] [comfy-env] _from_shm got dict with keys: ['__type__', 'strategy', 'parent_pid', 'fd', 'storage_size']
[06:06]   [ComfyUI] [worker:ComfyUI-SAM3DBody] [comfy-env] DESERIALIZE TensorRef: tensor_size=[4]
[06:06]   [ComfyUI] [worker:ComfyUI-SAM3DBody] [comfy-env] DESERIALIZED tensor shape: torch.Size([4])
[06:06]   [ComfyUI] [worker:ComfyUI-SAM3DBody] [comfy-env] _from_shm got dict with keys: ['__type__', 'strategy', 'parent_pid', 'fd', 'storage_size']
[06:06]   [ComfyUI] [worker:ComfyUI-SAM3DBody] [comfy-env] DESERIALIZE TensorRef: tensor_size=[70, 3]
[06:06]   [ComfyUI] [worker:ComfyUI-SAM3DBody] [comfy-env] DESERIALIZED tensor shape: torch.Size([70, 3])
[06:06]   [ComfyUI] [worker:ComfyUI-SAM3DBody] [comfy-env] _from_shm got dict with keys: ['__type__', 'strategy', 'parent_pid', 'fd', 'storage_size']
[06:06]   [ComfyUI] [worker:ComfyUI-SAM3DBody] [comfy-env] DESERIALIZE TensorRef: tensor_size=[70, 2]
[06:06]   [ComfyUI] [worker:ComfyUI-SAM3DBody] [comfy-env] DESERIALIZED tensor shape: torch.Size([70, 2])
[06:06]   [ComfyUI] [worker:ComfyUI-SAM3DBody] [comfy-env] _from_shm got dict with keys: ['__type__', 'strategy', 'parent_pid', 'fd', 'storage_size']
[06:06]   [ComfyUI] [worker:ComfyUI-SAM3DBody] [comfy-env] DESERIALIZE TensorRef: tensor_size=[18439, 3]
[06:06]   [ComfyUI] [worker:ComfyUI-SAM3DBody] [comfy-env] DESERIALIZED tensor shape: torch.Size([18439, 3])
[06:06]   [ComfyUI] [worker:ComfyUI-SAM3DBody] [comfy-env] _from_shm got dict with keys: ['__type__', 'strategy', 'parent_pid', 'fd', 'storage_size']
[06:06]   [ComfyUI] [worker:ComfyUI-SAM3DBody] [comfy-env] DESERIALIZE TensorRef: tensor_size=[3]
[06:06]   [ComfyUI] [worker:ComfyUI-SAM3DBody] [comfy-env] DESERIALIZED tensor shape: torch.Size([3])
[06:06]   [ComfyUI] [worker:ComfyUI-SAM3DBody] [comfy-env] _from_shm got dict with keys: ['__type__', 'strategy', 'parent_pid', 'fd', 'storage_size']
[06:06]   [ComfyUI] [worker:ComfyUI-SAM3DBody] [comfy-env] DESERIALIZE TensorRef: tensor_size=[266]
[06:06]   [ComfyUI] [worker:ComfyUI-SAM3DBody] [comfy-env] DESERIALIZED tensor shape: torch.Size([266])
[06:06]   [ComfyUI] [worker:ComfyUI-SAM3DBody] [comfy-env] _from_shm got dict with keys: ['__type__', 'strategy', 'parent_pid', 'fd', 'storage_size']
[06:06]   [ComfyUI] [worker:ComfyUI-SAM3DBody] [comfy-env] DESERIALIZE TensorRef: tensor_size=[3]
[06:06]   [ComfyUI] [worker:ComfyUI-SAM3DBody] [comfy-env] DESERIALIZED tensor shape: torch.Size([3])
[06:06]   [ComfyUI] [worker:ComfyUI-SAM3DBody] [comfy-env] _from_shm got dict with keys: ['__type__', 'strategy', 'parent_pid', 'fd', 'storage_size']
[06:06]   [ComfyUI] [worker:ComfyUI-SAM3DBody] [comfy-env] DESERIALIZE TensorRef: tensor_size=[133]
[06:06]   [ComfyUI] [worker:ComfyUI-SAM3DBody] [comfy-env] DESERIALIZED tensor shape: torch.Size([133])
[06:06]   [ComfyUI] [worker:ComfyUI-SAM3DBody] [comfy-env] _from_shm got dict with keys: ['__type__', 'strategy', 'parent_pid', 'fd', 'storage_size']
[06:06]   [ComfyUI] [worker:ComfyUI-SAM3DBody] [comfy-env] DESERIALIZE TensorRef: tensor_size=[108]
[06:06]   [ComfyUI] [worker:ComfyUI-SAM3DBody] [comfy-env] DESERIALIZED tensor shape: torch.Size([108])
[06:06]   [ComfyUI] [worker:ComfyUI-SAM3DBody] [comfy-env] _from_shm got dict with keys: ['__type__', 'strategy', 'parent_pid', 'fd', 'storage_size']
[06:06]   [ComfyUI] [worker:ComfyUI-SAM3DBody] [comfy-env] DESERIALIZE TensorRef: tensor_size=[28]
[06:06]   [ComfyUI] [worker:ComfyUI-SAM3DBody] [comfy-env] DESERIALIZED tensor shape: torch.Size([28])
[06:06]   [ComfyUI] [worker:ComfyUI-SAM3DBody] [comfy-env] _from_shm got dict with keys: ['__type__', 'strategy', 'parent_pid', 'fd', 'storage_size']
[06:06]   [ComfyUI] [worker:ComfyUI-SAM3DBody] [comfy-env] DESERIALIZE TensorRef: tensor_size=[45]
[06:06]   [ComfyUI] [worker:ComfyUI-SAM3DBody] [comfy-env] DESERIALIZED tensor shape: torch.Size([45])
[06:06]   [ComfyUI] [worker:ComfyUI-SAM3DBody] [comfy-env] _from_shm got dict with keys: ['__type__', 'strategy', 'parent_pid', 'fd', 'storage_size']
[06:06]   [ComfyUI] [worker:ComfyUI-SAM3DBody] [comfy-env] DESERIALIZE TensorRef: tensor_size=[72]
[06:06]   [ComfyUI] [worker:ComfyUI-SAM3DBody] [comfy-env] DESERIALIZED tensor shape: torch.Size([72])
[06:06]   [ComfyUI] [worker:ComfyUI-SAM3DBody] [comfy-env] _from_shm got dict with keys: ['__type__', 'strategy', 'parent_pid', 'fd', 'storage_size']
[06:06]   [ComfyUI] [worker:ComfyUI-SAM3DBody] [comfy-env] DESERIALIZE TensorRef: tensor_size=[720, 1280, 1]
[06:06]   [ComfyUI] [worker:ComfyUI-SAM3DBody] [comfy-env] DESERIALIZED tensor shape: torch.Size([720, 1280, 1])
[06:06]   [ComfyUI] [worker:ComfyUI-SAM3DBody] [comfy-env] _from_shm got dict with keys: ['__type__', 'strategy', 'parent_pid', 'fd', 'storage_size']
[06:06]   [ComfyUI] [worker:ComfyUI-SAM3DBody] [comfy-env] DESERIALIZE TensorRef: tensor_size=[127, 3]
[06:06]   [ComfyUI] [worker:ComfyUI-SAM3DBody] [comfy-env] DESERIALIZED tensor shape: torch.Size([127, 3])
[06:06]   [ComfyUI] [worker:ComfyUI-SAM3DBody] [comfy-env] _from_shm got dict with keys: ['__type__', 'strategy', 'parent_pid', 'fd', 'storage_size']
[06:06]   [ComfyUI] [worker:ComfyUI-SAM3DBody] [comfy-env] DESERIALIZE TensorRef: tensor_size=[127, 3, 3]
[06:06]   [ComfyUI] [worker:ComfyUI-SAM3DBody] [comfy-env] DESERIALIZED tensor shape: torch.Size([127, 3, 3])
[06:06]   [ComfyUI] [worker:ComfyUI-SAM3DBody] [comfy-env] _from_shm got dict with keys: ['__type__', 'strategy', 'parent_pid', 'fd', 'storage_size']
[06:06]   [ComfyUI] [worker:ComfyUI-SAM3DBody] [comfy-env] DESERIALIZE TensorRef: tensor_size=[4]
[06:06]   [ComfyUI] [worker:ComfyUI-SAM3DBody] [comfy-env] DESERIALIZED tensor shape: torch.Size([4])
[06:06]   [ComfyUI] [worker:ComfyUI-SAM3DBody] [comfy-env] _from_shm got dict with keys: ['__type__', 'strategy', 'parent_pid', 'fd', 'storage_size']
[06:06]   [ComfyUI] [worker:ComfyUI-SAM3DBody] [comfy-env] DESERIALIZE TensorRef: tensor_size=[4]
[06:06]   [ComfyUI] [worker:ComfyUI-SAM3DBody] [comfy-env] DESERIALIZED tensor shape: torch.Size([4])
[06:06]   [ComfyUI] [worker:ComfyUI-SAM3DBody] [comfy-env] _from_shm got dict with keys: ['__type__', 'strategy', 'parent_pid', 'fd', 'storage_size']
[06:06]   [ComfyUI] [worker:ComfyUI-SAM3DBody] [comfy-env] DESERIALIZE TensorRef: tensor_size=[4]
[06:06]   [ComfyUI] [worker:ComfyUI-SAM3DBody] [comfy-env] DESERIALIZED tensor shape: torch.Size([4])
[06:06]   [ComfyUI] [worker:ComfyUI-SAM3DBody] [comfy-env] _from_shm got dict with keys: ['__type__', 'strategy', 'parent_pid', 'fd', 'storage_size']
[06:06]   [ComfyUI] [worker:ComfyUI-SAM3DBody] [comfy-env] DESERIALIZE TensorRef: tensor_size=[70, 3]
[06:06]   [ComfyUI] [worker:ComfyUI-SAM3DBody] [comfy-env] DESERIALIZED tensor shape: torch.Size([70, 3])
[06:06]   [ComfyUI] [worker:ComfyUI-SAM3DBody] [comfy-env] _from_shm got dict with keys: ['__type__', 'strategy', 'parent_pid', 'fd', 'storage_size']
[06:06]   [ComfyUI] [worker:ComfyUI-SAM3DBody] [comfy-env] DESERIALIZE TensorRef: tensor_size=[70, 2]
[06:06]   [ComfyUI] [worker:ComfyUI-SAM3DBody] [comfy-env] DESERIALIZED tensor shape: torch.Size([70, 2])
[06:06]   [ComfyUI] [worker:ComfyUI-SAM3DBody] [comfy-env] _from_shm got dict with keys: ['__type__', 'strategy', 'parent_pid', 'fd', 'storage_size']
[06:06]   [ComfyUI] [worker:ComfyUI-SAM3DBody] [comfy-env] DESERIALIZE TensorRef: tensor_size=[18439, 3]
[06:06]   [ComfyUI] [worker:ComfyUI-SAM3DBody] [comfy-env] DESERIALIZED tensor shape: torch.Size([18439, 3])
[06:06]   [ComfyUI] [worker:ComfyUI-SAM3DBody] [comfy-env] _from_shm got dict with keys: ['__type__', 'strategy', 'parent_pid', 'fd', 'storage_size']
[06:06]   [ComfyUI] [worker:ComfyUI-SAM3DBody] [comfy-env] DESERIALIZE TensorRef: tensor_size=[3]
[06:06]   [ComfyUI] [worker:ComfyUI-SAM3DBody] [comfy-env] DESERIALIZED tensor shape: torch.Size([3])
[06:06]   [ComfyUI] [worker:ComfyUI-SAM3DBody] [comfy-env] _from_shm got dict with keys: ['__type__', 'strategy', 'parent_pid', 'fd', 'storage_size']
[06:06]   [ComfyUI] [worker:ComfyUI-SAM3DBody] [comfy-env] DESERIALIZE TensorRef: tensor_size=[266]
[06:06]   [ComfyUI] [worker:ComfyUI-SAM3DBody] [comfy-env] DESERIALIZED tensor shape: torch.Size([266])
[06:06]   [ComfyUI] [worker:ComfyUI-SAM3DBody] [comfy-env] _from_shm got dict with keys: ['__type__', 'strategy', 'parent_pid', 'fd', 'storage_size']
[06:06]   [ComfyUI] [worker:ComfyUI-SAM3DBody] [comfy-env] DESERIALIZE TensorRef: tensor_size=[3]
[06:06]   [ComfyUI] [worker:ComfyUI-SAM3DBody] [comfy-env] DESERIALIZED tensor shape: torch.Size([3])
[06:06]   [ComfyUI] [worker:ComfyUI-SAM3DBody] [comfy-env] _from_shm got dict with keys: ['__type__', 'strategy', 'parent_pid', 'fd', 'storage_size']
[06:06]   [ComfyUI] [worker:ComfyUI-SAM3DBody] [comfy-env] DESERIALIZE TensorRef: tensor_size=[133]
[06:06]   [ComfyUI] [worker:ComfyUI-SAM3DBody] [comfy-env] DESERIALIZED tensor shape: torch.Size([133])
[06:06]   [ComfyUI] [worker:ComfyUI-SAM3DBody] [comfy-env] _from_shm got dict with keys: ['__type__', 'strategy', 'parent_pid', 'fd', 'storage_size']
[06:06]   [ComfyUI] [worker:ComfyUI-SAM3DBody] [comfy-env] DESERIALIZE TensorRef: tensor_size=[108]
[06:06]   [ComfyUI] [worker:ComfyUI-SAM3DBody] [comfy-env] DESERIALIZED tensor shape: torch.Size([108])
[06:06]   [ComfyUI] [worker:ComfyUI-SAM3DBody] [comfy-env] _from_shm got dict with keys: ['__type__', 'strategy', 'parent_pid', 'fd', 'storage_size']
[06:06]   [ComfyUI] [worker:ComfyUI-SAM3DBody] [comfy-env] DESERIALIZE TensorRef: tensor_size=[28]
[06:06]   [ComfyUI] [worker:ComfyUI-SAM3DBody] [comfy-env] DESERIALIZED tensor shape: torch.Size([28])
[06:06]   [ComfyUI] [worker:ComfyUI-SAM3DBody] [comfy-env] _from_shm got dict with keys: ['__type__', 'strategy', 'parent_pid', 'fd', 'storage_size']
[06:06]   [ComfyUI] [worker:ComfyUI-SAM3DBody] [comfy-env] DESERIALIZE TensorRef: tensor_size=[45]
[06:06]   [ComfyUI] [worker:ComfyUI-SAM3DBody] [comfy-env] DESERIALIZED tensor shape: torch.Size([45])
[06:06]   [ComfyUI] [worker:ComfyUI-SAM3DBody] [comfy-env] _from_shm got dict with keys: ['__type__', 'strategy', 'parent_pid', 'fd', 'storage_size']
[06:06]   [ComfyUI] [worker:ComfyUI-SAM3DBody] [comfy-env] DESERIALIZE TensorRef: tensor_size=[72]
[06:06]   [ComfyUI] [worker:ComfyUI-SAM3DBody] [comfy-env] DESERIALIZED tensor shape: torch.Size([72])
[06:06]   [ComfyUI] [worker:ComfyUI-SAM3DBody] [comfy-env] _from_shm got dict with keys: ['__type__', 'strategy', 'parent_pid', 'fd', 'storage_size']
[06:06]   [ComfyUI] [worker:ComfyUI-SAM3DBody] [comfy-env] DESERIALIZE TensorRef: tensor_size=[720, 1280, 1]
[06:06]   [ComfyUI] [worker:ComfyUI-SAM3DBody] [comfy-env] DESERIALIZED tensor shape: torch.Size([720, 1280, 1])
[06:06]   [ComfyUI] [worker:ComfyUI-SAM3DBody] [comfy-env] _from_shm got dict with keys: ['__type__', 'strategy', 'parent_pid', 'fd', 'storage_size']
[06:06]   [ComfyUI] [worker:ComfyUI-SAM3DBody] [comfy-env] DESERIALIZE TensorRef: tensor_size=[127, 3]
[06:06]   [ComfyUI] [worker:ComfyUI-SAM3DBody] [comfy-env] DESERIALIZED tensor shape: torch.Size([127, 3])
[06:06]   [ComfyUI] [worker:ComfyUI-SAM3DBody] [comfy-env] _from_shm got dict with keys: ['__type__', 'strategy', 'parent_pid', 'fd', 'storage_size']
[06:06]   [ComfyUI] [worker:ComfyUI-SAM3DBody] [comfy-env] DESERIALIZE TensorRef: tensor_size=[127, 3, 3]
[06:06]   [ComfyUI] [worker:ComfyUI-SAM3DBody] [comfy-env] DESERIALIZED tensor shape: torch.Size([127, 3, 3])
[06:06]   [ComfyUI] [worker:ComfyUI-SAM3DBody] [comfy-env] _from_shm got dict with keys: ['__type__', 'strategy', 'parent_pid', 'fd', 'storage_size']
[06:06]   [ComfyUI] [worker:ComfyUI-SAM3DBody] [comfy-env] DESERIALIZE TensorRef: tensor_size=[4]
[06:07]   [ComfyUI] [worker:ComfyUI-SAM3DBody] [comfy-env] DESERIALIZED tensor shape: torch.Size([4])
[06:07]   [ComfyUI] [worker:ComfyUI-SAM3DBody] [comfy-env] _from_shm got dict with keys: ['__type__', 'strategy', 'parent_pid', 'fd', 'storage_size']
[06:07]   [ComfyUI] [worker:ComfyUI-SAM3DBody] [comfy-env] DESERIALIZE TensorRef: tensor_size=[4]
[06:07]   [ComfyUI] [worker:ComfyUI-SAM3DBody] [comfy-env] DESERIALIZED tensor shape: torch.Size([4])
[06:07]   [ComfyUI] [worker:ComfyUI-SAM3DBody] [comfy-env] _from_shm got dict with keys: ['__type__', 'strategy', 'parent_pid', 'fd', 'storage_size']
[06:07]   [ComfyUI] [worker:ComfyUI-SAM3DBody] [comfy-env] DESERIALIZE TensorRef: tensor_size=[4]
[06:07]   Frame 6 saved (frame_005.jpg, t=41.1s)
[06:07]   [capture-periodic] freeze=3ms shot=185ms unfreeze=7ms saved=True
[06:07]   [ComfyUI] [worker:ComfyUI-SAM3DBody] [comfy-env] DESERIALIZED tensor shape: torch.Size([4])
[06:07]   [ComfyUI] [worker:ComfyUI-SAM3DBody] [comfy-env] _from_shm got dict with keys: ['__type__', 'strategy', 'parent_pid', 'fd', 'storage_size']
[06:07]   [ComfyUI] [worker:ComfyUI-SAM3DBody] [comfy-env] DESERIALIZE TensorRef: tensor_size=[70, 3]
[06:07]   [ComfyUI] [worker:ComfyUI-SAM3DBody] [comfy-env] DESERIALIZED tensor shape: torch.Size([70, 3])
[06:07]   [ComfyUI] [worker:ComfyUI-SAM3DBody] [comfy-env] _from_shm got dict with keys: ['__type__', 'strategy', 'parent_pid', 'fd', 'storage_size']
[06:07]   [ComfyUI] [worker:ComfyUI-SAM3DBody] [comfy-env] DESERIALIZE TensorRef: tensor_size=[70, 2]
[06:07]   [ComfyUI] [worker:ComfyUI-SAM3DBody] [comfy-env] DESERIALIZED tensor shape: torch.Size([70, 2])
[06:07]   [ComfyUI] [worker:ComfyUI-SAM3DBody] [comfy-env] _from_shm got dict with keys: ['__type__', 'strategy', 'parent_pid', 'fd', 'storage_size']
[06:07]   [ComfyUI] [worker:ComfyUI-SAM3DBody] [comfy-env] DESERIALIZE TensorRef: tensor_size=[18439, 3]
[06:07]   [ComfyUI] [worker:ComfyUI-SAM3DBody] [comfy-env] DESERIALIZED tensor shape: torch.Size([18439, 3])
[06:07]   [ComfyUI] [worker:ComfyUI-SAM3DBody] [comfy-env] _from_shm got dict with keys: ['__type__', 'strategy', 'parent_pid', 'fd', 'storage_size']
[06:07]   [ComfyUI] [worker:ComfyUI-SAM3DBody] [comfy-env] DESERIALIZE TensorRef: tensor_size=[3]
[06:07]   [ComfyUI] [worker:ComfyUI-SAM3DBody] [comfy-env] DESERIALIZED tensor shape: torch.Size([3])
[06:07]   [ComfyUI] [worker:ComfyUI-SAM3DBody] [comfy-env] _from_shm got dict with keys: ['__type__', 'strategy', 'parent_pid', 'fd', 'storage_size']
[06:07]   [ComfyUI] [worker:ComfyUI-SAM3DBody] [comfy-env] DESERIALIZE TensorRef: tensor_size=[266]
[06:07]   [ComfyUI] [worker:ComfyUI-SAM3DBody] [comfy-env] DESERIALIZED tensor shape: torch.Size([266])
[06:07]   [ComfyUI] [worker:ComfyUI-SAM3DBody] [comfy-env] _from_shm got dict with keys: ['__type__', 'strategy', 'parent_pid', 'fd', 'storage_size']
[06:07]   [ComfyUI] [worker:ComfyUI-SAM3DBody] [comfy-env] DESERIALIZE TensorRef: tensor_size=[3]
[06:07]   [ComfyUI] [worker:ComfyUI-SAM3DBody] [comfy-env] DESERIALIZED tensor shape: torch.Size([3])
[06:07]   [ComfyUI] [worker:ComfyUI-SAM3DBody] [comfy-env] _from_shm got dict with keys: ['__type__', 'strategy', 'parent_pid', 'fd', 'storage_size']
[06:07]   [ComfyUI] [worker:ComfyUI-SAM3DBody] [comfy-env] DESERIALIZE TensorRef: tensor_size=[133]
[06:07]   [ComfyUI] [worker:ComfyUI-SAM3DBody] [comfy-env] DESERIALIZED tensor shape: torch.Size([133])
[06:07]   [ComfyUI] [worker:ComfyUI-SAM3DBody] [comfy-env] _from_shm got dict with keys: ['__type__', 'strategy', 'parent_pid', 'fd', 'storage_size']
[06:07]   [ComfyUI] [worker:ComfyUI-SAM3DBody] [comfy-env] DESERIALIZE TensorRef: tensor_size=[108]
[06:07]   [ComfyUI] [worker:ComfyUI-SAM3DBody] [comfy-env] DESERIALIZED tensor shape: torch.Size([108])
[06:07]   [ComfyUI] [worker:ComfyUI-SAM3DBody] [comfy-env] _from_shm got dict with keys: ['__type__', 'strategy', 'parent_pid', 'fd', 'storage_size']
[06:07]   [ComfyUI] [worker:ComfyUI-SAM3DBody] [comfy-env] DESERIALIZE TensorRef: tensor_size=[28]
[06:07]   [ComfyUI] [worker:ComfyUI-SAM3DBody] [comfy-env] DESERIALIZED tensor shape: torch.Size([28])
[06:07]   [ComfyUI] [worker:ComfyUI-SAM3DBody] [comfy-env] _from_shm got dict with keys: ['__type__', 'strategy', 'parent_pid', 'fd', 'storage_size']
[06:07]   [ComfyUI] [worker:ComfyUI-SAM3DBody] [comfy-env] DESERIALIZE TensorRef: tensor_size=[45]
[06:07]   [ComfyUI] [worker:ComfyUI-SAM3DBody] [comfy-env] DESERIALIZED tensor shape: torch.Size([45])
[06:07]   [ComfyUI] [worker:ComfyUI-SAM3DBody] [comfy-env] _from_shm got dict with keys: ['__type__', 'strategy', 'parent_pid', 'fd', 'storage_size']
[06:07]   [ComfyUI] [worker:ComfyUI-SAM3DBody] [comfy-env] DESERIALIZE TensorRef: tensor_size=[72]
[06:07]   [ComfyUI] [worker:ComfyUI-SAM3DBody] [comfy-env] DESERIALIZED tensor shape: torch.Size([72])
[06:07]   [ComfyUI] [worker:ComfyUI-SAM3DBody] [comfy-env] _from_shm got dict with keys: ['__type__', 'strategy', 'parent_pid', 'fd', 'storage_size']
[06:07]   [ComfyUI] [worker:ComfyUI-SAM3DBody] [comfy-env] DESERIALIZE TensorRef: tensor_size=[720, 1280, 1]
[06:07]   [ComfyUI] [worker:ComfyUI-SAM3DBody] [comfy-env] DESERIALIZED tensor shape: torch.Size([720, 1280, 1])
[06:07]   [ComfyUI] [worker:ComfyUI-SAM3DBody] [comfy-env] _from_shm got dict with keys: ['__type__', 'strategy', 'parent_pid', 'fd', 'storage_size']
[06:07]   [ComfyUI] [worker:ComfyUI-SAM3DBody] [comfy-env] DESERIALIZE TensorRef: tensor_size=[127, 3]
[06:07]   [ComfyUI] [worker:ComfyUI-SAM3DBody] [comfy-env] DESERIALIZED tensor shape: torch.Size([127, 3])
[06:07]   [ComfyUI] [worker:ComfyUI-SAM3DBody] [comfy-env] _from_shm got dict with keys: ['__type__', 'strategy', 'parent_pid', 'fd', 'storage_size']
[06:07]   [ComfyUI] [worker:ComfyUI-SAM3DBody] [comfy-env] DESERIALIZE TensorRef: tensor_size=[127, 3, 3]
[06:07]   [ComfyUI] [worker:ComfyUI-SAM3DBody] [comfy-env] DESERIALIZED tensor shape: torch.Size([127, 3, 3])
[06:07]   [ComfyUI] [worker:ComfyUI-SAM3DBody] [comfy-env] _from_shm got dict with keys: ['__type__', 'strategy', 'parent_pid', 'fd', 'storage_size']
[06:07]   [ComfyUI] [worker:ComfyUI-SAM3DBody] [comfy-env] DESERIALIZE TensorRef: tensor_size=[4]
[06:07]   [ComfyUI] [worker:ComfyUI-SAM3DBody] [comfy-env] DESERIALIZED tensor shape: torch.Size([4])
[06:07]   [ComfyUI] [worker:ComfyUI-SAM3DBody] [comfy-env] _from_shm got dict with keys: ['__type__', 'strategy', 'parent_pid', 'fd', 'storage_size']
[06:07]   [ComfyUI] [worker:ComfyUI-SAM3DBody] [comfy-env] DESERIALIZE TensorRef: tensor_size=[4]
[06:07]   [ComfyUI] [worker:ComfyUI-SAM3DBody] [comfy-env] DESERIALIZED tensor shape: torch.Size([4])
[06:07]   [ComfyUI] [worker:ComfyUI-SAM3DBody] [comfy-env] _from_shm got dict with keys: ['__type__', 'strategy', 'parent_pid', 'fd', 'storage_size']
[06:07]   [ComfyUI] [worker:ComfyUI-SAM3DBody] [comfy-env] DESERIALIZE TensorRef: tensor_size=[4]
[06:07]   [ComfyUI] [worker:ComfyUI-SAM3DBody] [comfy-env] DESERIALIZED tensor shape: torch.Size([4])
[06:07]   [ComfyUI] [worker:ComfyUI-SAM3DBody] [comfy-env] _from_shm got dict with keys: ['__type__', 'strategy', 'parent_pid', 'fd', 'storage_size']
[06:07]   [ComfyUI] [worker:ComfyUI-SAM3DBody] [comfy-env] DESERIALIZE TensorRef: tensor_size=[70, 3]
[06:07]   [ComfyUI] [worker:ComfyUI-SAM3DBody] [comfy-env] DESERIALIZED tensor shape: torch.Size([70, 3])
[06:07]   [ComfyUI] [worker:ComfyUI-SAM3DBody] [comfy-env] _from_shm got dict with keys: ['__type__', 'strategy', 'parent_pid', 'fd', 'storage_size']
[06:07]   [ComfyUI] [worker:ComfyUI-SAM3DBody] [comfy-env] DESERIALIZE TensorRef: tensor_size=[70, 2]
[06:07]   [ComfyUI] [worker:ComfyUI-SAM3DBody] [comfy-env] DESERIALIZED tensor shape: torch.Size([70, 2])
[06:07]   [ComfyUI] [worker:ComfyUI-SAM3DBody] [comfy-env] _from_shm got dict with keys: ['__type__', 'strategy', 'parent_pid', 'fd', 'storage_size']
[06:07]   [ComfyUI] [worker:ComfyUI-SAM3DBody] [comfy-env] DESERIALIZE TensorRef: tensor_size=[18439, 3]
[06:07]   [ComfyUI] [worker:ComfyUI-SAM3DBody] [comfy-env] DESERIALIZED tensor shape: torch.Size([18439, 3])
[06:07]   [ComfyUI] [worker:ComfyUI-SAM3DBody] [comfy-env] _from_shm got dict with keys: ['__type__', 'strategy', 'parent_pid', 'fd', 'storage_size']
[06:07]   [ComfyUI] [worker:ComfyUI-SAM3DBody] [comfy-env] DESERIALIZE TensorRef: tensor_size=[3]
[06:07]   [ComfyUI] [worker:ComfyUI-SAM3DBody] [comfy-env] DESERIALIZED tensor shape: torch.Size([3])
[06:07]   [ComfyUI] [worker:ComfyUI-SAM3DBody] [comfy-env] _from_shm got dict with keys: ['__type__', 'strategy', 'parent_pid', 'fd', 'storage_size']
[06:07]   [ComfyUI] [worker:ComfyUI-SAM3DBody] [comfy-env] DESERIALIZE TensorRef: tensor_size=[266]
[06:07]   [ComfyUI] [worker:ComfyUI-SAM3DBody] [comfy-env] DESERIALIZED tensor shape: torch.Size([266])
[06:07]   [ComfyUI] [worker:ComfyUI-SAM3DBody] [comfy-env] _from_shm got dict with keys: ['__type__', 'strategy', 'parent_pid', 'fd', 'storage_size']
[06:07]   [ComfyUI] [worker:ComfyUI-SAM3DBody] [comfy-env] DESERIALIZE TensorRef: tensor_size=[3]
[06:07]   [ComfyUI] [worker:ComfyUI-SAM3DBody] [comfy-env] DESERIALIZED tensor shape: torch.Size([3])
[06:07]   [ComfyUI] [worker:ComfyUI-SAM3DBody] [comfy-env] _from_shm got dict with keys: ['__type__', 'strategy', 'parent_pid', 'fd', 'storage_size']
[06:07]   [ComfyUI] [worker:ComfyUI-SAM3DBody] [comfy-env] DESERIALIZE TensorRef: tensor_size=[133]
[06:07]   [ComfyUI] [worker:ComfyUI-SAM3DBody] [comfy-env] DESERIALIZED tensor shape: torch.Size([133])
[06:07]   [ComfyUI] [worker:ComfyUI-SAM3DBody] [comfy-env] _from_shm got dict with keys: ['__type__', 'strategy', 'parent_pid', 'fd', 'storage_size']
[06:07]   [ComfyUI] [worker:ComfyUI-SAM3DBody] [comfy-env] DESERIALIZE TensorRef: tensor_size=[108]
[06:07]   [ComfyUI] [worker:ComfyUI-SAM3DBody] [comfy-env] DESERIALIZED tensor shape: torch.Size([108])
[06:07]   [ComfyUI] [worker:ComfyUI-SAM3DBody] [comfy-env] _from_shm got dict with keys: ['__type__', 'strategy', 'parent_pid', 'fd', 'storage_size']
[06:07]   [ComfyUI] [worker:ComfyUI-SAM3DBody] [comfy-env] DESERIALIZE TensorRef: tensor_size=[28]
[06:07]   [ComfyUI] [worker:ComfyUI-SAM3DBody] [comfy-env] DESERIALIZED tensor shape: torch.Size([28])
[06:07]   [ComfyUI] [worker:ComfyUI-SAM3DBody] [comfy-env] _from_shm got dict with keys: ['__type__', 'strategy', 'parent_pid', 'fd', 'storage_size']
[06:07]   [ComfyUI] [worker:ComfyUI-SAM3DBody] [comfy-env] DESERIALIZE TensorRef: tensor_size=[45]
[06:07]   [ComfyUI] [worker:ComfyUI-SAM3DBody] [comfy-env] DESERIALIZED tensor shape: torch.Size([45])
[06:07]   [ComfyUI] [worker:ComfyUI-SAM3DBody] [comfy-env] _from_shm got dict with keys: ['__type__', 'strategy', 'parent_pid', 'fd', 'storage_size']
[06:07]   [ComfyUI] [worker:ComfyUI-SAM3DBody] [comfy-env] DESERIALIZE TensorRef: tensor_size=[72]
[06:07]   [ComfyUI] [worker:ComfyUI-SAM3DBody] [comfy-env] DESERIALIZED tensor shape: torch.Size([72])
[06:07]   [ComfyUI] [worker:ComfyUI-SAM3DBody] [comfy-env] _from_shm got dict with keys: ['__type__', 'strategy', 'parent_pid', 'fd', 'storage_size']
[06:07]   [ComfyUI] [worker:ComfyUI-SAM3DBody] [comfy-env] DESERIALIZE TensorRef: tensor_size=[720, 1280, 1]
[06:07]   [ComfyUI] [worker:ComfyUI-SAM3DBody] [comfy-env] DESERIALIZED tensor shape: torch.Size([720, 1280, 1])
[06:07]   [ComfyUI] [worker:ComfyUI-SAM3DBody] [comfy-env] _from_shm got dict with keys: ['__type__', 'strategy', 'parent_pid', 'fd', 'storage_size']
[06:07]   [ComfyUI] [worker:ComfyUI-SAM3DBody] [comfy-env] DESERIALIZE TensorRef: tensor_size=[127, 3]
[06:07]   [ComfyUI] [worker:ComfyUI-SAM3DBody] [comfy-env] DESERIALIZED tensor shape: torch.Size([127, 3])
[06:07]   [ComfyUI] [worker:ComfyUI-SAM3DBody] [comfy-env] _from_shm got dict with keys: ['__type__', 'strategy', 'parent_pid', 'fd', 'storage_size']
[06:07]   [ComfyUI] [worker:ComfyUI-SAM3DBody] [comfy-env] DESERIALIZE TensorRef: tensor_size=[127, 3, 3]
[06:07]   [ComfyUI] [worker:ComfyUI-SAM3DBody] [comfy-env] DESERIALIZED tensor shape: torch.Size([127, 3, 3])
[06:07]   [ComfyUI] [worker:ComfyUI-SAM3DBody] [comfy-env] _from_shm got dict with keys: ['__type__', 'strategy', 'parent_pid', 'fd', 'storage_size']
[06:07]   [ComfyUI] [worker:ComfyUI-SAM3DBody] [comfy-env] DESERIALIZE TensorRef: tensor_size=[4]
[06:07]   [ComfyUI] [worker:ComfyUI-SAM3DBody] [comfy-env] DESERIALIZED tensor shape: torch.Size([4])
[06:07]   [ComfyUI] [worker:ComfyUI-SAM3DBody] [comfy-env] _from_shm got dict with keys: ['__type__', 'strategy', 'parent_pid', 'fd', 'storage_size']
[06:07]   [ComfyUI] [worker:ComfyUI-SAM3DBody] [comfy-env] DESERIALIZE TensorRef: tensor_size=[4]
[06:07]   [ComfyUI] [worker:ComfyUI-SAM3DBody] [comfy-env] DESERIALIZED tensor shape: torch.Size([4])
[06:07]   [ComfyUI] [worker:ComfyUI-SAM3DBody] [comfy-env] _from_shm got dict with keys: ['__type__', 'strategy', 'parent_pid', 'fd', 'storage_size']
[06:07]   [ComfyUI] [worker:ComfyUI-SAM3DBody] [comfy-env] DESERIALIZE TensorRef: tensor_size=[36874, 3]
[06:07]   [ComfyUI] [worker:ComfyUI-SAM3DBody] [comfy-env] DESERIALIZED tensor shape: torch.Size([36874, 3])
[06:07]   [capture-loop] iter=350 t=42.1s state={'complete': False, 'error': None, 'executedCount': 0, 'wsState': 1} eval_ms=4 ram=6.8/31.2GB (22%) swap=1.0/32.0GB (3%) cpu=6% browser_rss=0.83GB
[06:09]   [ComfyUI] [SubprocessWorker] callback 'report_progress' from call_id=3
[06:09]   [ComfyUI] [SubprocessWorker] callback 'report_progress' from call_id=3
[06:09]   [ComfyUI] [SubprocessWorker] callback 'report_progress' from call_id=3
[06:10]   [ComfyUI] [SubprocessWorker] callback 'report_progress' from call_id=3
[06:11]   Frame 7 saved (frame_006.jpg, t=45.5s)
[06:11]   [capture-periodic] freeze=3ms shot=181ms unfreeze=6ms saved=True
[06:13]   [capture-loop] iter=400 t=47.9s state={'complete': False, 'error': None, 'executedCount': 0, 'wsState': 1} eval_ms=3 ram=7.5/31.2GB (24%) swap=1.0/32.0GB (3%) cpu=10% browser_rss=0.83GB
[06:14]   [ComfyUI] [worker:ComfyUI-SAM3DBody]
[06:14]   [ComfyUI] FBX export starting... '/workspaces/SAM3DBody-1940/ComfyUI/output/sam3d_multi_rigged.fbx'
[06:14]   [ComfyUI] [worker:ComfyUI-SAM3DBody] (bpy.data.armatures['SAM3D_Skeleton_0'], 'POSE')
[06:14]   [ComfyUI] [worker:ComfyUI-SAM3DBody] (bpy.data.armatures['SAM3D_Skeleton_1'], 'POSE')
[06:14]   [ComfyUI] [worker:ComfyUI-SAM3DBody] (bpy.data.armatures['SAM3D_Skeleton_2'], 'POSE')
[06:14]   [ComfyUI] [worker:ComfyUI-SAM3DBody] (bpy.data.armatures['SAM3D_Skeleton_3'], 'POSE')
[06:14]   [ComfyUI] [worker:ComfyUI-SAM3DBody] (bpy.data.armatures['SAM3D_Skeleton_4'], 'POSE')
[06:14]   [ComfyUI] [worker:ComfyUI-SAM3DBody] (bpy.data.armatures['SAM3D_Skeleton_5'], 'POSE')
[06:16]   [ComfyUI] [worker:ComfyUI-SAM3DBody] export finished in 2.7671 sec.
[06:16]   [ComfyUI] [SubprocessWorker] got response: ok
[06:16]   [ComfyUI] [comfy-env] SAM3DBodyExportMultipleFBX done (10.70s): result: NodeOutput
[06:16]   [ComfyUI] [VRAM] After SAM3DBodyExportMultipleFBX: 4391 / 24124 MB
[06:16]   [ComfyUI] [VRAM] Loaded: SubprocessModel (3143 MB)
[06:16]   [ComfyUI] Prompt executed in 50.19 seconds
[06:16]   Node executed (1 total), capturing...
[06:22]   Frame 8 saved (frame_007.jpg, t=50.8s)
[06:22]   [capture-node] freeze=3ms shot=6132ms unfreeze=14ms saved=True
[06:28]   Node executed (2 total), capturing...
[06:28]   Frame 9 saved (frame_008.jpg, t=62.9s)
[06:28]   [capture-node] freeze=3ms shot=206ms unfreeze=0ms saved=True
[06:28]   Execution complete (t=62.9s)
[06:28]   [3d-wait] Phase 1: Waiting for 'Loading 3D Model' text to disappear...
[06:28]   [3d-wait] Phase 1 done in 0.0s
[06:28]   [3d-wait] Phase 2: iframes=0
[06:28]   [3d-wait] Total 3D wait: 0.0s
[06:28]   Captured 9 unique frames over 63.23s
[06:28]   [debug] iframes: 0
[06:28]   [timing] trigger_3d_previews: 0.0s
[06:31]   Saved high-quality screenshot: multiple_masks_executed.png
[06:31]   [timing] final_screenshot: 0.5s
[06:31]   [ComfyUI] [comfy-env] [VRAM] Before offload 'SAM3DBody_1' (3143 MB) -> cpu: 4391 / 24124 MB
[06:31] Capturing execution frames: multiple_masks_depthcorrected.json
[06:31]   [ComfyUI] [ComfyUI-SAM3DBody] Health check: ping (timeout=5.0s)...
[06:31]   [ComfyUI] [ComfyUI-SAM3DBody] Health check: failed
[06:31]   [ComfyUI] [ComfyUI-SAM3DBody] python: /tmp/comfytest-home/.ce/.pixi/envs/sam3dbody-nodes/bin/python
[06:31]   [ComfyUI] [ComfyUI-SAM3DBody] Socket unhealthy, restarting worker...
[06:31]   [ComfyUI] [ComfyUI-SAM3DBody] sys_path sent to worker: ['/workspaces/SAM3DBody-1940/ComfyUI', '/workspaces/SAM3DBody-1940/ComfyUI/custom_nodes/ComfyUI-SAM3DBody', '/tmp/comfytest-home/.ce/.pixi/envs/sam3dbody-nodes/lib/python3.12/site-packages', '/workspaces/SAM3DBody-1940/ComfyUI/custom_nodes/ComfyUI-SAM3DBody']
[06:31]   [ComfyUI] [comfy-env] Invalidated 1 stale model patchers (will be cleaned up during next unload)
[06:31]   [ComfyUI] [SubprocessWorker] is_pixi=True, python=/tmp/comfytest-home/.ce/.pixi/envs/sam3dbody-nodes/bin/python
[06:31]   [ComfyUI] [SubprocessWorker] launching cmd=['/tmp/comfytest-home/.pixi/bin/pixi', 'run', '--as-is', '--manifest-path', '/tmp/comfytest-home/.ce/pixi.toml', '-e', 'sam3dbody-nodes', 'python', '/tmp/comfyui_pvenv__mdy_68_/persistent_worker.py', 'abstract://comfy_worker_085ba3c26d4f']...
[06:31]   [ComfyUI] [SubprocessWorker] socket_addr=abstract://comfy_worker_085ba3c26d4f (abstract, no filesystem path)
[06:33]   [ComfyUI] [worker:ComfyUI-SAM3DBody] ERROR: Failed to import comfy_kitchen, Error: No module named 'comfy_kitchen', fp8 and fp4 support will not be available.
[06:34]   [ComfyUI] [SubprocessWorker] call_id=4 sending model_to_device
[06:34]   [ComfyUI] Model 'SAM3DBody_1' gone from worker (restarted?), treating as offloaded
[06:34]   [ComfyUI] [comfy-env] [VRAM] After offload 'SAM3DBody_1' (3143 MB): 563 / 24124 MB
[06:55]   Frame 1 saved (frame_000.jpg, t=0.0s)
[06:55]   Validating workflow...
[06:55]   [ComfyUI] === /validate endpoint called ===
[06:55]   [ComfyUI] Received JSON with keys: ['prompt']
[06:55]   [ComfyUI] Prompt has 16 nodes
[06:55]   [ComfyUI]   Node 4: PreviewImage
[06:55]   Queuing workflow for execution...
[06:55]   [ComfyUI]     Inputs: {"images": ["16", 1]}
[06:55]   [ComfyUI]   Node 16: SAM3DBodyProcessMultiple
[06:55]   [ComfyUI]     Inputs: {"inference_type": "full", "adjust_position_from_depth": true, "model": ["24", 0], "image": ["36", 0], "masks": ["39", 0], "depth_map": ["40", 0], "intrinsics": ["40", 9], "depth_confidence": ["40", 1
[06:55]   [ComfyUI]   Node 18: SAM3DBodyExportMultipleFBX
[06:55]   [ComfyUI]     Inputs: {"output_filename": "sam3d_multi_rigged.fbx", "combine": true, "multi_mesh_data": ["16", 0]}
[06:55]   [ComfyUI]   Node 24: LoadSAM3DBodyModel
[06:55]   [ComfyUI]     Inputs: {"precision": "auto"}
[06:55]   [ComfyUI]   Node 29: Preview3D
[06:55]   [ComfyUI]     Inputs: {"model_file": ["18", 0], "image": "", "camera_info": ["60", 0]}
[06:55]   [ComfyUI]   Node 35: MultibandLoad
[06:55]   [ComfyUI]     Inputs: {"image": "fellowship.npz", "normalize": true}
[06:55]   [ComfyUI]   Node 36: MultibandToImage
[06:55]   [ComfyUI]     Inputs: {"channels": "0,1,2", "multiband": ["35", 0]}
[06:55]   [ComfyUI]   Node 39: MultibandToMasks
[06:55]   [ComfyUI]     Inputs: {"channels": "0", "auto_detect_masks": true, "multiband": ["35", 0]}
[06:55]   [ComfyUI]   Node 40: DepthAnything_V3
[06:55]   [ComfyUI]     Inputs: {"normalization_mode": "Raw", "resize_method": "resize", "invert_depth": false, "keep_model_size": false, "da3_model": ["41", 0], "images": ["36", 0]}
[06:55]   [ComfyUI]   Node 41: DownloadAndLoadDepthAnythingV3Model
[06:55]   [ComfyUI]     Inputs: {"model": "da3_giant.safetensors", "precision": "auto", "attention": "auto"}
[06:55]   [ComfyUI]   Node 43: MaskPreview
[06:55]   [ComfyUI]     Inputs: {"mask": ["39", 0]}
[06:55]   [ComfyUI]   Node 44: PreviewImage
[06:55]   [ComfyUI]     Inputs: {"images": ["36", 0]}
[06:55]   [ComfyUI]   Node 46: PreviewAny
[06:55]   [ComfyUI]     Inputs: {"source": ["40", 9]}
[06:55]   [ComfyUI]   Node 58: LoadImageDataSetFromFolder
[06:55]   [ComfyUI]     Inputs: {"folder": "3d"}
[06:55]   [ComfyUI]   Node 59: PreviewAny
[06:55]   [ComfyUI]     Inputs: {"source": ["40", 8]}
[06:55]   [ComfyUI]   Node 60: CreateLoad3DCamera
[06:55]   [ComfyUI]     Inputs: {"pos_x": 3, "pos_y": 5.1, "pos_z": 8, "target_x": -0.5, "target_y": 2.1, "target_z": 0.4, "zoom": 3, "camera_type": "perspective"}
[06:55]   [ComfyUI] Generated prompt_id: a128378f-c09c-445a-8ace-315d66664aad
[06:55]   [ComfyUI] Calling execution.validate_prompt()...
[06:55]   [ComfyUI] Validation result: valid=True
[06:55]   [ComfyUI] === Validation PASSED ===
[06:55]   [ComfyUI] got prompt
[06:55]   [ComfyUI] LoadMultibandImage: Loaded /workspaces/SAM3DBody-1940/ComfyUI/input/fellowship.npz
[06:55]   [ComfyUI]   Shape: (1, 14, 497, 1200)
[06:55]   [ComfyUI]   Channels: 14
[06:55]   [ComfyUI]   Names: img_01_r,img_01_g,img_01_b,mask_01,mask_02,mask_03,mask_04,mask_05,mask_06,mask_07,mask_08,mask_09,m...
[06:55]   [ComfyUI] MultibandToMasks: Auto-detected 11 mask channels: ['mask_01', 'mask_02', 'mask_03', 'mask_04', 'mask_05', 'mask_06', 'mask_07', 'mask_08', 'mask_09', 'mask_10', 'mask_11']
[06:55]   Node executed (1 total), capturing...
[06:55]   [ComfyUI] [comfy-env] Running DownloadAndLoadDepthAnythingV3Model: model: 'da3_giant.safetensors', precision: 'auto', attention: 'auto'
[06:55]   [ComfyUI] [comfy-env] SubprocessWorker: /tmp/comfytest-home/.ce/.pixi/envs/depthanythingv3-nodes/bin/python
[06:55]   [ComfyUI] [comfy-env] env_vars: {'COMFYUI_BASE': '/workspaces/SAM3DBody-1940/ComfyUI'}
[06:55]   [ComfyUI] [VRAM] Before DownloadAndLoadDepthAnythingV3Model: 563 / 24124 MB
[06:55]   [ComfyUI] [SubprocessWorker] call_method: nodes.load_model.DownloadAndLoadDepthAnythingV3Model.EXECUTE_NORMALIZED
[06:55]   [ComfyUI] [ComfyUI-DepthAnythingV3] python: /tmp/comfytest-home/.ce/.pixi/envs/depthanythingv3-nodes/bin/python
[06:55]   [ComfyUI] [SubprocessWorker] acquired lock, ensuring started...
[06:55]   [ComfyUI] [ComfyUI-DepthAnythingV3] sys_path sent to worker: ['/workspaces/SAM3DBody-1940/ComfyUI', '/workspaces/SAM3DBody-1940/ComfyUI/custom_nodes/ComfyUI-DepthAnythingV3', '/tmp/comfytest-home/.ce/.pixi/envs/depthanythingv3-nodes/lib/python3.12/site-packages', '/workspaces/SAM3DBody-1940/ComfyUI/custom_nodes/ComfyUI-DepthAnythingV3']
[06:55]   [ComfyUI] [SubprocessWorker] is_pixi=True, python=/tmp/comfytest-home/.ce/.pixi/envs/depthanythingv3-nodes/bin/python
[06:55]   [ComfyUI] [SubprocessWorker] launching cmd=['/tmp/comfytest-home/.pixi/bin/pixi', 'run', '--as-is', '--manifest-path', '/tmp/comfytest-home/.ce/pixi.toml', '-e', 'depthanythingv3-nodes', 'python', '/tmp/comfyui_pvenv_kxe2ovm_/persistent_worker.py', 'abstract://comfy_worker_66bfa052f817']...
[06:55]   [ComfyUI] [SubprocessWorker] socket_addr=abstract://comfy_worker_66bfa052f817 (abstract, no filesystem path)
[06:56]   Frame 2 saved (frame_001.jpg, t=0.9s)
[06:56]   [capture-node] freeze=3ms shot=313ms unfreeze=11ms saved=True
[06:56]   Node executed (2 total), capturing...
[06:56]   [capture-node] freeze=4ms shot=255ms unfreeze=15ms saved=False
[06:58]   [ComfyUI] [worker:ComfyUI-DepthAnythingV3] ERROR: Failed to import comfy_kitchen, Error: No module named 'comfy_kitchen', fp8 and fp4 support will not be available.
[06:58]   [ComfyUI] [SubprocessWorker] worker started/confirmed
[06:58]   [ComfyUI] [SubprocessWorker] serializing kwargs to shm...
[06:58]   [ComfyUI] [SubprocessWorker] created 0 shm blocks
[06:58]   [ComfyUI] [SubprocessWorker] sending request via socket...
[06:58]   [ComfyUI] [SubprocessWorker] call_id=1 sending call_method
[06:59]   [ComfyUI] 
[07:01]   [ComfyUI] model.safetensors:   0%|          | 0.00/5.42G [00:00<?, ?B/s]
[07:01]   [ComfyUI] model.safetensors:   0%|          | 140k/5.42G [00:01<16:24:36, 91.8kB/s][SubprocessWorker] callback 'report_progress' from call_id=1
[07:01]   Frame 3 saved (frame_002.jpg, t=6.1s)
[07:01]   [capture-periodic] freeze=4ms shot=366ms unfreeze=5ms saved=True
[07:02]   [capture-loop] iter=50 t=7.5s state={'complete': False, 'error': None, 'executedCount': 2, 'wsState': 1} eval_ms=5 ram=5.9/31.2GB (19%) swap=1.0/32.0GB (3%) cpu=12% browser_rss=1.11GB
[07:03]   [ComfyUI] 
[07:03]   [ComfyUI] model.safetensors:   1%|          | 66.9M/5.42G [00:03<03:45, 23.7MB/s]  [SubprocessWorker] callback 'report_progress' from call_id=1
[07:03]   [ComfyUI] 
[07:03]   [ComfyUI] model.safetensors:   2%|▏         | 134M/5.42G [00:03<01:54, 46.1MB/s] [SubprocessWorker] callback 'report_progress' from call_id=1
[07:03]   Frame 4 saved (frame_003.jpg, t=8.7s)
[07:03]   [capture-periodic] freeze=5ms shot=231ms unfreeze=7ms saved=True
[07:08]   [capture-loop] iter=100 t=13.8s state={'complete': False, 'error': None, 'executedCount': 2, 'wsState': 1} eval_ms=4 ram=6.5/31.2GB (21%) swap=1.0/32.0GB (3%) cpu=7% browser_rss=1.11GB
[07:11]   [ComfyUI] 
[07:11]   [ComfyUI] model.safetensors:   4%|▎         | 201M/5.42G [00:11<05:37, 15.5MB/s][SubprocessWorker] callback 'report_progress' from call_id=1
[07:11]   [ComfyUI] 
[07:11]   [ComfyUI] model.safetensors:   6%|▌         | 335M/5.42G [00:12<02:33, 33.2MB/s][SubprocessWorker] callback 'report_progress' from call_id=1
[07:13]   Frame 5 saved (frame_004.jpg, t=17.9s)
[07:13]   [capture-periodic] freeze=3ms shot=226ms unfreeze=13ms saved=True
[07:14]   [ComfyUI] 
[07:14]   [ComfyUI] model.safetensors:  11%|█         | 604M/5.42G [00:14<01:23, 57.9MB/s][SubprocessWorker] callback 'report_progress' from call_id=1
[07:14]   [capture-loop] iter=150 t=19.7s state={'complete': False, 'error': None, 'executedCount': 2, 'wsState': 1} eval_ms=4 ram=6.9/31.2GB (22%) swap=1.0/32.0GB (3%) cpu=9% browser_rss=1.12GB
[07:15]   Frame 6 saved (frame_005.jpg, t=20.2s)
[07:15]   [capture-periodic] freeze=3ms shot=255ms unfreeze=7ms saved=True
[07:16]   [ComfyUI] 
[07:16]   [ComfyUI] model.safetensors:  15%|█▍        | 805M/5.42G [00:16<01:03, 72.2MB/s][SubprocessWorker] callback 'report_progress' from call_id=1
[07:17]   [ComfyUI] 
[07:17]   [ComfyUI] model.safetensors:  20%|█▉        | 1.07G/5.42G [00:17<00:44, 97.2MB/s][SubprocessWorker] callback 'report_progress' from call_id=1
[07:18]   Frame 7 saved (frame_006.jpg, t=22.6s)
[07:18]   [capture-periodic] freeze=10ms shot=256ms unfreeze=15ms saved=True
[07:19]   [ComfyUI] 
[07:19]   [ComfyUI] model.safetensors:  22%|██▏       | 1.21G/5.42G [00:19<00:44, 95.3MB/s][SubprocessWorker] callback 'report_progress' from call_id=1
[07:20]   Frame 8 saved (frame_007.jpg, t=25.0s)
[07:20]   [capture-periodic] freeze=3ms shot=260ms unfreeze=3ms saved=True
[07:21]   [capture-loop] iter=200 t=26.1s state={'complete': False, 'error': None, 'executedCount': 2, 'wsState': 1} eval_ms=4 ram=6.7/31.2GB (22%) swap=0.7/32.0GB (2%) cpu=8% browser_rss=1.13GB
[07:23]   [ComfyUI] 
[07:23]   [ComfyUI] model.safetensors:  27%|██▋       | 1.48G/5.42G [00:23<00:51, 76.8MB/s][SubprocessWorker] callback 'report_progress' from call_id=1
[07:24]   [ComfyUI] 
[07:24]   [ComfyUI] model.safetensors:  28%|██▊       | 1.54G/5.42G [00:24<00:51, 75.4MB/s][SubprocessWorker] callback 'report_progress' from call_id=1
[07:25]   Frame 9 saved (frame_008.jpg, t=29.7s)
[07:25]   [capture-periodic] freeze=3ms shot=227ms unfreeze=32ms saved=True
[07:27]   [capture-loop] iter=250 t=32.1s state={'complete': False, 'error': None, 'executedCount': 2, 'wsState': 1} eval_ms=4 ram=7.5/31.2GB (24%) swap=0.7/32.0GB (2%) cpu=15% browser_rss=1.13GB
[07:29]   [ComfyUI] 
[07:29]   [ComfyUI] model.safetensors:  37%|███▋      | 2.01G/5.42G [00:29<00:38, 89.2MB/s][SubprocessWorker] callback 'report_progress' from call_id=1
[07:29]   Frame 10 saved (frame_009.jpg, t=34.4s)
[07:29]   [capture-periodic] freeze=3ms shot=216ms unfreeze=8ms saved=True
[07:31]   [ComfyUI] 
[07:31]   [ComfyUI] model.safetensors:  49%|████▉     | 2.68G/5.42G [00:32<00:20, 135MB/s] [SubprocessWorker] callback 'report_progress' from call_id=1
[07:33]   [ComfyUI] 
[07:33]   [ComfyUI] model.safetensors:  51%|█████     | 2.75G/5.42G [00:33<00:21, 122MB/s][SubprocessWorker] callback 'report_progress' from call_id=1
[07:33]   [capture-loop] iter=300 t=38.3s state={'complete': False, 'error': None, 'executedCount': 2, 'wsState': 1} eval_ms=4 ram=6.8/31.2GB (22%) swap=0.7/32.0GB (2%) cpu=8% browser_rss=1.13GB
[07:33]   [ComfyUI] 
[07:33]   [ComfyUI] model.safetensors:  52%|█████▏    | 2.82G/5.42G [00:33<00:20, 128MB/s][SubprocessWorker] callback 'report_progress' from call_id=1
[07:34]   Frame 11 saved (frame_010.jpg, t=39.0s)
[07:34]   [capture-periodic] freeze=5ms shot=263ms unfreeze=15ms saved=True
[07:35]   [ComfyUI] 
[07:35]   [ComfyUI] model.safetensors:  58%|█████▊    | 3.15G/5.42G [00:35<00:15, 147MB/s][SubprocessWorker] callback 'report_progress' from call_id=1
[07:35]   [ComfyUI] 
[07:35]   [ComfyUI] model.safetensors:  61%|██████    | 3.29G/5.42G [00:35<00:12, 170MB/s][SubprocessWorker] callback 'report_progress' from call_id=1
[07:36]   [ComfyUI] 
[07:36]   [ComfyUI] model.safetensors:  63%|██████▎   | 3.42G/5.42G [00:36<00:13, 152MB/s][SubprocessWorker] callback 'report_progress' from call_id=1
[07:36]   Frame 12 saved (frame_011.jpg, t=41.5s)
[07:36]   [capture-periodic] freeze=3ms shot=244ms unfreeze=6ms saved=True
[07:37]   [ComfyUI] 
[07:37]   [ComfyUI] model.safetensors:  69%|██████▉   | 3.76G/5.42G [00:38<00:08, 186MB/s][SubprocessWorker] callback 'report_progress' from call_id=1
[07:39]   Frame 13 saved (frame_012.jpg, t=43.8s)
[07:39]   [capture-periodic] freeze=3ms shot=240ms unfreeze=3ms saved=True
[07:39]   [ComfyUI] 
[07:39]   [ComfyUI] model.safetensors:  70%|███████   | 3.82G/5.42G [00:39<00:11, 139MB/s][SubprocessWorker] callback 'report_progress' from call_id=1
[07:39]   [capture-loop] iter=350 t=44.7s state={'complete': False, 'error': None, 'executedCount': 2, 'wsState': 1} eval_ms=4 ram=6.7/31.2GB (21%) swap=0.7/32.0GB (2%) cpu=9% browser_rss=1.14GB
[07:39]   [ComfyUI] 
[07:39]   [ComfyUI] model.safetensors:  73%|███████▎  | 3.96G/5.42G [00:40<00:09, 156MB/s][SubprocessWorker] callback 'report_progress' from call_id=1
[07:41]   Frame 14 saved (frame_013.jpg, t=46.2s)
[07:41]   [capture-periodic] freeze=3ms shot=247ms unfreeze=3ms saved=True
[07:43]   [ComfyUI] 
[07:43]   [ComfyUI] model.safetensors:  74%|███████▍  | 4.02G/5.42G [00:43<00:17, 80.1MB/s][SubprocessWorker] callback 'report_progress' from call_id=1
[07:43]   Frame 15 saved (frame_014.jpg, t=48.6s)
[07:43]   [capture-periodic] freeze=3ms shot=249ms unfreeze=17ms saved=True
[07:44]   [ComfyUI] 
[07:44]   [ComfyUI] model.safetensors:  79%|███████▉  | 4.29G/5.42G [00:44<00:10, 112MB/s] [SubprocessWorker] callback 'report_progress' from call_id=1
[07:44]   [ComfyUI] 
[07:44]   [ComfyUI] model.safetensors:  84%|████████▍ | 4.56G/5.42G [00:44<00:04, 173MB/s][SubprocessWorker] callback 'report_progress' from call_id=1
[07:45]   [ComfyUI] 
[07:45]   [ComfyUI] model.safetensors: 100%|██████████| 5.42G/5.42G [00:45<00:00, 409MB/s][SubprocessWorker] callback 'report_progress' from call_id=1
[07:45]   [ComfyUI] 
[07:45]   [ComfyUI] model.safetensors: 100%|██████████| 5.42G/5.42G [00:45<00:00, 119MB/s]
[07:45]   [ComfyUI] [SubprocessWorker] got response: ok
[07:45]   [ComfyUI] [comfy-env] [VRAM] Before offload 'SAM3DBody_1' (3143 MB) -> cpu: 824 / 24124 MB
[07:45]   [ComfyUI] [ComfyUI-SAM3DBody] Health check: ping (timeout=5.0s)...
[07:45]   [ComfyUI] [ComfyUI-SAM3DBody] python: /tmp/comfytest-home/.ce/.pixi/envs/sam3dbody-nodes/bin/python
[07:45]   [ComfyUI] [ComfyUI-SAM3DBody] Health check: failed
[07:45]   [ComfyUI] [ComfyUI-SAM3DBody] sys_path sent to worker: ['/workspaces/SAM3DBody-1940/ComfyUI', '/workspaces/SAM3DBody-1940/ComfyUI/custom_nodes/ComfyUI-SAM3DBody', '/tmp/comfytest-home/.ce/.pixi/envs/sam3dbody-nodes/lib/python3.12/site-packages', '/workspaces/SAM3DBody-1940/ComfyUI/custom_nodes/ComfyUI-SAM3DBody']
[07:45]   [ComfyUI] [ComfyUI-SAM3DBody] Socket unhealthy, restarting worker...
[07:45]   [ComfyUI] [SubprocessWorker] is_pixi=True, python=/tmp/comfytest-home/.ce/.pixi/envs/sam3dbody-nodes/bin/python
[07:45]   [ComfyUI] [SubprocessWorker] launching cmd=['/tmp/comfytest-home/.pixi/bin/pixi', 'run', '--as-is', '--manifest-path', '/tmp/comfytest-home/.ce/pixi.toml', '-e', 'sam3dbody-nodes', 'python', '/tmp/comfyui_pvenv__mdy_68_/persistent_worker.py', 'abstract://comfy_worker_a48f7d166052']...
[07:45]   [ComfyUI] [SubprocessWorker] socket_addr=abstract://comfy_worker_a48f7d166052 (abstract, no filesystem path)
[07:45]   [capture-loop] iter=400 t=50.8s state={'complete': False, 'error': None, 'executedCount': 2, 'wsState': 1} eval_ms=3 ram=5.6/31.2GB (18%) swap=0.7/32.0GB (2%) cpu=10% browser_rss=1.14GB
[07:46]   Frame 16 saved (frame_015.jpg, t=51.0s)
[07:46]   [capture-periodic] freeze=3ms shot=235ms unfreeze=3ms saved=True
[07:48]   [ComfyUI] [worker:ComfyUI-SAM3DBody] ERROR: Failed to import comfy_kitchen, Error: No module named 'comfy_kitchen', fp8 and fp4 support will not be available.
[07:48]   [ComfyUI] [SubprocessWorker] call_id=5 sending model_to_device
[07:48]   [ComfyUI] Model 'SAM3DBody_1' gone from worker (restarted?), treating as offloaded
[07:48]   [ComfyUI] [comfy-env] [VRAM] After offload 'SAM3DBody_1' (3143 MB): 824 / 24124 MB
[07:48]   [ComfyUI] [comfy-env] DownloadAndLoadDepthAnythingV3Model done (52.35s): result: NodeOutput
[07:48]   [ComfyUI] [VRAM] After DownloadAndLoadDepthAnythingV3Model: 824 / 24124 MB
[07:48]   [ComfyUI] [comfy-env] Running DepthAnything_V3: normalization_mode: 'Raw', resize_method: 'resize', invert_depth: False, keep_model_size: False, da3_model: dict, images: torch.float32 [1,497,1200,3] cpu
[07:48]   [ComfyUI] [VRAM] Before DepthAnything_V3: 824 / 24124 MB
[07:48]   [ComfyUI] [SubprocessWorker] call_method: nodes.nodes_inference.DepthAnything_V3.EXECUTE_NORMALIZED
[07:48]   [ComfyUI] [SubprocessWorker] acquired lock, ensuring started...
[07:48]   [ComfyUI] [ComfyUI-DepthAnythingV3] Health check: ping (timeout=5.0s)...
[07:48]   [ComfyUI] [ComfyUI-DepthAnythingV3] Health check: ok
[07:48]   [ComfyUI] [SubprocessWorker] worker started/confirmed
[07:48]   [ComfyUI] [comfy-env] PRE-SERIALIZE 'images' shape: torch.Size([1, 497, 1200, 3])
[07:48]   [ComfyUI] [SubprocessWorker] serializing kwargs to shm...
[07:48]   [ComfyUI] [SubprocessWorker] created 0 shm blocks
[07:48]   [ComfyUI] [SubprocessWorker] sending request via socket...
[07:48]   [ComfyUI] [SubprocessWorker] call_id=2 sending call_method
[07:48]   [ComfyUI] [worker:ComfyUI-DepthAnythingV3] [comfy-env] _from_shm got dict with keys: ['__type__', 'strategy', 'parent_pid', 'fd', 'storage_size']
[07:48]   [ComfyUI] [worker:ComfyUI-DepthAnythingV3] [comfy-env] DESERIALIZE TensorRef: tensor_size=[1, 497, 1200, 3]
[07:48]   [ComfyUI] [worker:ComfyUI-DepthAnythingV3] [comfy-env] DESERIALIZED tensor shape: torch.Size([1, 497, 1200, 3])
[07:48]   Frame 17 saved (frame_016.jpg, t=53.4s)
[07:48]   [capture-periodic] freeze=2ms shot=235ms unfreeze=3ms saved=True
[07:48]   [ComfyUI] [worker:ComfyUI-DepthAnythingV3] WARNING: No comfy kitchen, using old apply_rope functions.
[07:51]   [capture-loop] iter=450 t=57.0s state={'complete': False, 'error': None, 'executedCount': 2, 'wsState': 1} eval_ms=3 ram=5.8/31.2GB (19%) swap=0.7/32.0GB (2%) cpu=11% browser_rss=1.14GB
[07:53]   [ComfyUI] [SubprocessWorker] got response: error
[07:53]   [ComfyUI] !!! Exception during processing !!! No module named 'transformers'
[07:53]   [ComfyUI] 
[07:53]   [ComfyUI] Worker traceback:
[07:53]   [ComfyUI] Traceback (most recent call last):
[07:53]   [ComfyUI]   File "/tmp/comfyui_pvenv_kxe2ovm_/persistent_worker.py", line 1762, in main
[07:53]   [ComfyUI]     result = method(**inputs)
[07:53]   [ComfyUI]              ^^^^^^^^^^^^^^^^
[07:53]   [ComfyUI]   File "/workspaces/SAM3DBody-1940/ComfyUI/comfy_api/latest/_io.py", line 1833, in EXECUTE_NORMALIZED
[07:53]   [ComfyUI]     to_return = cls.execute(*args, **kwargs)
[07:53]   [ComfyUI]                 ^^^^^^^^^^^^^^^^^^^^^^^^^^^^
[07:53]   [ComfyUI]   File "/workspaces/SAM3DBody-1940/ComfyUI/custom_nodes/ComfyUI-DepthAnythingV3/nodes/nodes_inference.py", line 86, in execute
[07:53]   [ComfyUI]     patcher = _get_or_build_da3_model(da3_model)
[07:53]   [ComfyUI]               ^^^^^^^^^^^^^^^^^^^^^^^^^^^^^^^^^^
[07:53]   [ComfyUI]   File "/workspaces/SAM3DBody-1940/ComfyUI/custom_nodes/ComfyUI-DepthAnythingV3/nodes/load_model.py", line 193, in _get_or_build_da3_model
[07:53]   [ComfyUI]     import comfy.model_patcher
[07:53]   [ComfyUI]   File "/workspaces/SAM3DBody-1940/ComfyUI/comfy/model_patcher.py", line 32, in <module>
[07:53]   [ComfyUI]     import comfy.hooks
[07:53]   [ComfyUI]   File "/workspaces/SAM3DBody-1940/ComfyUI/comfy/hooks.py", line 14, in <module>
[07:53]   [ComfyUI]     import comfy.lora
[07:53]   [ComfyUI]   File "/workspaces/SAM3DBody-1940/ComfyUI/comfy/lora.py", line 23, in <module>
[07:53]   [ComfyUI]     import comfy.model_base
[07:53]   [ComfyUI]   File "/workspaces/SAM3DBody-1940/ComfyUI/comfy/model_base.py", line 61, in <module>
[07:53]   [ComfyUI]     import comfy.ldm.hidream_o1.model
[07:53]   [ComfyUI]   File "/workspaces/SAM3DBody-1940/ComfyUI/comfy/ldm/hidream_o1/model.py", line 20, in <module>
[07:53]   [ComfyUI]     from comfy.text_encoders.qwen35 import Qwen35VisionModel
[07:53]   [ComfyUI]   File "/workspaces/SAM3DBody-1940/ComfyUI/comfy/text_encoders/qwen35.py", line 10, in <module>
[07:53]   [ComfyUI]     from comfy import sd1_clip
[07:53]   [ComfyUI]   File "/workspaces/SAM3DBody-1940/ComfyUI/comfy/sd1_clip.py", line 3, in <module>
[07:53]   [ComfyUI]     from transformers import CLIPTokenizer
[07:53]   [ComfyUI] ModuleNotFoundError: No module named 'transformers'
[07:53]   [ComfyUI] 
[07:53]   [ComfyUI] Traceback (most recent call last):
[07:53]   [ComfyUI]   File "/workspaces/SAM3DBody-1940/ComfyUI/execution.py", line 535, in execute
[07:53]   [ComfyUI]     output_data, output_ui, has_subgraph, has_pending_tasks = await get_output_data(prompt_id, unique_id, obj, input_data_all, execution_block_cb=execution_block_cb, pre_execute_cb=pre_execute_cb, v3_data=v3_data)
[07:53]   [ComfyUI]                                                               ^^^^^^^^^^^^^^^^^^^^^^^^^^^^^^^^^^^^^^^^^^^^^^^^^^^^^^^^^^^^^^^^^^^^^^^^^^^^^^^^^^^^^^^^^^^^^^^^^^^^^^^^^^^^^^^^^^^^^^^^^^^^^^^^^^^^^^^^^^^^^^^^^^^^^^^
[07:53]   [ComfyUI]   File "/workspaces/SAM3DBody-1940/ComfyUI/execution.py", line 335, in get_output_data
[07:53]   [ComfyUI]     return_values = await _async_map_node_over_list(prompt_id, unique_id, obj, input_data_all, obj.FUNCTION, allow_interrupt=True, execution_block_cb=execution_block_cb, pre_execute_cb=pre_execute_cb, v3_data=v3_data)
[07:53]   [ComfyUI]                     ^^^^^^^^^^^^^^^^^^^^^^^^^^^^^^^^^^^^^^^^^^^^^^^^^^^^^^^^^^^^^^^^^^^^^^^^^^^^^^^^^^^^^^^^^^^^^^^^^^^^^^^^^^^^^^^^^^^^^^^^^^^^^^^^^^^^^^^^^^^^^^^^^^^^^^^^^^^^^^^^^^^^^^^^^^^^^^^^^^^^^^^^^^^^^^^^^^^^^
[07:53]   [ComfyUI]   File "/workspaces/SAM3DBody-1940/ComfyUI/execution.py", line 309, in _async_map_node_over_list
[07:53]   [ComfyUI]     await process_inputs(input_dict, i)
[07:53]   [ComfyUI]   File "/workspaces/SAM3DBody-1940/ComfyUI/execution.py", line 297, in process_inputs
[07:53]   [ComfyUI]     result = f(**inputs)
[07:53]   [ComfyUI]              ^^^^^^^^^^^
[07:53]   [ComfyUI]   File "/workspaces/SAM3DBody-1940/.venv/lib/python3.12/site-packages/comfy_env/isolation/metadata.py", line 556, in proxy
[07:53]   [ComfyUI]     result = worker.call_method(
[07:53]   [ComfyUI]              ^^^^^^^^^^^^^^^^^^^
[07:53]   [ComfyUI]   File "/workspaces/SAM3DBody-1940/.venv/lib/python3.12/site-packages/comfy_env/isolation/workers/subprocess.py", line 674, in call_method
[07:53]   [ComfyUI]     raise WorkerError(
[07:53]   [ComfyUI] comfy_env.isolation.workers.base.WorkerError: No module named 'transformers'
[07:53]   [ComfyUI] 
[07:53]   [ComfyUI] Worker traceback:
[07:53]   [ComfyUI] Traceback (most recent call last):
[07:53]   [ComfyUI]   File "/tmp/comfyui_pvenv_kxe2ovm_/persistent_worker.py", line 1762, in main
[07:53]   [ComfyUI]     result = method(**inputs)
[07:53]   [ComfyUI]              ^^^^^^^^^^^^^^^^
[07:53]   [ComfyUI]   File "/workspaces/SAM3DBody-1940/ComfyUI/comfy_api/latest/_io.py", line 1833, in EXECUTE_NORMALIZED
[07:53]   [ComfyUI]     to_return = cls.execute(*args, **kwargs)
[07:53]   [ComfyUI]                 ^^^^^^^^^^^^^^^^^^^^^^^^^^^^
[07:53]   [ComfyUI]   File "/workspaces/SAM3DBody-1940/ComfyUI/custom_nodes/ComfyUI-DepthAnythingV3/nodes/nodes_inference.py", line 86, in execute
[07:53]   [ComfyUI]     patcher = _get_or_build_da3_model(da3_model)
[07:53]   [ComfyUI]               ^^^^^^^^^^^^^^^^^^^^^^^^^^^^^^^^^^
[07:53]   [ComfyUI]   File "/workspaces/SAM3DBody-1940/ComfyUI/custom_nodes/ComfyUI-DepthAnythingV3/nodes/load_model.py", line 193, in _get_or_build_da3_model
[07:53]   [ComfyUI]     import comfy.model_patcher
[07:53]   [ComfyUI]   File "/workspaces/SAM3DBody-1940/ComfyUI/comfy/model_patcher.py", line 32, in <module>
[07:53]   [ComfyUI]     import comfy.hooks
[07:53]   [ComfyUI]   File "/workspaces/SAM3DBody-1940/ComfyUI/comfy/hooks.py", line 14, in <module>
[07:53]   [ComfyUI]     import comfy.lora
[07:53]   [ComfyUI]   File "/workspaces/SAM3DBody-1940/ComfyUI/comfy/lora.py", line 23, in <module>
[07:53]   [ComfyUI]     import comfy.model_base
[07:53]   [ComfyUI]   File "/workspaces/SAM3DBody-1940/ComfyUI/comfy/model_base.py", line 61, in <module>
[07:53]   [ComfyUI]     import comfy.ldm.hidream_o1.model
[07:53]   [ComfyUI]   File "/workspaces/SAM3DBody-1940/ComfyUI/comfy/ldm/hidream_o1/model.py", line 20, in <module>
[07:53]   [ComfyUI]     from comfy.text_encoders.qwen35 import Qwen35VisionModel
[07:53]   [ComfyUI]   File "/workspaces/SAM3DBody-1940/ComfyUI/comfy/text_encoders/qwen35.py", line 10, in <module>
[07:53]   [ComfyUI]     from comfy import sd1_clip
[07:53]   [ComfyUI]   File "/workspaces/SAM3DBody-1940/ComfyUI/comfy/sd1_clip.py", line 3, in <module>
[07:53]   [ComfyUI]     from transformers import CLIPTokenizer
[07:53]   [ComfyUI] ModuleNotFoundError: No module named 'transformers'
[07:53]   [ComfyUI] 
[07:53]   [ComfyUI] 
[07:53]   [ComfyUI] Prompt executed in 58.04 seconds
[07:53]   Execution complete (t=58.8s)
[07:53]   Execution error: {'prompt_id': '89564568-1ae0-4dc7-a3b7-5e527480d83d', 'node_id': '40', 'node_type': 'DepthAnything_V3', 'executed': ['35', '36', '44', '60', '43', '41', '39'], 'exception_message': 'No module named \'transformers\'\n\nWorker traceback:\nTraceback (most recent call last):\n  File "/tmp/comfyui_pvenv_kxe2ovm_/persistent_worker.py", line 1762, in main\n    result = method(**inputs)\n             ^^^^^^^^^^^^^^^^\n  File "/workspaces/SAM3DBody-1940/ComfyUI/comfy_api/latest/_io.py", line 1833, in EXECUTE_NORMALIZED\n    to_return = cls.execute(*args, **kwargs)\n                ^^^^^^^^^^^^^^^^^^^^^^^^^^^^\n  File "/workspaces/SAM3DBody-1940/ComfyUI/custom_nodes/ComfyUI-DepthAnythingV3/nodes/nodes_inference.py", line 86, in execute\n    patcher = _get_or_build_da3_model(da3_model)\n              ^^^^^^^^^^^^^^^^^^^^^^^^^^^^^^^^^^\n  File "/workspaces/SAM3DBody-1940/ComfyUI/custom_nodes/ComfyUI-DepthAnythingV3/nodes/load_model.py", line 193, in _get_or_build_da3_model\n    import comfy.model_patcher\n  File "/workspaces/SAM3DBody-1940/ComfyUI/comfy/model_patcher.py", line 32, in <module>\n    import comfy.hooks\n  File "/workspaces/SAM3DBody-1940/ComfyUI/comfy/hooks.py", line 14, in <module>\n    import comfy.lora\n  File "/workspaces/SAM3DBody-1940/ComfyUI/comfy/lora.py", line 23, in <module>\n    import comfy.model_base\n  File "/workspaces/SAM3DBody-1940/ComfyUI/comfy/model_base.py", line 61, in <module>\n    import comfy.ldm.hidream_o1.model\n  File "/workspaces/SAM3DBody-1940/ComfyUI/comfy/ldm/hidream_o1/model.py", line 20, in <module>\n    from comfy.text_encoders.qwen35 import Qwen35VisionModel\n  File "/workspaces/SAM3DBody-1940/ComfyUI/comfy/text_encoders/qwen35.py", line 10, in <module>\n    from comfy import sd1_clip\n  File "/workspaces/SAM3DBody-1940/ComfyUI/comfy/sd1_clip.py", line 3, in <module>\n    from transformers import CLIPTokenizer\nModuleNotFoundError: No module named \'transformers\'\n\n', 'exception_type': 'comfy_env.isolation.workers.base.WorkerError', 'traceback': ['  File "/workspaces/SAM3DBody-1940/ComfyUI/execution.py", line 535, in execute\n    output_data, output_ui, has_subgraph, has_pending_tasks = await get_output_data(prompt_id, unique_id, obj, input_data_all, execution_block_cb=execution_block_cb, pre_execute_cb=pre_execute_cb, v3_data=v3_data)\n                                                              ^^^^^^^^^^^^^^^^^^^^^^^^^^^^^^^^^^^^^^^^^^^^^^^^^^^^^^^^^^^^^^^^^^^^^^^^^^^^^^^^^^^^^^^^^^^^^^^^^^^^^^^^^^^^^^^^^^^^^^^^^^^^^^^^^^^^^^^^^^^^^^^^^^^^^^^\n', '  File "/workspaces/SAM3DBody-1940/ComfyUI/execution.py", line 335, in get_output_data\n    return_values = await _async_map_node_over_list(prompt_id, unique_id, obj, input_data_all, obj.FUNCTION, allow_interrupt=True, execution_block_cb=execution_block_cb, pre_execute_cb=pre_execute_cb, v3_data=v3_data)\n                    ^^^^^^^^^^^^^^^^^^^^^^^^^^^^^^^^^^^^^^^^^^^^^^^^^^^^^^^^^^^^^^^^^^^^^^^^^^^^^^^^^^^^^^^^^^^^^^^^^^^^^^^^^^^^^^^^^^^^^^^^^^^^^^^^^^^^^^^^^^^^^^^^^^^^^^^^^^^^^^^^^^^^^^^^^^^^^^^^^^^^^^^^^^^^^^^^^^^^^\n', '  File "/workspaces/SAM3DBody-1940/ComfyUI/execution.py", line 309, in _async_map_node_over_list\n    await process_inputs(input_dict, i)\n', '  File "/workspaces/SAM3DBody-1940/ComfyUI/execution.py", line 297, in process_inputs\n    result = f(**inputs)\n             ^^^^^^^^^^^\n', '  File "/workspaces/SAM3DBody-1940/.venv/lib/python3.12/site-packages/comfy_env/isolation/metadata.py", line 556, in proxy\n    result = worker.call_method(\n             ^^^^^^^^^^^^^^^^^^^\n', '  File "/workspaces/SAM3DBody-1940/.venv/lib/python3.12/site-packages/comfy_env/isolation/workers/subprocess.py", line 674, in call_method\n    raise WorkerError(\n'], 'current_inputs': {'normalization_mode': ['Raw'], 'resize_method': ['resize'], 'invert_depth': [False], 'keep_model_size': [False], 'da3_model': ["{'model_path': '/workspaces/SAM3DBody-1940/ComfyUI/models/depthanything3/da3_giant.safetensors', 'model_key': 'da3-giant', 'dtype': 'bf16', 'attention': 'auto'}"], 'images': ['tensor([[[[0.0039, 0.0510, 0.0353],\n          [0.0039, 0.0510, 0.0353],\n          [0.0039, 0.0510, 0.0353],\n          ...,\n          [0.1922, 0.1451, 0.0980],\n          [0.2392, 0.1843, 0.1412],\n          [0.1608, 0.1059, 0.0627]],\n\n         [[0.0039, 0.0510, 0.0353],\n          [0.0039, 0.0510, 0.0353],\n          [0.0039, 0.0510, 0.0353],\n          ...,\n          [0.1961, 0.1529, 0.1059],\n          [0.2353, 0.1804, 0.1373],\n          [0.1569, 0.0902, 0.0510]],\n\n         [[0.0039, 0.0510, 0.0353],\n          [0.0039, 0.0510, 0.0353],\n          [0.0039, 0.0510, 0.0353],\n          ...,\n          [0.2118, 0.1569, 0.1137],\n          [0.2314, 0.1686, 0.1255],\n          [0.1373, 0.0627, 0.0275]],\n\n         ...,\n\n         [[0.4078, 0.1686, 0.1059],\n          [0.5020, 0.2549, 0.1843],\n          [0.5176, 0.2627, 0.1804],\n          ...,\n          [0.0039, 0.0039, 0.0039],\n          [0.0039, 0.0039, 0.0039],\n          [0.0039, 0.0039, 0.0039]],\n\n         [[0.4000, 0.1608, 0.0980],\n          [0.4902, 0.2431, 0.1765],\n          [0.5059, 0.2549, 0.1686],\n          ...,\n          [0.0039, 0.0039, 0.0039],\n          [0.0039, 0.0039, 0.0039],\n          [0.0039, 0.0039, 0.0039]],\n\n         [[0.4000, 0.1529, 0.0941],\n          [0.4588, 0.2118, 0.1451],\n          [0.5059, 0.2549, 0.1686],\n          ...,\n          [0.0000, 0.0000, 0.0000],\n          [0.0000, 0.0000, 0.0000],\n          [0.0000, 0.0000, 0.0000]]]])']}, 'current_outputs': ['24', '18', '58', '40', '59', '4', '35', '16', '29', '36', '44', '43', '46', '41', '60', '39'], 'timestamp': 1779133729318}
[07:54]   [3/5] SKIPPED (not in gpu list) rigged_mesh_manipulation.json
[07:54] Capturing execution frames: rigging.json
[08:06]   Frame 1 saved (frame_000.jpg, t=0.0s)
[08:06]   Validating workflow...
[08:06]   [ComfyUI] === /validate endpoint called ===
[08:06]   [ComfyUI] Received JSON with keys: ['prompt']
[08:06]   [ComfyUI] Prompt has 6 nodes
[08:06]   [ComfyUI]   Node 3: LoadImage
[08:06]   [ComfyUI]     Inputs: {"image": "masked_dancing.png"}
[08:06]   Queuing workflow for execution...
[08:06]   [ComfyUI]   Node 4: PreviewImage
[08:06]   [ComfyUI]     Inputs: {"images": ["10", 2]}
[08:06]   [ComfyUI]   Node 10: SAM3DBodyProcess
[08:06]   [ComfyUI]     Inputs: {"bbox_threshold": 0.8, "inference_type": "full", "model": ["15", 0], "image": ["3", 0], "mask": ["3", 1]}
[08:06]   [ComfyUI]   Node 12: SAM3DBodyExportFBX
[08:06]   [ComfyUI]     Inputs: {"output_filename": "sam3d_rigged.fbx", "mesh_data": ["10", 0]}
[08:06]   [ComfyUI]   Node 13: SAM3DBodyPreviewRiggedMesh
[08:06]   [ComfyUI]     Inputs: {"fbx_output_path": ["12", 0], "preview": ""}
[08:06]   [ComfyUI]   Node 15: LoadSAM3DBodyModel
[08:06]   [ComfyUI]     Inputs: {"precision": "auto"}
[08:06]   [ComfyUI] Generated prompt_id: fa41f657-5bf5-4598-87b7-24f5048091bb
[08:06]   [ComfyUI] Calling execution.validate_prompt()...
[08:06]   [ComfyUI] Validation result: valid=True
[08:06]   [ComfyUI] === Validation PASSED ===
[08:06]   [ComfyUI] got prompt
[08:06]   [ComfyUI] [comfy-env] Running LoadSAM3DBodyModel: precision: 'auto'
[08:06]   [ComfyUI] [VRAM] Before LoadSAM3DBodyModel: 1086 / 24124 MB
[08:06]   [ComfyUI] [SubprocessWorker] call_method: nodes.load_model.LoadSAM3DBodyModel.EXECUTE_NORMALIZED
[08:06]   [ComfyUI] [SubprocessWorker] acquired lock, ensuring started...
[08:06]   [ComfyUI] [ComfyUI-SAM3DBody] Health check: ping (timeout=5.0s)...
[08:06]   [ComfyUI] [ComfyUI-SAM3DBody] Health check: ok
[08:06]   [ComfyUI] [SubprocessWorker] worker started/confirmed
[08:06]   [ComfyUI] [SubprocessWorker] serializing kwargs to shm...
[08:06]   [ComfyUI] [SubprocessWorker] created 0 shm blocks
[08:06]   [ComfyUI] [SubprocessWorker] sending request via socket...
[08:06]   [ComfyUI] [SubprocessWorker] call_id=6 sending call_method
[08:07]   [ComfyUI] [SubprocessWorker] got response: ok
[08:07]   [ComfyUI] [comfy-env] LoadSAM3DBodyModel done (0.34s): result: NodeOutput
[08:07]   [ComfyUI] [VRAM] After LoadSAM3DBodyModel: 1086 / 24124 MB
[08:07]   [ComfyUI] [comfy-env] Running SAM3DBodyProcess: bbox_threshold: 0.8, inference_type: 'full', model: dict, image: torch.float32 [1,1500,2250,3] cpu, mask: torch.float32 [1,1500,2250] cpu
[08:07]   [ComfyUI] [VRAM] Before SAM3DBodyProcess: 1086 / 24124 MB
[08:07]   [ComfyUI] [SubprocessWorker] call_method: nodes.process.SAM3DBodyProcess.EXECUTE_NORMALIZED
[08:07]   [ComfyUI] [SubprocessWorker] acquired lock, ensuring started...
[08:07]   [ComfyUI] [ComfyUI-SAM3DBody] Health check: ping (timeout=5.0s)...
[08:07]   [ComfyUI] [ComfyUI-SAM3DBody] Health check: ok
[08:07]   [ComfyUI] [SubprocessWorker] worker started/confirmed
[08:07]   [ComfyUI] [comfy-env] PRE-SERIALIZE 'image' shape: torch.Size([1, 1500, 2250, 3])
[08:07]   [ComfyUI] [comfy-env] PRE-SERIALIZE 'mask' shape: torch.Size([1, 1500, 2250])
[08:07]   [ComfyUI] [SubprocessWorker] serializing kwargs to shm...
[08:07]   [ComfyUI] [SubprocessWorker] created 0 shm blocks
[08:07]   [ComfyUI] [SubprocessWorker] sending request via socket...
[08:07]   [ComfyUI] [SubprocessWorker] call_id=7 sending call_method
[08:07]   [ComfyUI] [worker:ComfyUI-SAM3DBody] [comfy-env] _from_shm got dict with keys: ['__type__', 'strategy', 'parent_pid', 'fd', 'storage_size']
[08:07]   [ComfyUI] [worker:ComfyUI-SAM3DBody] [comfy-env] DESERIALIZE TensorRef: tensor_size=[1, 1500, 2250, 3]
[08:07]   [ComfyUI] [worker:ComfyUI-SAM3DBody] [comfy-env] DESERIALIZED tensor shape: torch.Size([1, 1500, 2250, 3])
[08:07]   [ComfyUI] [worker:ComfyUI-SAM3DBody] [comfy-env] _from_shm got dict with keys: ['__type__', 'strategy', 'parent_pid', 'fd', 'storage_size']
[08:07]   [ComfyUI] [worker:ComfyUI-SAM3DBody] [comfy-env] DESERIALIZE TensorRef: tensor_size=[1, 1500, 2250]
[08:07]   [ComfyUI] [worker:ComfyUI-SAM3DBody] [comfy-env] DESERIALIZED tensor shape: torch.Size([1, 1500, 2250])
[08:08]   [ComfyUI] /workspaces/SAM3DBody-1940/ComfyUI/custom_nodes/ComfyUI-SAM3DBody/nodes/sam_3d_body/heads.py:40: UserWarning: Momentum is not enabled
[08:08]   [ComfyUI]   warnings.warn("Momentum is not enabled")
[08:08]   [ComfyUI] [worker:ComfyUI-SAM3DBody] WARNING: No comfy kitchen, using old apply_rope functions.
[08:08]   Frame 2 saved (frame_001.jpg, t=2.6s)
[08:09]   [capture-periodic] freeze=4ms shot=226ms unfreeze=5ms saved=True
[08:11]   Frame 3 saved (frame_002.jpg, t=4.9s)
[08:11]   [capture-periodic] freeze=4ms shot=216ms unfreeze=4ms saved=True
[08:12]   [capture-loop] iter=50 t=6.7s state={'complete': False, 'error': None, 'executedCount': 0, 'wsState': 1} eval_ms=14 ram=7.6/31.2GB (24%) swap=0.7/32.0GB (2%) cpu=14% browser_rss=1.58GB
[08:13]   [ComfyUI] [SubprocessWorker] callback 'request_vram_budget' from call_id=7
[08:13]   [ComfyUI] [comfy-env] VRAM request: 3.30GB, free before eviction: 24.16GB
[08:13]   [ComfyUI] [comfy-env] VRAM after eviction: 24.16GB
[08:13]   [ComfyUI] [worker:ComfyUI-SAM3DBody] [VRAM] +633MB (now 633MB) reserved=640MB peak=633MB
[08:14]   [ComfyUI] [worker:ComfyUI-SAM3DBody] [VRAM] +2520MB (now 3153MB) reserved=3168MB peak=3153MB
[08:15]   [ComfyUI] [worker:ComfyUI-SAM3DBody] ERROR: Error running sage attention: Failed to find C compiler. Please specify via CC environment variable or set triton.knobs.build.impl., using pytorch attention instead.
[08:15]   [ComfyUI] [worker:ComfyUI-SAM3DBody] ERROR: Error running sage attention: Failed to find C compiler. Please specify via CC environment variable or set triton.knobs.build.impl., using pytorch attention instead.
[08:15]   [ComfyUI] [worker:ComfyUI-SAM3DBody] ERROR: Error running sage attention: Failed to find C compiler. Please specify via CC environment variable or set triton.knobs.build.impl., using pytorch attention instead.
[08:15]   [ComfyUI] [worker:ComfyUI-SAM3DBody] ERROR: Error running sage attention: Failed to find C compiler. Please specify via CC environment variable or set triton.knobs.build.impl., using pytorch attention instead.
[08:16]   [ComfyUI] [worker:ComfyUI-SAM3DBody] ERROR: Error running sage attention: Failed to find C compiler. Please specify via CC environment variable or set triton.knobs.build.impl., using pytorch attention instead.
[08:16]   [ComfyUI] [worker:ComfyUI-SAM3DBody] ERROR: Error running sage attention: Failed to find C compiler. Please specify via CC environment variable or set triton.knobs.build.impl., using pytorch attention instead.
[08:16]   [ComfyUI] [worker:ComfyUI-SAM3DBody] ERROR: Error running sage attention: Failed to find C compiler. Please specify via CC environment variable or set triton.knobs.build.impl., using pytorch attention instead.
[08:16]   [ComfyUI] [worker:ComfyUI-SAM3DBody] ERROR: Error running sage attention: Failed to find C compiler. Please specify via CC environment variable or set triton.knobs.build.impl., using pytorch attention instead.
[08:17]   [ComfyUI] [worker:ComfyUI-SAM3DBody] ERROR: Error running sage attention: Failed to find C compiler. Please specify via CC environment variable or set triton.knobs.build.impl., using pytorch attention instead.
[08:17]   [ComfyUI] [worker:ComfyUI-SAM3DBody] ERROR: Error running sage attention: Failed to find C compiler. Please specify via CC environment variable or set triton.knobs.build.impl., using pytorch attention instead.
[08:17]   [ComfyUI] [worker:ComfyUI-SAM3DBody] ERROR: Error running sage attention: Failed to find C compiler. Please specify via CC environment variable or set triton.knobs.build.impl., using pytorch attention instead.
[08:17]   [ComfyUI] [worker:ComfyUI-SAM3DBody] ERROR: Error running sage attention: Failed to find C compiler. Please specify via CC environment variable or set triton.knobs.build.impl., using pytorch attention instead.
[08:17]   [ComfyUI] [worker:ComfyUI-SAM3DBody] ERROR: Error running sage attention: Failed to find C compiler. Please specify via CC environment variable or set triton.knobs.build.impl., using pytorch attention instead.
[08:17]   [ComfyUI] [worker:ComfyUI-SAM3DBody] ERROR: Error running sage attention: Failed to find C compiler. Please specify via CC environment variable or set triton.knobs.build.impl., using pytorch attention instead.
[08:17]   [ComfyUI] [worker:ComfyUI-SAM3DBody] ERROR: Error running sage attention: Failed to find C compiler. Please specify via CC environment variable or set triton.knobs.build.impl., using pytorch attention instead.
[08:17]   [ComfyUI] [worker:ComfyUI-SAM3DBody] ERROR: Error running sage attention: Failed to find C compiler. Please specify via CC environment variable or set triton.knobs.build.impl., using pytorch attention instead.
[08:18]   [ComfyUI] [worker:ComfyUI-SAM3DBody] ERROR: Error running sage attention: Failed to find C compiler. Please specify via CC environment variable or set triton.knobs.build.impl., using pytorch attention instead.
[08:18]   [ComfyUI] [worker:ComfyUI-SAM3DBody] ERROR: Error running sage attention: Failed to find C compiler. Please specify via CC environment variable or set triton.knobs.build.impl., using pytorch attention instead.
[08:18]   [ComfyUI] [worker:ComfyUI-SAM3DBody] ERROR: Error running sage attention: Failed to find C compiler. Please specify via CC environment variable or set triton.knobs.build.impl., using pytorch attention instead.
[08:18]   [ComfyUI] [worker:ComfyUI-SAM3DBody] ERROR: Error running sage attention: Failed to find C compiler. Please specify via CC environment variable or set triton.knobs.build.impl., using pytorch attention instead.
[08:18]   [ComfyUI] [worker:ComfyUI-SAM3DBody] ERROR: Error running sage attention: Failed to find C compiler. Please specify via CC environment variable or set triton.knobs.build.impl., using pytorch attention instead.
[08:18]   [ComfyUI] [worker:ComfyUI-SAM3DBody] ERROR: Error running sage attention: Failed to find C compiler. Please specify via CC environment variable or set triton.knobs.build.impl., using pytorch attention instead.
[08:18]   [ComfyUI] [worker:ComfyUI-SAM3DBody] ERROR: Error running sage attention: Failed to find C compiler. Please specify via CC environment variable or set triton.knobs.build.impl., using pytorch attention instead.
[08:18]   [ComfyUI] [worker:ComfyUI-SAM3DBody] ERROR: Error running sage attention: Failed to find C compiler. Please specify via CC environment variable or set triton.knobs.build.impl., using pytorch attention instead.
[08:18]   [ComfyUI] [worker:ComfyUI-SAM3DBody] ERROR: Error running sage attention: Failed to find C compiler. Please specify via CC environment variable or set triton.knobs.build.impl., using pytorch attention instead.
[08:18]   [ComfyUI] [worker:ComfyUI-SAM3DBody] ERROR: Error running sage attention: Failed to find C compiler. Please specify via CC environment variable or set triton.knobs.build.impl., using pytorch attention instead.
[08:18]   [ComfyUI] [worker:ComfyUI-SAM3DBody] ERROR: Error running sage attention: Failed to find C compiler. Please specify via CC environment variable or set triton.knobs.build.impl., using pytorch attention instead.
[08:18]   [ComfyUI] [worker:ComfyUI-SAM3DBody] ERROR: Error running sage attention: Failed to find C compiler. Please specify via CC environment variable or set triton.knobs.build.impl., using pytorch attention instead.
[08:18]   [ComfyUI] [worker:ComfyUI-SAM3DBody] ERROR: Error running sage attention: Failed to find C compiler. Please specify via CC environment variable or set triton.knobs.build.impl., using pytorch attention instead.
[08:18]   [ComfyUI] [worker:ComfyUI-SAM3DBody] ERROR: Error running sage attention: Failed to find C compiler. Please specify via CC environment variable or set triton.knobs.build.impl., using pytorch attention instead.
[08:18]   [ComfyUI] [worker:ComfyUI-SAM3DBody] ERROR: Error running sage attention: Failed to find C compiler. Please specify via CC environment variable or set triton.knobs.build.impl., using pytorch attention instead.
[08:18]   [ComfyUI] [worker:ComfyUI-SAM3DBody] ERROR: Error running sage attention: Failed to find C compiler. Please specify via CC environment variable or set triton.knobs.build.impl., using pytorch attention instead.
[08:18]   [ComfyUI] [worker:ComfyUI-SAM3DBody] ERROR: Error running sage attention: Failed to find C compiler. Please specify via CC environment variable or set triton.knobs.build.impl., using pytorch attention instead.
[08:18]   [ComfyUI] [worker:ComfyUI-SAM3DBody] ERROR: Error running sage attention: Failed to find C compiler. Please specify via CC environment variable or set triton.knobs.build.impl., using pytorch attention instead.
[08:18]   [ComfyUI] [worker:ComfyUI-SAM3DBody] ERROR: Error running sage attention: Failed to find C compiler. Please specify via CC environment variable or set triton.knobs.build.impl., using pytorch attention instead.
[08:18]   [ComfyUI] [worker:ComfyUI-SAM3DBody] ERROR: Error running sage attention: Failed to find C compiler. Please specify via CC environment variable or set triton.knobs.build.impl., using pytorch attention instead.
[08:18]   [ComfyUI] [worker:ComfyUI-SAM3DBody] ERROR: Error running sage attention: Failed to find C compiler. Please specify via CC environment variable or set triton.knobs.build.impl., using pytorch attention instead.
[08:19]   [ComfyUI] [worker:ComfyUI-SAM3DBody] ERROR: Error running sage attention: Failed to find C compiler. Please specify via CC environment variable or set triton.knobs.build.impl., using pytorch attention instead.
[08:19]   [ComfyUI] [worker:ComfyUI-SAM3DBody] ERROR: Error running sage attention: Failed to find C compiler. Please specify via CC environment variable or set triton.knobs.build.impl., using pytorch attention instead.
[08:19]   [ComfyUI] [worker:ComfyUI-SAM3DBody] ERROR: Error running sage attention: Failed to find C compiler. Please specify via CC environment variable or set triton.knobs.build.impl., using pytorch attention instead.
[08:19]   [ComfyUI] [worker:ComfyUI-SAM3DBody] ERROR: Error running sage attention: Failed to find C compiler. Please specify via CC environment variable or set triton.knobs.build.impl., using pytorch attention instead.
[08:19]   [ComfyUI] [worker:ComfyUI-SAM3DBody] ERROR: Error running sage attention: Failed to find C compiler. Please specify via CC environment variable or set triton.knobs.build.impl., using pytorch attention instead.
[08:19]   [ComfyUI] [worker:ComfyUI-SAM3DBody] ERROR: Error running sage attention: Failed to find C compiler. Please specify via CC environment variable or set triton.knobs.build.impl., using pytorch attention instead.
[08:19]   [ComfyUI] [worker:ComfyUI-SAM3DBody] ERROR: Error running sage attention: Failed to find C compiler. Please specify via CC environment variable or set triton.knobs.build.impl., using pytorch attention instead.
[08:19]   [ComfyUI] [worker:ComfyUI-SAM3DBody] ERROR: Error running sage attention: Failed to find C compiler. Please specify via CC environment variable or set triton.knobs.build.impl., using pytorch attention instead.
[08:19]   [ComfyUI] [worker:ComfyUI-SAM3DBody] ERROR: Error running sage attention: Failed to find C compiler. Please specify via CC environment variable or set triton.knobs.build.impl., using pytorch attention instead.
[08:19]   [ComfyUI] [worker:ComfyUI-SAM3DBody] ERROR: Error running sage attention: Failed to find C compiler. Please specify via CC environment variable or set triton.knobs.build.impl., using pytorch attention instead.
[08:19]   [ComfyUI] [worker:ComfyUI-SAM3DBody] ERROR: Error running sage attention: Failed to find C compiler. Please specify via CC environment variable or set triton.knobs.build.impl., using pytorch attention instead.
[08:19]   [capture-loop] iter=100 t=13.1s state={'complete': False, 'error': None, 'executedCount': 0, 'wsState': 1} eval_ms=14 ram=8.4/31.2GB (27%) swap=0.7/32.0GB (2%) cpu=15% browser_rss=1.55GB
[08:19]   [ComfyUI] [SubprocessWorker] got response: ok
[08:19]   [ComfyUI] [comfy-env] Created 1 model patchers: ['SAM3DBody_1']
[08:19]   [ComfyUI] [comfy-env] SAM3DBodyProcess done (12.26s): result: NodeOutput
[08:19]   [ComfyUI] [VRAM] After SAM3DBodyProcess: 4434 / 24124 MB
[08:19]   [ComfyUI] [VRAM] Loaded: SubprocessModel (3143 MB)
[08:19]   [ComfyUI] [comfy-env] Running SAM3DBodyExportFBX: output_filename: 'sam3d_rigged.fbx', mesh_data: dict
[08:19]   [ComfyUI] [VRAM] Before SAM3DBodyExportFBX: 4434 / 24124 MB
[08:19]   [ComfyUI] [VRAM] Loaded: SubprocessModel (3143 MB)
[08:19]   [ComfyUI] [SubprocessWorker] call_method: nodes.export.SAM3DBodyExportFBX.EXECUTE_NORMALIZED
[08:19]   [ComfyUI] [SubprocessWorker] acquired lock, ensuring started...
[08:19]   [ComfyUI] [ComfyUI-SAM3DBody] Health check: ping (timeout=5.0s)...
[08:19]   [ComfyUI] [ComfyUI-SAM3DBody] Health check: ok
[08:19]   [ComfyUI] [SubprocessWorker] worker started/confirmed
[08:19]   [ComfyUI] [SubprocessWorker] serializing kwargs to shm...
[08:19]   [ComfyUI] [SubprocessWorker] created 0 shm blocks
[08:19]   [ComfyUI] [SubprocessWorker] sending request via socket...
[08:19]   [ComfyUI] [SubprocessWorker] call_id=8 sending call_method
[08:19]   [ComfyUI] [worker:ComfyUI-SAM3DBody] [comfy-env] _from_shm got dict with keys: ['__type__', 'strategy', 'parent_pid', 'fd', 'storage_size']
[08:19]   [ComfyUI] [worker:ComfyUI-SAM3DBody] [comfy-env] DESERIALIZE TensorRef: tensor_size=[18439, 3]
[08:19]   [ComfyUI] [worker:ComfyUI-SAM3DBody] [comfy-env] DESERIALIZED tensor shape: torch.Size([18439, 3])
[08:19]   [ComfyUI] [worker:ComfyUI-SAM3DBody] [comfy-env] _from_shm got dict with keys: ['__type__', 'strategy', 'parent_pid', 'fd', 'storage_size']
[08:19]   [ComfyUI] [worker:ComfyUI-SAM3DBody] [comfy-env] DESERIALIZE TensorRef: tensor_size=[36874, 3]
[08:19]   [ComfyUI] [worker:ComfyUI-SAM3DBody] [comfy-env] DESERIALIZED tensor shape: torch.Size([36874, 3])
[08:19]   [ComfyUI] [worker:ComfyUI-SAM3DBody] [comfy-env] _from_shm got dict with keys: ['__type__', 'strategy', 'parent_pid', 'fd', 'storage_size']
[08:19]   [ComfyUI] [worker:ComfyUI-SAM3DBody] [comfy-env] DESERIALIZE TensorRef: tensor_size=[70, 3]
[08:19]   [ComfyUI] [worker:ComfyUI-SAM3DBody] [comfy-env] DESERIALIZED tensor shape: torch.Size([70, 3])
[08:19]   [ComfyUI] [worker:ComfyUI-SAM3DBody] [comfy-env] _from_shm got dict with keys: ['__type__', 'strategy', 'parent_pid', 'fd', 'storage_size']
[08:19]   [ComfyUI] [worker:ComfyUI-SAM3DBody] [comfy-env] DESERIALIZE TensorRef: tensor_size=[127, 3]
[08:19]   [ComfyUI] [worker:ComfyUI-SAM3DBody] [comfy-env] DESERIALIZED tensor shape: torch.Size([127, 3])
[08:19]   [ComfyUI] [worker:ComfyUI-SAM3DBody] [comfy-env] _from_shm got dict with keys: ['__type__', 'strategy', 'parent_pid', 'fd', 'storage_size']
[08:19]   [ComfyUI] [worker:ComfyUI-SAM3DBody] [comfy-env] DESERIALIZE TensorRef: tensor_size=[127, 3, 3]
[08:19]   [ComfyUI] [worker:ComfyUI-SAM3DBody] [comfy-env] DESERIALIZED tensor shape: torch.Size([127, 3, 3])
[08:19]   [ComfyUI] [worker:ComfyUI-SAM3DBody] [comfy-env] _from_shm got dict with keys: ['__type__', 'strategy', 'parent_pid', 'fd', 'storage_size']
[08:19]   [ComfyUI] [worker:ComfyUI-SAM3DBody] [comfy-env] DESERIALIZE TensorRef: tensor_size=[3]
[08:19]   [ComfyUI] [worker:ComfyUI-SAM3DBody] [comfy-env] DESERIALIZED tensor shape: torch.Size([3])
[08:19]   [ComfyUI] [worker:ComfyUI-SAM3DBody] [comfy-env] _from_shm got dict with keys: ['__type__', 'strategy', 'parent_pid', 'fd', 'storage_size']
[08:19]   [ComfyUI] [worker:ComfyUI-SAM3DBody] [comfy-env] DESERIALIZE TensorRef: tensor_size=[4]
[08:19]   [ComfyUI] [worker:ComfyUI-SAM3DBody] [comfy-env] DESERIALIZED tensor shape: torch.Size([4])
[08:19]   [ComfyUI] [worker:ComfyUI-SAM3DBody] [comfy-env] _from_shm got dict with keys: ['__type__', 'strategy', 'parent_pid', 'fd', 'storage_size']
[08:19]   [ComfyUI] [worker:ComfyUI-SAM3DBody] [comfy-env] DESERIALIZE TensorRef: tensor_size=[133]
[08:19]   [ComfyUI] [worker:ComfyUI-SAM3DBody] [comfy-env] DESERIALIZED tensor shape: torch.Size([133])
[08:19]   [ComfyUI] [worker:ComfyUI-SAM3DBody] [comfy-env] _from_shm got dict with keys: ['__type__', 'strategy', 'parent_pid', 'fd', 'storage_size']
[08:19]   [ComfyUI] [worker:ComfyUI-SAM3DBody] [comfy-env] DESERIALIZE TensorRef: tensor_size=[108]
[08:19]   [ComfyUI] [worker:ComfyUI-SAM3DBody] [comfy-env] DESERIALIZED tensor shape: torch.Size([108])
[08:19]   [ComfyUI] [worker:ComfyUI-SAM3DBody] [comfy-env] _from_shm got dict with keys: ['__type__', 'strategy', 'parent_pid', 'fd', 'storage_size']
[08:19]   [ComfyUI] [worker:ComfyUI-SAM3DBody] [comfy-env] DESERIALIZE TensorRef: tensor_size=[3]
[08:19]   [ComfyUI] [worker:ComfyUI-SAM3DBody] [comfy-env] DESERIALIZED tensor shape: torch.Size([3])
[08:19]   [ComfyUI] [worker:ComfyUI-SAM3DBody] [comfy-env] _from_shm got dict with keys: ['__type__', 'strategy', 'parent_pid', 'fd', 'storage_size']
[08:19]   [ComfyUI] [worker:ComfyUI-SAM3DBody] [comfy-env] DESERIALIZE TensorRef: tensor_size=[45]
[08:19]   [ComfyUI] [worker:ComfyUI-SAM3DBody] [comfy-env] DESERIALIZED tensor shape: torch.Size([45])
[08:19]   [ComfyUI] [worker:ComfyUI-SAM3DBody] [comfy-env] _from_shm got dict with keys: ['__type__', 'strategy', 'parent_pid', 'fd', 'storage_size']
[08:19]   [ComfyUI] [worker:ComfyUI-SAM3DBody] [comfy-env] DESERIALIZE TensorRef: tensor_size=[28]
[08:19]   [ComfyUI] [worker:ComfyUI-SAM3DBody] [comfy-env] DESERIALIZED tensor shape: torch.Size([28])
[08:19]   [ComfyUI] [worker:ComfyUI-SAM3DBody] [comfy-env] _from_shm got dict with keys: ['__type__', 'strategy', 'parent_pid', 'fd', 'storage_size']
[08:19]   [ComfyUI] [worker:ComfyUI-SAM3DBody] [comfy-env] DESERIALIZE TensorRef: tensor_size=[72]
[08:19]   [ComfyUI] [worker:ComfyUI-SAM3DBody] [comfy-env] DESERIALIZED tensor shape: torch.Size([72])
[08:19]   [ComfyUI] [worker:ComfyUI-SAM3DBody] [comfy-env] _from_shm got dict with keys: ['__type__', 'strategy', 'parent_pid', 'fd', 'storage_size']
[08:19]   [ComfyUI] [worker:ComfyUI-SAM3DBody] [comfy-env] DESERIALIZE TensorRef: tensor_size=[4]
[08:19]   [ComfyUI] [worker:ComfyUI-SAM3DBody] [comfy-env] DESERIALIZED tensor shape: torch.Size([4])
[08:19]   [ComfyUI] [worker:ComfyUI-SAM3DBody] [comfy-env] _from_shm got dict with keys: ['__type__', 'strategy', 'parent_pid', 'fd', 'storage_size']
[08:19]   [ComfyUI] [worker:ComfyUI-SAM3DBody] [comfy-env] DESERIALIZE TensorRef: tensor_size=[70, 3]
[08:19]   [ComfyUI] [worker:ComfyUI-SAM3DBody] [comfy-env] DESERIALIZED tensor shape: torch.Size([70, 3])
[08:19]   [ComfyUI] [worker:ComfyUI-SAM3DBody] [comfy-env] _from_shm got dict with keys: ['__type__', 'strategy', 'parent_pid', 'fd', 'storage_size']
[08:19]   [ComfyUI] [worker:ComfyUI-SAM3DBody] [comfy-env] DESERIALIZE TensorRef: tensor_size=[70, 2]
[08:19]   [ComfyUI] [worker:ComfyUI-SAM3DBody] [comfy-env] DESERIALIZED tensor shape: torch.Size([70, 2])
[08:19]   [ComfyUI] [worker:ComfyUI-SAM3DBody] [comfy-env] _from_shm got dict with keys: ['__type__', 'strategy', 'parent_pid', 'fd', 'storage_size']
[08:19]   [ComfyUI] [worker:ComfyUI-SAM3DBody] [comfy-env] DESERIALIZE TensorRef: tensor_size=[18439, 3]
[08:19]   [ComfyUI] [worker:ComfyUI-SAM3DBody] [comfy-env] DESERIALIZED tensor shape: torch.Size([18439, 3])
[08:19]   [ComfyUI] [worker:ComfyUI-SAM3DBody] [comfy-env] _from_shm got dict with keys: ['__type__', 'strategy', 'parent_pid', 'fd', 'storage_size']
[08:19]   [ComfyUI] [worker:ComfyUI-SAM3DBody] [comfy-env] DESERIALIZE TensorRef: tensor_size=[3]
[08:19]   [ComfyUI] [worker:ComfyUI-SAM3DBody] [comfy-env] DESERIALIZED tensor shape: torch.Size([3])
[08:19]   [ComfyUI] [worker:ComfyUI-SAM3DBody] [comfy-env] _from_shm got dict with keys: ['__type__', 'strategy', 'parent_pid', 'fd', 'storage_size']
[08:19]   [ComfyUI] [worker:ComfyUI-SAM3DBody] [comfy-env] DESERIALIZE TensorRef: tensor_size=[266]
[08:19]   [ComfyUI] [worker:ComfyUI-SAM3DBody] [comfy-env] DESERIALIZED tensor shape: torch.Size([266])
[08:19]   [ComfyUI] [worker:ComfyUI-SAM3DBody] [comfy-env] _from_shm got dict with keys: ['__type__', 'strategy', 'parent_pid', 'fd', 'storage_size']
[08:19]   [ComfyUI] [worker:ComfyUI-SAM3DBody] [comfy-env] DESERIALIZE TensorRef: tensor_size=[3]
[08:19]   [ComfyUI] [worker:ComfyUI-SAM3DBody] [comfy-env] DESERIALIZED tensor shape: torch.Size([3])
[08:19]   [ComfyUI] [worker:ComfyUI-SAM3DBody] [comfy-env] _from_shm got dict with keys: ['__type__', 'strategy', 'parent_pid', 'fd', 'storage_size']
[08:19]   [ComfyUI] [worker:ComfyUI-SAM3DBody] [comfy-env] DESERIALIZE TensorRef: tensor_size=[133]
[08:19]   [ComfyUI] [worker:ComfyUI-SAM3DBody] [comfy-env] DESERIALIZED tensor shape: torch.Size([133])
[08:19]   [ComfyUI] [worker:ComfyUI-SAM3DBody] [comfy-env] _from_shm got dict with keys: ['__type__', 'strategy', 'parent_pid', 'fd', 'storage_size']
[08:19]   [ComfyUI] [worker:ComfyUI-SAM3DBody] [comfy-env] DESERIALIZE TensorRef: tensor_size=[108]
[08:19]   [ComfyUI] [worker:ComfyUI-SAM3DBody] [comfy-env] DESERIALIZED tensor shape: torch.Size([108])
[08:19]   [ComfyUI] [worker:ComfyUI-SAM3DBody] [comfy-env] _from_shm got dict with keys: ['__type__', 'strategy', 'parent_pid', 'fd', 'storage_size']
[08:19]   [ComfyUI] [worker:ComfyUI-SAM3DBody] [comfy-env] DESERIALIZE TensorRef: tensor_size=[28]
[08:19]   [ComfyUI] [worker:ComfyUI-SAM3DBody] [comfy-env] DESERIALIZED tensor shape: torch.Size([28])
[08:19]   [ComfyUI] [worker:ComfyUI-SAM3DBody] [comfy-env] _from_shm got dict with keys: ['__type__', 'strategy', 'parent_pid', 'fd', 'storage_size']
[08:19]   [ComfyUI] [worker:ComfyUI-SAM3DBody] [comfy-env] DESERIALIZE TensorRef: tensor_size=[45]
[08:19]   [ComfyUI] [worker:ComfyUI-SAM3DBody] [comfy-env] DESERIALIZED tensor shape: torch.Size([45])
[08:19]   [ComfyUI] [worker:ComfyUI-SAM3DBody] [comfy-env] _from_shm got dict with keys: ['__type__', 'strategy', 'parent_pid', 'fd', 'storage_size']
[08:19]   [ComfyUI] [worker:ComfyUI-SAM3DBody] [comfy-env] DESERIALIZE TensorRef: tensor_size=[72]
[08:19]   [ComfyUI] [worker:ComfyUI-SAM3DBody] [comfy-env] DESERIALIZED tensor shape: torch.Size([72])
[08:19]   [ComfyUI] [worker:ComfyUI-SAM3DBody] [comfy-env] _from_shm got dict with keys: ['__type__', 'strategy', 'parent_pid', 'fd', 'storage_size']
[08:19]   [ComfyUI] [worker:ComfyUI-SAM3DBody] [comfy-env] DESERIALIZE TensorRef: tensor_size=[1500, 2250, 1]
[08:19]   [ComfyUI] [worker:ComfyUI-SAM3DBody] [comfy-env] DESERIALIZED tensor shape: torch.Size([1500, 2250, 1])
[08:20]   [ComfyUI] [worker:ComfyUI-SAM3DBody] [comfy-env] _from_shm got dict with keys: ['__type__', 'strategy', 'parent_pid', 'fd', 'storage_size']
[08:20]   [ComfyUI] [worker:ComfyUI-SAM3DBody] [comfy-env] DESERIALIZE TensorRef: tensor_size=[127, 3]
[08:20]   [ComfyUI] [worker:ComfyUI-SAM3DBody] [comfy-env] DESERIALIZED tensor shape: torch.Size([127, 3])
[08:20]   [ComfyUI] [worker:ComfyUI-SAM3DBody] [comfy-env] _from_shm got dict with keys: ['__type__', 'strategy', 'parent_pid', 'fd', 'storage_size']
[08:20]   [ComfyUI] [worker:ComfyUI-SAM3DBody] [comfy-env] DESERIALIZE TensorRef: tensor_size=[127, 3, 3]
[08:20]   [ComfyUI] [worker:ComfyUI-SAM3DBody] [comfy-env] DESERIALIZED tensor shape: torch.Size([127, 3, 3])
[08:20]   [ComfyUI] [worker:ComfyUI-SAM3DBody] [comfy-env] _from_shm got dict with keys: ['__type__', 'strategy', 'parent_pid', 'fd', 'storage_size']
[08:20]   [ComfyUI] [worker:ComfyUI-SAM3DBody] [comfy-env] DESERIALIZE TensorRef: tensor_size=[4]
[08:20]   [ComfyUI] [worker:ComfyUI-SAM3DBody] [comfy-env] DESERIALIZED tensor shape: torch.Size([4])
[08:20]   [ComfyUI] [worker:ComfyUI-SAM3DBody] [comfy-env] _from_shm got dict with keys: ['__type__', 'strategy', 'parent_pid', 'fd', 'storage_size']
[08:20]   [ComfyUI] [worker:ComfyUI-SAM3DBody] [comfy-env] DESERIALIZE TensorRef: tensor_size=[4]
[08:20]   [ComfyUI] [worker:ComfyUI-SAM3DBody] [comfy-env] DESERIALIZED tensor shape: torch.Size([4])
[08:20]   [ComfyUI] [worker:ComfyUI-SAM3DBody] [comfy-env] _from_shm got dict with keys: ['__type__', 'strategy', 'parent_pid', 'fd', 'storage_size']
[08:20]   [ComfyUI] [worker:ComfyUI-SAM3DBody] [comfy-env] DESERIALIZE TensorRef: tensor_size=[4]
[08:20]   [ComfyUI] [worker:ComfyUI-SAM3DBody] [comfy-env] DESERIALIZED tensor shape: torch.Size([4])
[08:20]   [ComfyUI] [worker:ComfyUI-SAM3DBody] [comfy-env] _from_shm got dict with keys: ['__type__', 'strategy', 'parent_pid', 'fd', 'storage_size']
[08:20]   [ComfyUI] [worker:ComfyUI-SAM3DBody] [comfy-env] DESERIALIZE TensorRef: tensor_size=[70, 3]
[08:20]   [ComfyUI] [worker:ComfyUI-SAM3DBody] [comfy-env] DESERIALIZED tensor shape: torch.Size([70, 3])
[08:20]   [ComfyUI] [worker:ComfyUI-SAM3DBody] [comfy-env] _from_shm got dict with keys: ['__type__', 'strategy', 'parent_pid', 'fd', 'storage_size']
[08:20]   [ComfyUI] [worker:ComfyUI-SAM3DBody] [comfy-env] DESERIALIZE TensorRef: tensor_size=[70, 2]
[08:20]   [ComfyUI] [worker:ComfyUI-SAM3DBody] [comfy-env] DESERIALIZED tensor shape: torch.Size([70, 2])
[08:20]   [ComfyUI] [worker:ComfyUI-SAM3DBody] [comfy-env] _from_shm got dict with keys: ['__type__', 'strategy', 'parent_pid', 'fd', 'storage_size']
[08:20]   [ComfyUI] [worker:ComfyUI-SAM3DBody] [comfy-env] DESERIALIZE TensorRef: tensor_size=[18439, 3]
[08:20]   [ComfyUI] [worker:ComfyUI-SAM3DBody] [comfy-env] DESERIALIZED tensor shape: torch.Size([18439, 3])
[08:20]   [ComfyUI] [worker:ComfyUI-SAM3DBody] [comfy-env] _from_shm got dict with keys: ['__type__', 'strategy', 'parent_pid', 'fd', 'storage_size']
[08:20]   [ComfyUI] [worker:ComfyUI-SAM3DBody] [comfy-env] DESERIALIZE TensorRef: tensor_size=[3]
[08:20]   [ComfyUI] [worker:ComfyUI-SAM3DBody] [comfy-env] DESERIALIZED tensor shape: torch.Size([3])
[08:20]   [ComfyUI] [worker:ComfyUI-SAM3DBody] [comfy-env] _from_shm got dict with keys: ['__type__', 'strategy', 'parent_pid', 'fd', 'storage_size']
[08:20]   [ComfyUI] [worker:ComfyUI-SAM3DBody] [comfy-env] DESERIALIZE TensorRef: tensor_size=[266]
[08:20]   [ComfyUI] [worker:ComfyUI-SAM3DBody] [comfy-env] DESERIALIZED tensor shape: torch.Size([266])
[08:20]   [ComfyUI] [worker:ComfyUI-SAM3DBody] [comfy-env] _from_shm got dict with keys: ['__type__', 'strategy', 'parent_pid', 'fd', 'storage_size']
[08:20]   [ComfyUI] [worker:ComfyUI-SAM3DBody] [comfy-env] DESERIALIZE TensorRef: tensor_size=[3]
[08:20]   [ComfyUI] [worker:ComfyUI-SAM3DBody] [comfy-env] DESERIALIZED tensor shape: torch.Size([3])
[08:20]   [ComfyUI] [worker:ComfyUI-SAM3DBody] [comfy-env] _from_shm got dict with keys: ['__type__', 'strategy', 'parent_pid', 'fd', 'storage_size']
[08:20]   [ComfyUI] [worker:ComfyUI-SAM3DBody] [comfy-env] DESERIALIZE TensorRef: tensor_size=[133]
[08:20]   [ComfyUI] [worker:ComfyUI-SAM3DBody] [comfy-env] DESERIALIZED tensor shape: torch.Size([133])
[08:20]   [ComfyUI] [worker:ComfyUI-SAM3DBody] [comfy-env] _from_shm got dict with keys: ['__type__', 'strategy', 'parent_pid', 'fd', 'storage_size']
[08:20]   [ComfyUI] [worker:ComfyUI-SAM3DBody] [comfy-env] DESERIALIZE TensorRef: tensor_size=[108]
[08:20]   [ComfyUI] [worker:ComfyUI-SAM3DBody] [comfy-env] DESERIALIZED tensor shape: torch.Size([108])
[08:20]   [ComfyUI] [worker:ComfyUI-SAM3DBody] [comfy-env] _from_shm got dict with keys: ['__type__', 'strategy', 'parent_pid', 'fd', 'storage_size']
[08:20]   [ComfyUI] [worker:ComfyUI-SAM3DBody] [comfy-env] DESERIALIZE TensorRef: tensor_size=[28]
[08:20]   [ComfyUI] [worker:ComfyUI-SAM3DBody] [comfy-env] DESERIALIZED tensor shape: torch.Size([28])
[08:20]   [ComfyUI] [worker:ComfyUI-SAM3DBody] [comfy-env] _from_shm got dict with keys: ['__type__', 'strategy', 'parent_pid', 'fd', 'storage_size']
[08:20]   [ComfyUI] [worker:ComfyUI-SAM3DBody] [comfy-env] DESERIALIZE TensorRef: tensor_size=[45]
[08:20]   [ComfyUI] [worker:ComfyUI-SAM3DBody] [comfy-env] DESERIALIZED tensor shape: torch.Size([45])
[08:20]   [ComfyUI] [worker:ComfyUI-SAM3DBody] [comfy-env] _from_shm got dict with keys: ['__type__', 'strategy', 'parent_pid', 'fd', 'storage_size']
[08:20]   [ComfyUI] [worker:ComfyUI-SAM3DBody] [comfy-env] DESERIALIZE TensorRef: tensor_size=[72]
[08:20]   [ComfyUI] [worker:ComfyUI-SAM3DBody] [comfy-env] DESERIALIZED tensor shape: torch.Size([72])
[08:20]   [ComfyUI] [worker:ComfyUI-SAM3DBody] [comfy-env] _from_shm got dict with keys: ['__type__', 'strategy', 'parent_pid', 'fd', 'storage_size']
[08:20]   [ComfyUI] [worker:ComfyUI-SAM3DBody] [comfy-env] DESERIALIZE TensorRef: tensor_size=[1500, 2250, 1]
[08:20]   [ComfyUI] [worker:ComfyUI-SAM3DBody] [comfy-env] DESERIALIZED tensor shape: torch.Size([1500, 2250, 1])
[08:20]   [ComfyUI] [worker:ComfyUI-SAM3DBody] [comfy-env] _from_shm got dict with keys: ['__type__', 'strategy', 'parent_pid', 'fd', 'storage_size']
[08:20]   [ComfyUI] [worker:ComfyUI-SAM3DBody] [comfy-env] DESERIALIZE TensorRef: tensor_size=[127, 3]
[08:20]   [ComfyUI] [worker:ComfyUI-SAM3DBody] [comfy-env] DESERIALIZED tensor shape: torch.Size([127, 3])
[08:20]   [ComfyUI] [worker:ComfyUI-SAM3DBody] [comfy-env] _from_shm got dict with keys: ['__type__', 'strategy', 'parent_pid', 'fd', 'storage_size']
[08:20]   [ComfyUI] [worker:ComfyUI-SAM3DBody] [comfy-env] DESERIALIZE TensorRef: tensor_size=[127, 3, 3]
[08:20]   [ComfyUI] [worker:ComfyUI-SAM3DBody] [comfy-env] DESERIALIZED tensor shape: torch.Size([127, 3, 3])
[08:20]   [ComfyUI] [worker:ComfyUI-SAM3DBody] [comfy-env] _from_shm got dict with keys: ['__type__', 'strategy', 'parent_pid', 'fd', 'storage_size']
[08:20]   [ComfyUI] [worker:ComfyUI-SAM3DBody] [comfy-env] DESERIALIZE TensorRef: tensor_size=[4]
[08:20]   [ComfyUI] [worker:ComfyUI-SAM3DBody] [comfy-env] DESERIALIZED tensor shape: torch.Size([4])
[08:20]   [ComfyUI] [worker:ComfyUI-SAM3DBody] [comfy-env] _from_shm got dict with keys: ['__type__', 'strategy', 'parent_pid', 'fd', 'storage_size']
[08:20]   [ComfyUI] [worker:ComfyUI-SAM3DBody] [comfy-env] DESERIALIZE TensorRef: tensor_size=[4]
[08:20]   [ComfyUI] [worker:ComfyUI-SAM3DBody] [comfy-env] DESERIALIZED tensor shape: torch.Size([4])
[08:20]   Frame 4 saved (frame_003.jpg, t=14.2s)
[08:20]   [capture-periodic] freeze=3ms shot=221ms unfreeze=3ms saved=True
[08:22]   [ComfyUI] [worker:ComfyUI-SAM3DBody]
[08:22]   [ComfyUI] FBX export starting... '/workspaces/SAM3DBody-1940/ComfyUI/output/sam3d_rigged.fbx'
[08:23]   [ComfyUI] [worker:ComfyUI-SAM3DBody] (bpy.data.armatures['SAM3D_Skeleton'], 'POSE')
[08:23]   [ComfyUI] [worker:ComfyUI-SAM3DBody] export finished in 0.5780 sec.
[08:23]   [ComfyUI] [SubprocessWorker] got response: ok
[08:23]   [ComfyUI] [comfy-env] SAM3DBodyExportFBX done (3.93s): result: NodeOutput
[08:23]   [ComfyUI] [VRAM] After SAM3DBodyExportFBX: 4434 / 24124 MB
[08:23]   [ComfyUI] [VRAM] Loaded: SubprocessModel (3143 MB)
[08:23]   [ComfyUI] [comfy-env] Running SAM3DBodyPreviewRiggedMesh: fbx_output_path: '/workspaces/SAM3DBody-1940/ComfyUI/output/sam3d_rigged.fbx'
[08:23]   [ComfyUI] [VRAM] Before SAM3DBodyPreviewRiggedMesh: 4434 / 24124 MB
[08:23]   [ComfyUI] [VRAM] Loaded: SubprocessModel (3143 MB)
[08:23]   [ComfyUI] [SubprocessWorker] call_method: nodes.preview.SAM3DBodyPreviewRiggedMesh.EXECUTE_NORMALIZED
[08:23]   [ComfyUI] [SubprocessWorker] acquired lock, ensuring started...
[08:23]   [ComfyUI] [ComfyUI-SAM3DBody] Health check: ping (timeout=5.0s)...
[08:23]   [ComfyUI] [ComfyUI-SAM3DBody] Health check: ok
[08:23]   [ComfyUI] [SubprocessWorker] worker started/confirmed
[08:23]   [ComfyUI] [SubprocessWorker] serializing kwargs to shm...
[08:23]   [ComfyUI] [SubprocessWorker] created 0 shm blocks
[08:23]   [ComfyUI] [SubprocessWorker] sending request via socket...
[08:23]   [ComfyUI] [SubprocessWorker] call_id=9 sending call_method
[08:23]   Node executed (1 total), capturing...
[08:23]   [ComfyUI] [SubprocessWorker] got response: ok
[08:23]   [ComfyUI] [comfy-env] SAM3DBodyPreviewRiggedMesh done (0.06s): result: NodeOutput
[08:23]   [ComfyUI] [VRAM] After SAM3DBodyPreviewRiggedMesh: 4434 / 24124 MB
[08:23]   [ComfyUI] [VRAM] Loaded: SubprocessModel (3143 MB)
[08:23]   [ComfyUI] Prompt executed in 17.31 seconds
[08:25]   Frame 5 saved (frame_004.jpg, t=17.8s)
[08:25]   [capture-node] freeze=3ms shot=1386ms unfreeze=6ms saved=True
[08:25]   Node executed (2 total), capturing...
[08:26]   Frame 6 saved (frame_005.jpg, t=19.9s)
[08:26]   [capture-node] freeze=9ms shot=268ms unfreeze=0ms saved=True
[08:26]   Execution complete (t=19.9s)
[08:26]   [3d-wait] Phase 1: Waiting for 'Loading 3D Model' text to disappear...
[08:26]   [3d-wait] Phase 1 done in 0.0s
[08:26]   [3d-wait] Phase 2: iframes=1
[08:26]   [3d-wait] iframe viewer_ready=True (matched 1 console logs)
[08:26]   [3d-wait] Unfrozen in 0.003s, rendering for 5s...
[08:31]   [3d-wait] JS halted via CDP after 5.1s
[08:32]   [3d-wait] Re-frozen in 6.1s
[08:32]   [3d-wait] Total 3D wait: 6.1s
[08:32]   Captured 6 unique frames over 26.33s
[08:32]   [debug] iframes: 1
[08:32]   [debug]   iframe[0]: src=http://127.0.0.1:41880/extensions/ComfyUI-GeometryPack/viewer_fbx.html?v=1779133, canvas=486x710, rafFrozen=True
[08:32]   [timing] trigger_3d_previews: 0.0s
[08:34]   Saved high-quality screenshot: rigging_executed.png
[08:34]   [timing] final_screenshot: 0.4s
[08:35]   [ComfyUI] [comfy-env] [VRAM] Before offload 'SAM3DBody_1' (3143 MB) -> cpu: 4434 / 24124 MB
[08:35] Capturing execution frames: workflow.json
[08:35]   [ComfyUI] [ComfyUI-SAM3DBody] Health check: ping (timeout=5.0s)...
[08:35]   [ComfyUI] [ComfyUI-SAM3DBody] Health check: ok
[08:35]   [ComfyUI] [SubprocessWorker] call_id=10 sending model_to_device
[08:35]   [ComfyUI] [worker:ComfyUI-SAM3DBody] [VRAM] -216MB (now 2937MB) reserved=3264MB peak=3201MB
[08:36]   [ComfyUI] [worker:ComfyUI-SAM3DBody] [VRAM] -1214MB (now 1723MB) reserved=3264MB peak=3201MB
[08:37]   [ComfyUI] [worker:ComfyUI-SAM3DBody] [VRAM] -872MB (now 852MB) reserved=3264MB peak=3201MB
[08:37]   [ComfyUI] [comfy-env] [VRAM] After offload 'SAM3DBody_1' (3143 MB): 1234 / 24124 MB
[08:42]   Frame 1 saved (frame_000.jpg, t=0.0s)
[08:42]   Validating workflow...
[08:42]   [ComfyUI] === /validate endpoint called ===
[08:42]   [ComfyUI] Received JSON with keys: ['prompt']
[08:42]   [ComfyUI] Prompt has 6 nodes
[08:42]   Queuing workflow for execution...
[08:42]   [ComfyUI]   Node 3: LoadImage
[08:42]   [ComfyUI]     Inputs: {"image": "masked_dancing.png"}
[08:42]   [ComfyUI]   Node 4: PreviewImage
[08:42]   [ComfyUI]     Inputs: {"images": ["13", 2]}
[08:42]   [ComfyUI]   Node 10: Preview3D
[08:42]   [ComfyUI]     Inputs: {"model_file": ["15", 0], "image": ""}
[08:42]   [ComfyUI]   Node 12: LoadSAM3DBodyModel
[08:42]   [ComfyUI]     Inputs: {"precision": "auto"}
[08:42]   [ComfyUI]   Node 13: SAM3DBodyProcess
[08:42]   [ComfyUI]     Inputs: {"bbox_threshold": 0.8, "inference_type": "full", "model": ["12", 0], "image": ["3", 0], "mask": ["3", 1]}
[08:42]   [ComfyUI]   Node 15: SAM3DBodyExportMesh
[08:42]   [ComfyUI]     Inputs: {"filename": "output_mesh.stl", "mesh_data": ["13", 0]}
[08:42]   [ComfyUI] Generated prompt_id: 739b5fb2-f82a-4291-b31c-a0e41022cd71
[08:42]   [ComfyUI] Calling execution.validate_prompt()...
[08:42]   [ComfyUI] Validation result: valid=True
[08:42]   [ComfyUI] === Validation PASSED ===
[08:42]   [ComfyUI] got prompt
[08:42]   [ComfyUI] [comfy-env] Running LoadSAM3DBodyModel: precision: 'auto'
[08:42]   [ComfyUI] [VRAM] Before LoadSAM3DBodyModel: 1234 / 24124 MB
[08:42]   [ComfyUI] [SubprocessWorker] call_method: nodes.load_model.LoadSAM3DBodyModel.EXECUTE_NORMALIZED
[08:42]   [ComfyUI] [ComfyUI-SAM3DBody] python: /tmp/comfytest-home/.ce/.pixi/envs/sam3dbody-nodes/bin/python
[08:42]   [ComfyUI] [SubprocessWorker] acquired lock, ensuring started...
[08:42]   [ComfyUI] [ComfyUI-SAM3DBody] sys_path sent to worker: ['/workspaces/SAM3DBody-1940/ComfyUI', '/workspaces/SAM3DBody-1940/ComfyUI/custom_nodes/ComfyUI-SAM3DBody', '/tmp/comfytest-home/.ce/.pixi/envs/sam3dbody-nodes/lib/python3.12/site-packages', '/workspaces/SAM3DBody-1940/ComfyUI/custom_nodes/ComfyUI-SAM3DBody']
[08:42]   [ComfyUI] [ComfyUI-SAM3DBody] Health check: ping (timeout=5.0s)...
[08:42]   [ComfyUI] [SubprocessWorker] is_pixi=True, python=/tmp/comfytest-home/.ce/.pixi/envs/sam3dbody-nodes/bin/python
[08:42]   [ComfyUI] [ComfyUI-SAM3DBody] Health check: failed
[08:42]   [ComfyUI] [SubprocessWorker] launching cmd=['/tmp/comfytest-home/.pixi/bin/pixi', 'run', '--as-is', '--manifest-path', '/tmp/comfytest-home/.ce/pixi.toml', '-e', 'sam3dbody-nodes', 'python', '/tmp/comfyui_pvenv__mdy_68_/persistent_worker.py', 'abstract://comfy_worker_860c1415dbf5']...
[08:42]   [ComfyUI] [ComfyUI-SAM3DBody] Socket unhealthy, restarting worker...
[08:42]   [ComfyUI] [SubprocessWorker] socket_addr=abstract://comfy_worker_860c1415dbf5 (abstract, no filesystem path)
[08:42]   [ComfyUI] [comfy-env] Invalidated 1 stale model patchers (will be cleaned up during next unload)
[08:45]   Frame 2 saved (frame_001.jpg, t=2.4s)
[08:45]   [capture-periodic] freeze=3ms shot=197ms unfreeze=5ms saved=True
[08:45]   [ComfyUI] [worker:ComfyUI-SAM3DBody] ERROR: Failed to import comfy_kitchen, Error: No module named 'comfy_kitchen', fp8 and fp4 support will not be available.
[08:45]   [ComfyUI] [SubprocessWorker] worker started/confirmed
[08:45]   [ComfyUI] [SubprocessWorker] serializing kwargs to shm...
[08:45]   [ComfyUI] [SubprocessWorker] created 0 shm blocks
[08:45]   [ComfyUI] [SubprocessWorker] sending request via socket...
[08:45]   [ComfyUI] [SubprocessWorker] call_id=11 sending call_method
[08:45]   [ComfyUI] [SubprocessWorker] got response: ok
[08:45]   [ComfyUI] [comfy-env] [VRAM] Before offload 'SAM3DBody_1' (3143 MB) -> cpu: 1159 / 24124 MB
[08:45]   [ComfyUI] [ComfyUI-SAM3DBody] Health check: ping (timeout=5.0s)...
[08:45]   [ComfyUI] [ComfyUI-SAM3DBody] Health check: ok
[08:45]   [ComfyUI] [SubprocessWorker] call_id=12 sending model_to_device
[08:45]   [ComfyUI] Model 'SAM3DBody_1' gone from worker (restarted?), treating as offloaded
[08:45]   [ComfyUI] [comfy-env] [VRAM] After offload 'SAM3DBody_1' (3143 MB): 1159 / 24124 MB
[08:45]   [ComfyUI] [comfy-env] LoadSAM3DBodyModel done (2.85s): result: NodeOutput
[08:45]   [ComfyUI] [VRAM] After LoadSAM3DBodyModel: 1159 / 24124 MB
[08:45]   [ComfyUI] [comfy-env] Running SAM3DBodyProcess: bbox_threshold: 0.8, inference_type: 'full', model: dict, image: torch.float32 [1,1500,2250,3] cpu, mask: torch.float32 [1,1500,2250] cpu
[08:45]   [ComfyUI] [VRAM] Before SAM3DBodyProcess: 1159 / 24124 MB
[08:45]   [ComfyUI] [SubprocessWorker] call_method: nodes.process.SAM3DBodyProcess.EXECUTE_NORMALIZED
[08:45]   [ComfyUI] [SubprocessWorker] acquired lock, ensuring started...
[08:45]   [ComfyUI] [ComfyUI-SAM3DBody] Health check: ping (timeout=5.0s)...
[08:45]   [ComfyUI] [ComfyUI-SAM3DBody] Health check: ok
[08:45]   [ComfyUI] [SubprocessWorker] worker started/confirmed
[08:45]   [ComfyUI] [comfy-env] PRE-SERIALIZE 'image' shape: torch.Size([1, 1500, 2250, 3])
[08:45]   [ComfyUI] [comfy-env] PRE-SERIALIZE 'mask' shape: torch.Size([1, 1500, 2250])
[08:45]   [ComfyUI] [SubprocessWorker] serializing kwargs to shm...
[08:45]   [ComfyUI] [SubprocessWorker] created 0 shm blocks
[08:45]   [ComfyUI] [SubprocessWorker] sending request via socket...
[08:45]   [ComfyUI] [SubprocessWorker] call_id=13 sending call_method
[08:45]   [ComfyUI] [worker:ComfyUI-SAM3DBody] [comfy-env] _from_shm got dict with keys: ['__type__', 'strategy', 'parent_pid', 'fd', 'storage_size']
[08:45]   [ComfyUI] [worker:ComfyUI-SAM3DBody] [comfy-env] DESERIALIZE TensorRef: tensor_size=[1, 1500, 2250, 3]
[08:45]   [ComfyUI] [worker:ComfyUI-SAM3DBody] [comfy-env] DESERIALIZED tensor shape: torch.Size([1, 1500, 2250, 3])
[08:45]   [ComfyUI] [worker:ComfyUI-SAM3DBody] [comfy-env] _from_shm got dict with keys: ['__type__', 'strategy', 'parent_pid', 'fd', 'storage_size']
[08:45]   [ComfyUI] [worker:ComfyUI-SAM3DBody] [comfy-env] DESERIALIZE TensorRef: tensor_size=[1, 1500, 2250]
[08:45]   [ComfyUI] [worker:ComfyUI-SAM3DBody] [comfy-env] DESERIALIZED tensor shape: torch.Size([1, 1500, 2250])
[08:47]   [ComfyUI] /workspaces/SAM3DBody-1940/ComfyUI/custom_nodes/ComfyUI-SAM3DBody/nodes/sam_3d_body/heads.py:40: UserWarning: Momentum is not enabled
[08:47]   [ComfyUI]   warnings.warn("Momentum is not enabled")
[08:47]   Frame 3 saved (frame_002.jpg, t=4.7s)
[08:47]   [capture-periodic] freeze=3ms shot=254ms unfreeze=6ms saved=True
[08:47]   [ComfyUI] [worker:ComfyUI-SAM3DBody] WARNING: No comfy kitchen, using old apply_rope functions.
[08:48]   [capture-loop] iter=50 t=6.3s state={'complete': False, 'error': None, 'executedCount': 0, 'wsState': 1} eval_ms=4 ram=6.8/31.2GB (22%) swap=0.7/32.0GB (2%) cpu=17% browser_rss=0.97GB
[08:52]   [ComfyUI] [SubprocessWorker] callback 'request_vram_budget' from call_id=13
[08:52]   [ComfyUI] [comfy-env] VRAM request: 3.30GB, free before eviction: 23.90GB
[08:52]   [ComfyUI] [comfy-env] VRAM after eviction: 23.90GB
[08:52]   [ComfyUI] [worker:ComfyUI-SAM3DBody] [VRAM] +633MB (now 633MB) reserved=640MB peak=633MB
[08:53]   [ComfyUI] [worker:ComfyUI-SAM3DBody] [VRAM] +2510MB (now 3143MB) reserved=3168MB peak=3143MB
[08:54]   [ComfyUI] [worker:ComfyUI-SAM3DBody] ERROR: Error running sage attention: Failed to find C compiler. Please specify via CC environment variable or set triton.knobs.build.impl., using pytorch attention instead.
[08:54]   [ComfyUI] [worker:ComfyUI-SAM3DBody] ERROR: Error running sage attention: Failed to find C compiler. Please specify via CC environment variable or set triton.knobs.build.impl., using pytorch attention instead.
[08:54]   [capture-loop] iter=100 t=12.3s state={'complete': False, 'error': None, 'executedCount': 0, 'wsState': 1} eval_ms=3 ram=8.2/31.2GB (26%) swap=0.7/32.0GB (2%) cpu=9% browser_rss=0.96GB
[08:54]   [ComfyUI] [worker:ComfyUI-SAM3DBody] ERROR: Error running sage attention: Failed to find C compiler. Please specify via CC environment variable or set triton.knobs.build.impl., using pytorch attention instead.
[08:54]   [ComfyUI] [worker:ComfyUI-SAM3DBody] ERROR: Error running sage attention: Failed to find C compiler. Please specify via CC environment variable or set triton.knobs.build.impl., using pytorch attention instead.
[08:55]   [ComfyUI] [worker:ComfyUI-SAM3DBody] ERROR: Error running sage attention: Failed to find C compiler. Please specify via CC environment variable or set triton.knobs.build.impl., using pytorch attention instead.
[08:55]   [ComfyUI] [worker:ComfyUI-SAM3DBody] ERROR: Error running sage attention: Failed to find C compiler. Please specify via CC environment variable or set triton.knobs.build.impl., using pytorch attention instead.
[08:55]   [ComfyUI] [worker:ComfyUI-SAM3DBody] ERROR: Error running sage attention: Failed to find C compiler. Please specify via CC environment variable or set triton.knobs.build.impl., using pytorch attention instead.
[08:55]   [ComfyUI] [worker:ComfyUI-SAM3DBody] ERROR: Error running sage attention: Failed to find C compiler. Please specify via CC environment variable or set triton.knobs.build.impl., using pytorch attention instead.
[08:55]   [ComfyUI] [worker:ComfyUI-SAM3DBody] ERROR: Error running sage attention: Failed to find C compiler. Please specify via CC environment variable or set triton.knobs.build.impl., using pytorch attention instead.
[08:55]   [ComfyUI] [worker:ComfyUI-SAM3DBody] ERROR: Error running sage attention: Failed to find C compiler. Please specify via CC environment variable or set triton.knobs.build.impl., using pytorch attention instead.
[08:55]   [ComfyUI] [worker:ComfyUI-SAM3DBody] ERROR: Error running sage attention: Failed to find C compiler. Please specify via CC environment variable or set triton.knobs.build.impl., using pytorch attention instead.
[08:55]   [ComfyUI] [worker:ComfyUI-SAM3DBody] ERROR: Error running sage attention: Failed to find C compiler. Please specify via CC environment variable or set triton.knobs.build.impl., using pytorch attention instead.
[08:56]   [ComfyUI] [worker:ComfyUI-SAM3DBody] ERROR: Error running sage attention: Failed to find C compiler. Please specify via CC environment variable or set triton.knobs.build.impl., using pytorch attention instead.
[08:56]   [ComfyUI] [worker:ComfyUI-SAM3DBody] ERROR: Error running sage attention: Failed to find C compiler. Please specify via CC environment variable or set triton.knobs.build.impl., using pytorch attention instead.
[08:56]   [ComfyUI] [worker:ComfyUI-SAM3DBody] ERROR: Error running sage attention: Failed to find C compiler. Please specify via CC environment variable or set triton.knobs.build.impl., using pytorch attention instead.
[08:56]   [ComfyUI] [worker:ComfyUI-SAM3DBody] ERROR: Error running sage attention: Failed to find C compiler. Please specify via CC environment variable or set triton.knobs.build.impl., using pytorch attention instead.
[08:57]   [ComfyUI] [worker:ComfyUI-SAM3DBody] ERROR: Error running sage attention: Failed to find C compiler. Please specify via CC environment variable or set triton.knobs.build.impl., using pytorch attention instead.
[08:57]   [ComfyUI] [worker:ComfyUI-SAM3DBody] ERROR: Error running sage attention: Failed to find C compiler. Please specify via CC environment variable or set triton.knobs.build.impl., using pytorch attention instead.
[08:57]   [ComfyUI] [worker:ComfyUI-SAM3DBody] ERROR: Error running sage attention: Failed to find C compiler. Please specify via CC environment variable or set triton.knobs.build.impl., using pytorch attention instead.
[08:57]   [ComfyUI] [worker:ComfyUI-SAM3DBody] ERROR: Error running sage attention: Failed to find C compiler. Please specify via CC environment variable or set triton.knobs.build.impl., using pytorch attention instead.
[08:57]   [ComfyUI] [worker:ComfyUI-SAM3DBody] ERROR: Error running sage attention: Failed to find C compiler. Please specify via CC environment variable or set triton.knobs.build.impl., using pytorch attention instead.
[08:57]   [ComfyUI] [worker:ComfyUI-SAM3DBody] ERROR: Error running sage attention: Failed to find C compiler. Please specify via CC environment variable or set triton.knobs.build.impl., using pytorch attention instead.
[08:57]   [ComfyUI] [worker:ComfyUI-SAM3DBody] ERROR: Error running sage attention: Failed to find C compiler. Please specify via CC environment variable or set triton.knobs.build.impl., using pytorch attention instead.
[08:57]   [ComfyUI] [worker:ComfyUI-SAM3DBody] ERROR: Error running sage attention: Failed to find C compiler. Please specify via CC environment variable or set triton.knobs.build.impl., using pytorch attention instead.
[08:57]   [ComfyUI] [worker:ComfyUI-SAM3DBody] ERROR: Error running sage attention: Failed to find C compiler. Please specify via CC environment variable or set triton.knobs.build.impl., using pytorch attention instead.
[08:57]   [ComfyUI] [worker:ComfyUI-SAM3DBody] ERROR: Error running sage attention: Failed to find C compiler. Please specify via CC environment variable or set triton.knobs.build.impl., using pytorch attention instead.
[08:57]   [ComfyUI] [worker:ComfyUI-SAM3DBody] ERROR: Error running sage attention: Failed to find C compiler. Please specify via CC environment variable or set triton.knobs.build.impl., using pytorch attention instead.
[08:57]   [ComfyUI] [worker:ComfyUI-SAM3DBody] ERROR: Error running sage attention: Failed to find C compiler. Please specify via CC environment variable or set triton.knobs.build.impl., using pytorch attention instead.
[08:57]   [ComfyUI] [worker:ComfyUI-SAM3DBody] ERROR: Error running sage attention: Failed to find C compiler. Please specify via CC environment variable or set triton.knobs.build.impl., using pytorch attention instead.
[08:57]   [ComfyUI] [worker:ComfyUI-SAM3DBody] ERROR: Error running sage attention: Failed to find C compiler. Please specify via CC environment variable or set triton.knobs.build.impl., using pytorch attention instead.
[08:57]   [ComfyUI] [worker:ComfyUI-SAM3DBody] ERROR: Error running sage attention: Failed to find C compiler. Please specify via CC environment variable or set triton.knobs.build.impl., using pytorch attention instead.
[08:57]   [ComfyUI] [worker:ComfyUI-SAM3DBody] ERROR: Error running sage attention: Failed to find C compiler. Please specify via CC environment variable or set triton.knobs.build.impl., using pytorch attention instead.
[08:57]   [ComfyUI] [worker:ComfyUI-SAM3DBody] ERROR: Error running sage attention: Failed to find C compiler. Please specify via CC environment variable or set triton.knobs.build.impl., using pytorch attention instead.
[08:57]   [ComfyUI] [worker:ComfyUI-SAM3DBody] ERROR: Error running sage attention: Failed to find C compiler. Please specify via CC environment variable or set triton.knobs.build.impl., using pytorch attention instead.
[08:57]   [ComfyUI] [worker:ComfyUI-SAM3DBody] ERROR: Error running sage attention: Failed to find C compiler. Please specify via CC environment variable or set triton.knobs.build.impl., using pytorch attention instead.
[08:57]   [ComfyUI] [worker:ComfyUI-SAM3DBody] ERROR: Error running sage attention: Failed to find C compiler. Please specify via CC environment variable or set triton.knobs.build.impl., using pytorch attention instead.
[08:57]   [ComfyUI] [worker:ComfyUI-SAM3DBody] ERROR: Error running sage attention: Failed to find C compiler. Please specify via CC environment variable or set triton.knobs.build.impl., using pytorch attention instead.
[08:57]   [ComfyUI] [worker:ComfyUI-SAM3DBody] ERROR: Error running sage attention: Failed to find C compiler. Please specify via CC environment variable or set triton.knobs.build.impl., using pytorch attention instead.
[08:57]   [ComfyUI] [worker:ComfyUI-SAM3DBody] ERROR: Error running sage attention: Failed to find C compiler. Please specify via CC environment variable or set triton.knobs.build.impl., using pytorch attention instead.
[08:57]   [ComfyUI] [worker:ComfyUI-SAM3DBody] ERROR: Error running sage attention: Failed to find C compiler. Please specify via CC environment variable or set triton.knobs.build.impl., using pytorch attention instead.
[08:57]   [ComfyUI] [worker:ComfyUI-SAM3DBody] ERROR: Error running sage attention: Failed to find C compiler. Please specify via CC environment variable or set triton.knobs.build.impl., using pytorch attention instead.
[08:57]   [ComfyUI] [worker:ComfyUI-SAM3DBody] ERROR: Error running sage attention: Failed to find C compiler. Please specify via CC environment variable or set triton.knobs.build.impl., using pytorch attention instead.
[08:57]   [ComfyUI] [worker:ComfyUI-SAM3DBody] ERROR: Error running sage attention: Failed to find C compiler. Please specify via CC environment variable or set triton.knobs.build.impl., using pytorch attention instead.
[08:57]   [ComfyUI] [worker:ComfyUI-SAM3DBody] ERROR: Error running sage attention: Failed to find C compiler. Please specify via CC environment variable or set triton.knobs.build.impl., using pytorch attention instead.
[08:57]   [ComfyUI] [worker:ComfyUI-SAM3DBody] ERROR: Error running sage attention: Failed to find C compiler. Please specify via CC environment variable or set triton.knobs.build.impl., using pytorch attention instead.
[08:57]   [ComfyUI] [worker:ComfyUI-SAM3DBody] ERROR: Error running sage attention: Failed to find C compiler. Please specify via CC environment variable or set triton.knobs.build.impl., using pytorch attention instead.
[08:57]   [ComfyUI] [worker:ComfyUI-SAM3DBody] ERROR: Error running sage attention: Failed to find C compiler. Please specify via CC environment variable or set triton.knobs.build.impl., using pytorch attention instead.
[08:57]   [ComfyUI] [worker:ComfyUI-SAM3DBody] ERROR: Error running sage attention: Failed to find C compiler. Please specify via CC environment variable or set triton.knobs.build.impl., using pytorch attention instead.
[08:58]   [ComfyUI] [SubprocessWorker] got response: ok
[08:58]   [ComfyUI] [comfy-env] Created 1 model patchers: ['SAM3DBody_1']
[08:58]   [ComfyUI] [comfy-env] SAM3DBodyProcess done (12.45s): result: NodeOutput
[08:58]   [ComfyUI] [VRAM] After SAM3DBodyProcess: 4936 / 24124 MB
[08:58]   [ComfyUI] [VRAM] Loaded: SubprocessModel (3143 MB)
[08:58]   [ComfyUI] [comfy-env] Running SAM3DBodyExportMesh: filename: 'output_mesh.stl', mesh_data: dict
[08:58]   [ComfyUI] [VRAM] Before SAM3DBodyExportMesh: 4939 / 24124 MB
[08:58]   [ComfyUI] [VRAM] Loaded: SubprocessModel (3143 MB)
[08:58]   [ComfyUI] [SubprocessWorker] call_method: nodes.visualize.SAM3DBodyExportMesh.EXECUTE_NORMALIZED
[08:58]   [ComfyUI] [SubprocessWorker] acquired lock, ensuring started...
[08:58]   [ComfyUI] [ComfyUI-SAM3DBody] Health check: ping (timeout=5.0s)...
[08:58]   [ComfyUI] [ComfyUI-SAM3DBody] Health check: ok
[08:58]   [ComfyUI] [SubprocessWorker] worker started/confirmed
[08:58]   [ComfyUI] [SubprocessWorker] serializing kwargs to shm...
[08:58]   [ComfyUI] [SubprocessWorker] created 0 shm blocks
[08:58]   [ComfyUI] [SubprocessWorker] sending request via socket...
[08:58]   [ComfyUI] [SubprocessWorker] call_id=14 sending call_method
[08:58]   [ComfyUI] [worker:ComfyUI-SAM3DBody] [comfy-env] _from_shm got dict with keys: ['__type__', 'strategy', 'parent_pid', 'fd', 'storage_size']
[08:58]   [ComfyUI] [worker:ComfyUI-SAM3DBody] [comfy-env] DESERIALIZE TensorRef: tensor_size=[18439, 3]
[08:58]   [ComfyUI] [worker:ComfyUI-SAM3DBody] [comfy-env] DESERIALIZED tensor shape: torch.Size([18439, 3])
[08:58]   [ComfyUI] [worker:ComfyUI-SAM3DBody] [comfy-env] _from_shm got dict with keys: ['__type__', 'strategy', 'parent_pid', 'fd', 'storage_size']
[08:58]   [ComfyUI] [worker:ComfyUI-SAM3DBody] [comfy-env] DESERIALIZE TensorRef: tensor_size=[36874, 3]
[08:58]   [ComfyUI] [worker:ComfyUI-SAM3DBody] [comfy-env] DESERIALIZED tensor shape: torch.Size([36874, 3])
[08:58]   [ComfyUI] [worker:ComfyUI-SAM3DBody] [comfy-env] _from_shm got dict with keys: ['__type__', 'strategy', 'parent_pid', 'fd', 'storage_size']
[08:58]   [ComfyUI] [worker:ComfyUI-SAM3DBody] [comfy-env] DESERIALIZE TensorRef: tensor_size=[70, 3]
[08:58]   [ComfyUI] [worker:ComfyUI-SAM3DBody] [comfy-env] DESERIALIZED tensor shape: torch.Size([70, 3])
[08:58]   [ComfyUI] [worker:ComfyUI-SAM3DBody] [comfy-env] _from_shm got dict with keys: ['__type__', 'strategy', 'parent_pid', 'fd', 'storage_size']
[08:58]   [ComfyUI] [worker:ComfyUI-SAM3DBody] [comfy-env] DESERIALIZE TensorRef: tensor_size=[127, 3]
[08:58]   [ComfyUI] [worker:ComfyUI-SAM3DBody] [comfy-env] DESERIALIZED tensor shape: torch.Size([127, 3])
[08:58]   [ComfyUI] [worker:ComfyUI-SAM3DBody] [comfy-env] _from_shm got dict with keys: ['__type__', 'strategy', 'parent_pid', 'fd', 'storage_size']
[08:58]   [ComfyUI] [worker:ComfyUI-SAM3DBody] [comfy-env] DESERIALIZE TensorRef: tensor_size=[127, 3, 3]
[08:58]   [ComfyUI] [worker:ComfyUI-SAM3DBody] [comfy-env] DESERIALIZED tensor shape: torch.Size([127, 3, 3])
[08:58]   [ComfyUI] [worker:ComfyUI-SAM3DBody] [comfy-env] _from_shm got dict with keys: ['__type__', 'strategy', 'parent_pid', 'fd', 'storage_size']
[08:58]   [ComfyUI] [worker:ComfyUI-SAM3DBody] [comfy-env] DESERIALIZE TensorRef: tensor_size=[3]
[08:58]   [ComfyUI] [worker:ComfyUI-SAM3DBody] [comfy-env] DESERIALIZED tensor shape: torch.Size([3])
[08:58]   [ComfyUI] [worker:ComfyUI-SAM3DBody] [comfy-env] _from_shm got dict with keys: ['__type__', 'strategy', 'parent_pid', 'fd', 'storage_size']
[08:58]   [ComfyUI] [worker:ComfyUI-SAM3DBody] [comfy-env] DESERIALIZE TensorRef: tensor_size=[4]
[08:58]   [ComfyUI] [worker:ComfyUI-SAM3DBody] [comfy-env] DESERIALIZED tensor shape: torch.Size([4])
[08:58]   [ComfyUI] [worker:ComfyUI-SAM3DBody] [comfy-env] _from_shm got dict with keys: ['__type__', 'strategy', 'parent_pid', 'fd', 'storage_size']
[08:58]   [ComfyUI] [worker:ComfyUI-SAM3DBody] [comfy-env] DESERIALIZE TensorRef: tensor_size=[133]
[08:58]   [ComfyUI] [worker:ComfyUI-SAM3DBody] [comfy-env] DESERIALIZED tensor shape: torch.Size([133])
[08:58]   [ComfyUI] [worker:ComfyUI-SAM3DBody] [comfy-env] _from_shm got dict with keys: ['__type__', 'strategy', 'parent_pid', 'fd', 'storage_size']
[08:58]   [ComfyUI] [worker:ComfyUI-SAM3DBody] [comfy-env] DESERIALIZE TensorRef: tensor_size=[108]
[08:58]   [ComfyUI] [worker:ComfyUI-SAM3DBody] [comfy-env] DESERIALIZED tensor shape: torch.Size([108])
[08:58]   [ComfyUI] [worker:ComfyUI-SAM3DBody] [comfy-env] _from_shm got dict with keys: ['__type__', 'strategy', 'parent_pid', 'fd', 'storage_size']
[08:58]   [ComfyUI] [worker:ComfyUI-SAM3DBody] [comfy-env] DESERIALIZE TensorRef: tensor_size=[3]
[08:58]   [ComfyUI] [worker:ComfyUI-SAM3DBody] [comfy-env] DESERIALIZED tensor shape: torch.Size([3])
[08:58]   [ComfyUI] [worker:ComfyUI-SAM3DBody] [comfy-env] _from_shm got dict with keys: ['__type__', 'strategy', 'parent_pid', 'fd', 'storage_size']
[08:58]   Frame 4 saved (frame_003.jpg, t=16.1s)
[08:58]   [capture-periodic] freeze=3ms shot=272ms unfreeze=3ms saved=True
[08:58]   [ComfyUI] [worker:ComfyUI-SAM3DBody] [comfy-env] DESERIALIZE TensorRef: tensor_size=[45]
[08:58]   [ComfyUI] [worker:ComfyUI-SAM3DBody] [comfy-env] DESERIALIZED tensor shape: torch.Size([45])
[08:58]   [ComfyUI] [worker:ComfyUI-SAM3DBody] [comfy-env] _from_shm got dict with keys: ['__type__', 'strategy', 'parent_pid', 'fd', 'storage_size']
[08:58]   [ComfyUI] [worker:ComfyUI-SAM3DBody] [comfy-env] DESERIALIZE TensorRef: tensor_size=[28]
[08:58]   [ComfyUI] [worker:ComfyUI-SAM3DBody] [comfy-env] DESERIALIZED tensor shape: torch.Size([28])
[08:58]   [ComfyUI] [worker:ComfyUI-SAM3DBody] [comfy-env] _from_shm got dict with keys: ['__type__', 'strategy', 'parent_pid', 'fd', 'storage_size']
[08:58]   [ComfyUI] [worker:ComfyUI-SAM3DBody] [comfy-env] DESERIALIZE TensorRef: tensor_size=[72]
[08:58]   [ComfyUI] [worker:ComfyUI-SAM3DBody] [comfy-env] DESERIALIZED tensor shape: torch.Size([72])
[08:58]   [ComfyUI] [worker:ComfyUI-SAM3DBody] [comfy-env] _from_shm got dict with keys: ['__type__', 'strategy', 'parent_pid', 'fd', 'storage_size']
[08:58]   [ComfyUI] [worker:ComfyUI-SAM3DBody] [comfy-env] DESERIALIZE TensorRef: tensor_size=[4]
[08:58]   [ComfyUI] [worker:ComfyUI-SAM3DBody] [comfy-env] DESERIALIZED tensor shape: torch.Size([4])
[08:58]   [ComfyUI] [worker:ComfyUI-SAM3DBody] [comfy-env] _from_shm got dict with keys: ['__type__', 'strategy', 'parent_pid', 'fd', 'storage_size']
[08:58]   [ComfyUI] [worker:ComfyUI-SAM3DBody] [comfy-env] DESERIALIZE TensorRef: tensor_size=[70, 3]
[08:58]   [ComfyUI] [worker:ComfyUI-SAM3DBody] [comfy-env] DESERIALIZED tensor shape: torch.Size([70, 3])
[08:58]   Node executed (1 total), capturing...
[08:58]   [ComfyUI] [worker:ComfyUI-SAM3DBody] [comfy-env] _from_shm got dict with keys: ['__type__', 'strategy', 'parent_pid', 'fd', 'storage_size']
[08:58]   [ComfyUI] [worker:ComfyUI-SAM3DBody] [comfy-env] DESERIALIZE TensorRef: tensor_size=[70, 2]
[08:58]   [ComfyUI] [worker:ComfyUI-SAM3DBody] [comfy-env] DESERIALIZED tensor shape: torch.Size([70, 2])
[08:58]   [ComfyUI] [worker:ComfyUI-SAM3DBody] [comfy-env] _from_shm got dict with keys: ['__type__', 'strategy', 'parent_pid', 'fd', 'storage_size']
[08:58]   [ComfyUI] [worker:ComfyUI-SAM3DBody] [comfy-env] DESERIALIZE TensorRef: tensor_size=[18439, 3]
[08:58]   [ComfyUI] [worker:ComfyUI-SAM3DBody] [comfy-env] DESERIALIZED tensor shape: torch.Size([18439, 3])
[08:58]   [ComfyUI] [worker:ComfyUI-SAM3DBody] [comfy-env] _from_shm got dict with keys: ['__type__', 'strategy', 'parent_pid', 'fd', 'storage_size']
[08:58]   [ComfyUI] [worker:ComfyUI-SAM3DBody] [comfy-env] DESERIALIZE TensorRef: tensor_size=[3]
[08:59]   [ComfyUI] [worker:ComfyUI-SAM3DBody] [comfy-env] DESERIALIZED tensor shape: torch.Size([3])
[08:59]   [ComfyUI] [worker:ComfyUI-SAM3DBody] [comfy-env] _from_shm got dict with keys: ['__type__', 'strategy', 'parent_pid', 'fd', 'storage_size']
[08:59]   [ComfyUI] [worker:ComfyUI-SAM3DBody] [comfy-env] DESERIALIZE TensorRef: tensor_size=[266]
[08:59]   [ComfyUI] [worker:ComfyUI-SAM3DBody] [comfy-env] DESERIALIZED tensor shape: torch.Size([266])
[08:59]   [ComfyUI] [worker:ComfyUI-SAM3DBody] [comfy-env] _from_shm got dict with keys: ['__type__', 'strategy', 'parent_pid', 'fd', 'storage_size']
[08:59]   [ComfyUI] [worker:ComfyUI-SAM3DBody] [comfy-env] DESERIALIZE TensorRef: tensor_size=[3]
[08:59]   [ComfyUI] [worker:ComfyUI-SAM3DBody] [comfy-env] DESERIALIZED tensor shape: torch.Size([3])
[08:59]   [ComfyUI] [worker:ComfyUI-SAM3DBody] [comfy-env] _from_shm got dict with keys: ['__type__', 'strategy', 'parent_pid', 'fd', 'storage_size']
[08:59]   [ComfyUI] [worker:ComfyUI-SAM3DBody] [comfy-env] DESERIALIZE TensorRef: tensor_size=[133]
[08:59]   [ComfyUI] [worker:ComfyUI-SAM3DBody] [comfy-env] DESERIALIZED tensor shape: torch.Size([133])
[08:59]   [ComfyUI] [worker:ComfyUI-SAM3DBody] [comfy-env] _from_shm got dict with keys: ['__type__', 'strategy', 'parent_pid', 'fd', 'storage_size']
[08:59]   [ComfyUI] [worker:ComfyUI-SAM3DBody] [comfy-env] DESERIALIZE TensorRef: tensor_size=[108]
[08:59]   [ComfyUI] [worker:ComfyUI-SAM3DBody] [comfy-env] DESERIALIZED tensor shape: torch.Size([108])
[08:59]   [ComfyUI] [worker:ComfyUI-SAM3DBody] [comfy-env] _from_shm got dict with keys: ['__type__', 'strategy', 'parent_pid', 'fd', 'storage_size']
[08:59]   [ComfyUI] [worker:ComfyUI-SAM3DBody] [comfy-env] DESERIALIZE TensorRef: tensor_size=[28]
[08:59]   [ComfyUI] [worker:ComfyUI-SAM3DBody] [comfy-env] DESERIALIZED tensor shape: torch.Size([28])
[08:59]   [ComfyUI] [worker:ComfyUI-SAM3DBody] [comfy-env] _from_shm got dict with keys: ['__type__', 'strategy', 'parent_pid', 'fd', 'storage_size']
[08:59]   [ComfyUI] [worker:ComfyUI-SAM3DBody] [comfy-env] DESERIALIZE TensorRef: tensor_size=[45]
[08:59]   [ComfyUI] [worker:ComfyUI-SAM3DBody] [comfy-env] DESERIALIZED tensor shape: torch.Size([45])
[08:59]   [ComfyUI] [worker:ComfyUI-SAM3DBody] [comfy-env] _from_shm got dict with keys: ['__type__', 'strategy', 'parent_pid', 'fd', 'storage_size']
[08:59]   [ComfyUI] [worker:ComfyUI-SAM3DBody] [comfy-env] DESERIALIZE TensorRef: tensor_size=[72]
[08:59]   [ComfyUI] [worker:ComfyUI-SAM3DBody] [comfy-env] DESERIALIZED tensor shape: torch.Size([72])
[08:59]   [ComfyUI] [worker:ComfyUI-SAM3DBody] [comfy-env] _from_shm got dict with keys: ['__type__', 'strategy', 'parent_pid', 'fd', 'storage_size']
[08:59]   [ComfyUI] [worker:ComfyUI-SAM3DBody] [comfy-env] DESERIALIZE TensorRef: tensor_size=[1500, 2250, 1]
[08:59]   [ComfyUI] [worker:ComfyUI-SAM3DBody] [comfy-env] DESERIALIZED tensor shape: torch.Size([1500, 2250, 1])
[08:59]   [ComfyUI] [worker:ComfyUI-SAM3DBody] [comfy-env] _from_shm got dict with keys: ['__type__', 'strategy', 'parent_pid', 'fd', 'storage_size']
[08:59]   [ComfyUI] [worker:ComfyUI-SAM3DBody] [comfy-env] DESERIALIZE TensorRef: tensor_size=[127, 3]
[08:59]   [ComfyUI] [worker:ComfyUI-SAM3DBody] [comfy-env] DESERIALIZED tensor shape: torch.Size([127, 3])
[08:59]   [ComfyUI] [worker:ComfyUI-SAM3DBody] [comfy-env] _from_shm got dict with keys: ['__type__', 'strategy', 'parent_pid', 'fd', 'storage_size']
[08:59]   [ComfyUI] [worker:ComfyUI-SAM3DBody] [comfy-env] DESERIALIZE TensorRef: tensor_size=[127, 3, 3]
[08:59]   [ComfyUI] [worker:ComfyUI-SAM3DBody] [comfy-env] DESERIALIZED tensor shape: torch.Size([127, 3, 3])
[08:59]   [ComfyUI] [worker:ComfyUI-SAM3DBody] [comfy-env] _from_shm got dict with keys: ['__type__', 'strategy', 'parent_pid', 'fd', 'storage_size']
[08:59]   [ComfyUI] [worker:ComfyUI-SAM3DBody] [comfy-env] DESERIALIZE TensorRef: tensor_size=[4]
[08:59]   [ComfyUI] [worker:ComfyUI-SAM3DBody] [comfy-env] DESERIALIZED tensor shape: torch.Size([4])
[08:59]   [ComfyUI] [worker:ComfyUI-SAM3DBody] [comfy-env] _from_shm got dict with keys: ['__type__', 'strategy', 'parent_pid', 'fd', 'storage_size']
[08:59]   [ComfyUI] [worker:ComfyUI-SAM3DBody] [comfy-env] DESERIALIZE TensorRef: tensor_size=[4]
[08:59]   [ComfyUI] [worker:ComfyUI-SAM3DBody] [comfy-env] DESERIALIZED tensor shape: torch.Size([4])
[08:59]   [ComfyUI] [worker:ComfyUI-SAM3DBody] [comfy-env] _from_shm got dict with keys: ['__type__', 'strategy', 'parent_pid', 'fd', 'storage_size']
[08:59]   [ComfyUI] [worker:ComfyUI-SAM3DBody] [comfy-env] DESERIALIZE TensorRef: tensor_size=[4]
[08:59]   [ComfyUI] [worker:ComfyUI-SAM3DBody] [comfy-env] DESERIALIZED tensor shape: torch.Size([4])
[08:59]   [ComfyUI] [worker:ComfyUI-SAM3DBody] [comfy-env] _from_shm got dict with keys: ['__type__', 'strategy', 'parent_pid', 'fd', 'storage_size']
[08:59]   [ComfyUI] [worker:ComfyUI-SAM3DBody] [comfy-env] DESERIALIZE TensorRef: tensor_size=[70, 3]
[08:59]   [ComfyUI] [worker:ComfyUI-SAM3DBody] [comfy-env] DESERIALIZED tensor shape: torch.Size([70, 3])
[08:59]   [ComfyUI] [worker:ComfyUI-SAM3DBody] [comfy-env] _from_shm got dict with keys: ['__type__', 'strategy', 'parent_pid', 'fd', 'storage_size']
[08:59]   [ComfyUI] [worker:ComfyUI-SAM3DBody] [comfy-env] DESERIALIZE TensorRef: tensor_size=[70, 2]
[08:59]   [ComfyUI] [worker:ComfyUI-SAM3DBody] [comfy-env] DESERIALIZED tensor shape: torch.Size([70, 2])
[08:59]   [ComfyUI] [worker:ComfyUI-SAM3DBody] [comfy-env] _from_shm got dict with keys: ['__type__', 'strategy', 'parent_pid', 'fd', 'storage_size']
[08:59]   [ComfyUI] [worker:ComfyUI-SAM3DBody] [comfy-env] DESERIALIZE TensorRef: tensor_size=[18439, 3]
[08:59]   [ComfyUI] [worker:ComfyUI-SAM3DBody] [comfy-env] DESERIALIZED tensor shape: torch.Size([18439, 3])
[08:59]   [ComfyUI] [worker:ComfyUI-SAM3DBody] [comfy-env] _from_shm got dict with keys: ['__type__', 'strategy', 'parent_pid', 'fd', 'storage_size']
[08:59]   [ComfyUI] [worker:ComfyUI-SAM3DBody] [comfy-env] DESERIALIZE TensorRef: tensor_size=[3]
[08:59]   [ComfyUI] [worker:ComfyUI-SAM3DBody] [comfy-env] DESERIALIZED tensor shape: torch.Size([3])
[08:59]   [ComfyUI] [worker:ComfyUI-SAM3DBody] [comfy-env] _from_shm got dict with keys: ['__type__', 'strategy', 'parent_pid', 'fd', 'storage_size']
[08:59]   [ComfyUI] [worker:ComfyUI-SAM3DBody] [comfy-env] DESERIALIZE TensorRef: tensor_size=[266]
[08:59]   [ComfyUI] [worker:ComfyUI-SAM3DBody] [comfy-env] DESERIALIZED tensor shape: torch.Size([266])
[08:59]   [ComfyUI] [worker:ComfyUI-SAM3DBody] [comfy-env] _from_shm got dict with keys: ['__type__', 'strategy', 'parent_pid', 'fd', 'storage_size']
[08:59]   [ComfyUI] [worker:ComfyUI-SAM3DBody] [comfy-env] DESERIALIZE TensorRef: tensor_size=[3]
[08:59]   [ComfyUI] [worker:ComfyUI-SAM3DBody] [comfy-env] DESERIALIZED tensor shape: torch.Size([3])
[08:59]   [ComfyUI] [worker:ComfyUI-SAM3DBody] [comfy-env] _from_shm got dict with keys: ['__type__', 'strategy', 'parent_pid', 'fd', 'storage_size']
[08:59]   [ComfyUI] [worker:ComfyUI-SAM3DBody] [comfy-env] DESERIALIZE TensorRef: tensor_size=[133]
[08:59]   [ComfyUI] [worker:ComfyUI-SAM3DBody] [comfy-env] DESERIALIZED tensor shape: torch.Size([133])
[08:59]   [ComfyUI] [worker:ComfyUI-SAM3DBody] [comfy-env] _from_shm got dict with keys: ['__type__', 'strategy', 'parent_pid', 'fd', 'storage_size']
[08:59]   [ComfyUI] [worker:ComfyUI-SAM3DBody] [comfy-env] DESERIALIZE TensorRef: tensor_size=[108]
[08:59]   Frame 5 saved (frame_004.jpg, t=16.7s)
[08:59]   [capture-node] freeze=3ms shot=232ms unfreeze=8ms saved=True
[08:59]   [ComfyUI] [worker:ComfyUI-SAM3DBody] [comfy-env] DESERIALIZED tensor shape: torch.Size([108])
[08:59]   [ComfyUI] [worker:ComfyUI-SAM3DBody] [comfy-env] _from_shm got dict with keys: ['__type__', 'strategy', 'parent_pid', 'fd', 'storage_size']
[08:59]   [ComfyUI] [worker:ComfyUI-SAM3DBody] [comfy-env] DESERIALIZE TensorRef: tensor_size=[28]
[08:59]   [ComfyUI] [worker:ComfyUI-SAM3DBody] [comfy-env] DESERIALIZED tensor shape: torch.Size([28])
[08:59]   [ComfyUI] [worker:ComfyUI-SAM3DBody] [comfy-env] _from_shm got dict with keys: ['__type__', 'strategy', 'parent_pid', 'fd', 'storage_size']
[08:59]   [ComfyUI] [worker:ComfyUI-SAM3DBody] [comfy-env] DESERIALIZE TensorRef: tensor_size=[45]
[08:59]   [ComfyUI] [worker:ComfyUI-SAM3DBody] [comfy-env] DESERIALIZED tensor shape: torch.Size([45])
[08:59]   [ComfyUI] [worker:ComfyUI-SAM3DBody] [comfy-env] _from_shm got dict with keys: ['__type__', 'strategy', 'parent_pid', 'fd', 'storage_size']
[08:59]   [ComfyUI] [worker:ComfyUI-SAM3DBody] [comfy-env] DESERIALIZE TensorRef: tensor_size=[72]
[08:59]   [ComfyUI] [worker:ComfyUI-SAM3DBody] [comfy-env] DESERIALIZED tensor shape: torch.Size([72])
[08:59]   [ComfyUI] [worker:ComfyUI-SAM3DBody] [comfy-env] _from_shm got dict with keys: ['__type__', 'strategy', 'parent_pid', 'fd', 'storage_size']
[08:59]   [ComfyUI] [worker:ComfyUI-SAM3DBody] [comfy-env] DESERIALIZE TensorRef: tensor_size=[1500, 2250, 1]
[08:59]   [ComfyUI] [worker:ComfyUI-SAM3DBody] [comfy-env] DESERIALIZED tensor shape: torch.Size([1500, 2250, 1])
[08:59]   [ComfyUI] [worker:ComfyUI-SAM3DBody] [comfy-env] _from_shm got dict with keys: ['__type__', 'strategy', 'parent_pid', 'fd', 'storage_size']
[08:59]   [ComfyUI] [worker:ComfyUI-SAM3DBody] [comfy-env] DESERIALIZE TensorRef: tensor_size=[127, 3]
[08:59]   [ComfyUI] [worker:ComfyUI-SAM3DBody] [comfy-env] DESERIALIZED tensor shape: torch.Size([127, 3])
[08:59]   [ComfyUI] [worker:ComfyUI-SAM3DBody] [comfy-env] _from_shm got dict with keys: ['__type__', 'strategy', 'parent_pid', 'fd', 'storage_size']
[08:59]   [ComfyUI] [worker:ComfyUI-SAM3DBody] [comfy-env] DESERIALIZE TensorRef: tensor_size=[127, 3, 3]
[08:59]   [ComfyUI] [worker:ComfyUI-SAM3DBody] [comfy-env] DESERIALIZED tensor shape: torch.Size([127, 3, 3])
[08:59]   [ComfyUI] [worker:ComfyUI-SAM3DBody] [comfy-env] _from_shm got dict with keys: ['__type__', 'strategy', 'parent_pid', 'fd', 'storage_size']
[08:59]   [ComfyUI] [worker:ComfyUI-SAM3DBody] [comfy-env] DESERIALIZE TensorRef: tensor_size=[4]
[08:59]   [ComfyUI] [worker:ComfyUI-SAM3DBody] [comfy-env] DESERIALIZED tensor shape: torch.Size([4])
[08:59]   [ComfyUI] [worker:ComfyUI-SAM3DBody] [comfy-env] _from_shm got dict with keys: ['__type__', 'strategy', 'parent_pid', 'fd', 'storage_size']
[08:59]   [ComfyUI] [worker:ComfyUI-SAM3DBody] [comfy-env] DESERIALIZE TensorRef: tensor_size=[4]
[08:59]   [ComfyUI] [worker:ComfyUI-SAM3DBody] [comfy-env] DESERIALIZED tensor shape: torch.Size([4])
[08:59]   [ComfyUI] [SubprocessWorker] callback 'report_progress' from call_id=14
[08:59]   [ComfyUI] [SubprocessWorker] callback 'report_progress' from call_id=14
[08:59]   [ComfyUI] [SubprocessWorker] callback 'report_progress' from call_id=14
[08:59]   [ComfyUI] [SubprocessWorker] callback 'report_progress' from call_id=14
[09:00]   [ComfyUI] [SubprocessWorker] callback 'report_progress' from call_id=14
[09:00]   [ComfyUI] [SubprocessWorker] callback 'report_progress' from call_id=14
[09:00]   [ComfyUI] [SubprocessWorker] callback 'report_progress' from call_id=14
[09:00]   [ComfyUI] [SubprocessWorker] callback 'report_progress' from call_id=14
[09:00]   [ComfyUI] [SubprocessWorker] callback 'report_progress' from call_id=14
[09:00]   [ComfyUI] [SubprocessWorker] callback 'report_progress' from call_id=14
[09:00]   [ComfyUI] [SubprocessWorker] callback 'report_progress' from call_id=14
[09:00]   [ComfyUI] [SubprocessWorker] callback 'report_progress' from call_id=14
[09:00]   [ComfyUI] [SubprocessWorker] callback 'report_progress' from call_id=14
[09:00]   [ComfyUI] [SubprocessWorker] callback 'report_progress' from call_id=14
[09:01]   [ComfyUI] [SubprocessWorker] callback 'report_progress' from call_id=14
[09:01]   [ComfyUI] [SubprocessWorker] callback 'report_progress' from call_id=14
[09:01]   [capture-loop] iter=150 t=18.8s state={'complete': False, 'error': None, 'executedCount': 1, 'wsState': 1} eval_ms=4 ram=8.9/31.2GB (28%) swap=0.7/32.0GB (2%) cpu=12% browser_rss=0.99GB
[09:01]   [ComfyUI] [SubprocessWorker] callback 'report_progress' from call_id=14
[09:01]   [ComfyUI] [SubprocessWorker] callback 'report_progress' from call_id=14
[09:01]   [ComfyUI] [SubprocessWorker] callback 'report_progress' from call_id=14
[09:01]   [ComfyUI] [SubprocessWorker] callback 'report_progress' from call_id=14
[09:01]   [ComfyUI] [SubprocessWorker] callback 'report_progress' from call_id=14
[09:01]   [ComfyUI] [SubprocessWorker] callback 'report_progress' from call_id=14
[09:01]   [ComfyUI] [SubprocessWorker] callback 'report_progress' from call_id=14
[09:01]   Frame 6 saved (frame_005.jpg, t=19.1s)
[09:01]   [capture-periodic] freeze=4ms shot=257ms unfreeze=10ms saved=True
[09:01]   [ComfyUI] [SubprocessWorker] callback 'report_progress' from call_id=14
[09:01]   [ComfyUI] [SubprocessWorker] callback 'report_progress' from call_id=14
[09:01]   [ComfyUI] [SubprocessWorker] got response: ok
[09:02]   [ComfyUI] [comfy-env] SAM3DBodyExportMesh done (3.49s): result: NodeOutput
[09:02]   [ComfyUI] [VRAM] After SAM3DBodyExportMesh: 5065 / 24124 MB
[09:02]   [ComfyUI] [VRAM] Loaded: SubprocessModel (3143 MB)
[09:02]   [ComfyUI] Prompt executed in 19.35 seconds
[09:02]   [ComfyUI] [comfy-env] [VRAM] Before offload 'SAM3DBody_1' (3143 MB) -> cpu: 5065 / 24124 MB
[09:02]   [ComfyUI] [ComfyUI-SAM3DBody] Health check: ping (timeout=5.0s)...
[09:02]   [ComfyUI] [ComfyUI-SAM3DBody] Health check: ok
[09:02]   [ComfyUI] [SubprocessWorker] call_id=15 sending model_to_device
[09:02]   [ComfyUI] [worker:ComfyUI-SAM3DBody] [VRAM] -231MB (now 2912MB) reserved=3296MB peak=3202MB
[09:02]   Node executed (2 total), capturing...
[09:03]   [ComfyUI] [worker:ComfyUI-SAM3DBody] [VRAM] -1214MB (now 1698MB) reserved=3296MB peak=3202MB
[09:03]   Frame 7 saved (frame_006.jpg, t=20.0s)
[09:03]   [capture-node] freeze=563ms shot=848ms unfreeze=0ms saved=True
[09:03]   Execution complete (t=20.0s)
[09:03]   [3d-wait] Phase 1: Waiting for 'Loading 3D Model' text to disappear...
[09:04]   [ComfyUI] [worker:ComfyUI-SAM3DBody] [VRAM] -846MB (now 852MB) reserved=3296MB peak=3202MB
[09:04]   [ComfyUI] [comfy-env] [VRAM] After offload 'SAM3DBody_1' (3143 MB): 1846 / 24124 MB
[10:03]   [3d-wait] Phase 1 exception after 60.0s: Page.wait_for_function: Timeout 60000ms exceeded.
[10:03]   [3d-wait] Phase 2: iframes=0
[10:03]   [3d-wait] Total 3D wait: 60.0s
[10:03]   Captured 7 unique frames over 81.56s
[10:03]   [debug] iframes: 0
[10:03]   [timing] trigger_3d_previews: 0.0s
[10:06]   Saved high-quality screenshot: workflow_executed.png
[10:06]   [timing] final_screenshot: 0.6s
[10:06] Results saved to /logs/SAM3DBody-1940/dev/linux-gpu/results.json
[10:06] Model report: 14 files, 7.7 GB -> /logs/SAM3DBody-1940/dev/linux-gpu/models.json
[10:06] Saved: /logs/SAM3DBody-1940/dev/linux-gpu/index.html
[10:06] 
linux: FAILED
[10:06] Error: Workflow execution failed (1 error(s))
[10:06] Details: multiple_masks_depthcorrected.json: Workflow execution failed: {'prompt_id': '89564568-1ae0-4dc7-a3b7-5e527480d83d', 'node_id': '40', 'node_type': 'DepthAnything_V3', 'executed': ['35', '36', '44', '60', '43', '41', '39'], 'exception_message': 'No module named \'transformers\'\n\nWorker traceback:\nTraceback (most recent call last):\n  File "/tmp/comfyui_pvenv_kxe2ovm_/persistent_worker.py", line 1762, in main\n    result = method(**inputs)\n             ^^^^^^^^^^^^^^^^\n  File "/workspaces/SAM3DBody-1940/ComfyUI/comfy_api/latest/_io.py", line 1833, in EXECUTE_NORMALIZED\n    to_return = cls.execute(*args, **kwargs)\n                ^^^^^^^^^^^^^^^^^^^^^^^^^^^^\n  File "/workspaces/SAM3DBody-1940/ComfyUI/custom_nodes/ComfyUI-DepthAnythingV3/nodes/nodes_inference.py", line 86, in execute\n    patcher = _get_or_build_da3_model(da3_model)\n              ^^^^^^^^^^^^^^^^^^^^^^^^^^^^^^^^^^\n  File "/workspaces/SAM3DBody-1940/ComfyUI/custom_nodes/ComfyUI-DepthAnythingV3/nodes/load_model.py", line 193, in _get_or_build_da3_model\n    import comfy.model_patcher\n  File "/workspaces/SAM3DBody-1940/ComfyUI/comfy/model_patcher.py", line 32, in <module>\n    import comfy.hooks\n  File "/workspaces/SAM3DBody-1940/ComfyUI/comfy/hooks.py", line 14, in <module>\n    import comfy.lora\n  File "/workspaces/SAM3DBody-1940/ComfyUI/comfy/lora.py", line 23, in <module>\n    import comfy.model_base\n  File "/workspaces/SAM3DBody-1940/ComfyUI/comfy/model_base.py", line 61, in <module>\n    import comfy.ldm.hidream_o1.model\n  File "/workspaces/SAM3DBody-1940/ComfyUI/comfy/ldm/hidream_o1/model.py", line 20, in <module>\n    from comfy.text_encoders.qwen35 import Qwen35VisionModel\n  File "/workspaces/SAM3DBody-1940/ComfyUI/comfy/text_encoders/qwen35.py", line 10, in <module>\n    from comfy import sd1_clip\n  File "/workspaces/SAM3DBody-1940/ComfyUI/comfy/sd1_clip.py", line 3, in <module>\n    from transformers import CLIPTokenizer\nModuleNotFoundError: No module named \'transformers\'\n\n', 'exception_type': 'comfy_env.isolation.workers.base.WorkerError', 'traceback': ['  File "/workspaces/SAM3DBody-1940/ComfyUI/execution.py", line 535, in execute\n    output_data, output_ui, has_subgraph, has_pending_tasks = await get_output_data(prompt_id, unique_id, obj, input_data_all, execution_block_cb=execution_block_cb, pre_execute_cb=pre_execute_cb, v3_data=v3_data)\n                                                              ^^^^^^^^^^^^^^^^^^^^^^^^^^^^^^^^^^^^^^^^^^^^^^^^^^^^^^^^^^^^^^^^^^^^^^^^^^^^^^^^^^^^^^^^^^^^^^^^^^^^^^^^^^^^^^^^^^^^^^^^^^^^^^^^^^^^^^^^^^^^^^^^^^^^^^^\n', '  File "/workspaces/SAM3DBody-1940/ComfyUI/execution.py", line 335, in get_output_data\n    return_values = await _async_map_node_over_list(prompt_id, unique_id, obj, input_data_all, obj.FUNCTION, allow_interrupt=True, execution_block_cb=execution_block_cb, pre_execute_cb=pre_execute_cb, v3_data=v3_data)\n                    ^^^^^^^^^^^^^^^^^^^^^^^^^^^^^^^^^^^^^^^^^^^^^^^^^^^^^^^^^^^^^^^^^^^^^^^^^^^^^^^^^^^^^^^^^^^^^^^^^^^^^^^^^^^^^^^^^^^^^^^^^^^^^^^^^^^^^^^^^^^^^^^^^^^^^^^^^^^^^^^^^^^^^^^^^^^^^^^^^^^^^^^^^^^^^^^^^^^^^\n', '  File "/workspaces/SAM3DBody-1940/ComfyUI/execution.py", line 309, in _async_map_node_over_list\n    await process_inputs(input_dict, i)\n', '  File "/workspaces/SAM3DBody-1940/ComfyUI/execution.py", line 297, in process_inputs\n    result = f(**inputs)\n             ^^^^^^^^^^^\n', '  File "/workspaces/SAM3DBody-1940/.venv/lib/python3.12/site-packages/comfy_env/isolation/metadata.py", line 556, in proxy\n    result = worker.call_method(\n             ^^^^^^^^^^^^^^^^^^^\n', '  File "/workspaces/SAM3DBody-1940/.venv/lib/python3.12/site-packages/comfy_env/isolation/workers/subprocess.py", line 674, in call_method\n    raise WorkerError(\n'], 'current_inputs': {'normalization_mode': ['Raw'], 'resize_method': ['resize'], 'invert_depth': [False], 'keep_model_size': [False], 'da3_model': ["{'model_path': '/workspaces/SAM3DBody-1940/ComfyUI/models/depthanything3/da3_giant.safetensors', 'model_key': 'da3-giant', 'dtype': 'bf16', 'attention': 'auto'}"], 'images': ['tensor([[[[0.0039, 0.0510, 0.0353],\n          [0.0039, 0.0510, 0.0353],\n          [0.0039, 0.0510, 0.0353],\n          ...,\n          [0.1922, 0.1451, 0.0980],\n          [0.2392, 0.1843, 0.1412],\n          [0.1608, 0.1059, 0.0627]],\n\n         [[0.0039, 0.0510, 0.0353],\n          [0.0039, 0.0510, 0.0353],\n          [0.0039, 0.0510, 0.0353],\n          ...,\n          [0.1961, 0.1529, 0.1059],\n          [0.2353, 0.1804, 0.1373],\n          [0.1569, 0.0902, 0.0510]],\n\n         [[0.0039, 0.0510, 0.0353],\n          [0.0039, 0.0510, 0.0353],\n          [0.0039, 0.0510, 0.0353],\n          ...,\n          [0.2118, 0.1569, 0.1137],\n          [0.2314, 0.1686, 0.1255],\n          [0.1373, 0.0627, 0.0275]],\n\n         ...,\n\n         [[0.4078, 0.1686, 0.1059],\n          [0.5020, 0.2549, 0.1843],\n          [0.5176, 0.2627, 0.1804],\n          ...,\n          [0.0039, 0.0039, 0.0039],\n          [0.0039, 0.0039, 0.0039],\n          [0.0039, 0.0039, 0.0039]],\n\n         [[0.4000, 0.1608, 0.0980],\n          [0.4902, 0.2431, 0.1765],\n          [0.5059, 0.2549, 0.1686],\n          ...,\n          [0.0039, 0.0039, 0.0039],\n          [0.0039, 0.0039, 0.0039],\n          [0.0039, 0.0039, 0.0039]],\n\n         [[0.4000, 0.1529, 0.0941],\n          [0.4588, 0.2118, 0.1451],\n          [0.5059, 0.2549, 0.1686],\n          ...,\n          [0.0000, 0.0000, 0.0000],\n          [0.0000, 0.0000, 0.0000],\n          [0.0000, 0.0000, 0.0000]]]])']}, 'current_outputs': ['24', '18', '58', '40', '59', '4', '35', '16', '29', '36', '44', '43', '46', '41', '60', '39'], 'timestamp': 1779133729318}

Details:
Workflow: /node/ComfyUI-SAM3DBody/workflows/multiple_masks_depthcorrected.json
Node error: DepthAnything_V3
[10:06] Stopping ComfyUI server...
