[00:00] Crash dump logging enabled: C:\logs\SAM3DBody-0354\dev\windows-portable-gpu\crash_dump.log
[00:00] 
[00:00] [1/5] SYNTAX
[00:00] ----------------------------------------
[00:00] 
[DEBUG] server=None, server_url=None, api=None
[00:00] Found pyproject.toml (modern format)
[00:00] Found requirements.txt (legacy format)
[00:00] Unicode check: OK (all characters cp1252-safe)
[00:00] Forbidden patterns check: OK
[00:00] [SYNTAX] PASSED
[00:00] 
[00:00] [2/5] INSTALL
[00:00] ----------------------------------------
[00:00] 
[DEBUG] server=None, server_url=None, api=None
[00:00] 
Setting up ComfyUI...
[00:00] Fetching latest release version...
[00:00] Latest version: v0.20.1
[00:00] Downloading portable ComfyUI from https://github.com/comfyanonymous/ComfyUI/releases/download/v0.20.1/ComfyUI_windows_portable_nvidia.7z...
[00:05]   Downloaded: 10%
[00:08]   Downloaded: 20%
[00:12]   Downloaded: 30%
[00:16]   Downloaded: 40%
[00:20]   Downloaded: 50%
[00:24]   Downloaded: 60%
[00:27]   Downloaded: 70%
[00:30]   Downloaded: 80%
[00:33]   Downloaded: 90%
[00:36]   Downloaded: 100%
[00:36] Downloaded to C:\Users\ContainerAdministrator\.comfy-test\cache\portable\ComfyUI_portable_v0.20.1.7z
[00:36] Extracting to cache: C:\Users\ContainerAdministrator\.comfy-test\cache\portable\ComfyUI_portable_v0.20.1
[00:36] Extracting ComfyUI_portable_v0.20.1.7z...
[00:36] Using 7z: C:\Program Files\7-Zip\7z.exe
[02:11] Extracted to C:\Users\ContainerAdministrator\.comfy-test\cache\portable\ComfyUI_portable_v0.20.1
[02:11] Copying from cache to: C:\workspaces\SAM3DBody-0354\portable-comfyui
[02:26] Installing uv into embedded Python...
[02:26] Running: C:\workspaces\SAM3DBody-0354\portable-comfyui\ComfyUI_windows_portable\python_embeded\python.exe -m pip install uv
[02:31] Installing ComfyUI requirements...
[02:31] Running: C:\workspaces\SAM3DBody-0354\portable-comfyui\ComfyUI_windows_portable\python_embeded\python.exe -m uv pip install -r C:\workspaces\SAM3DBody-0354\portable-comfyui\ComfyUI_windows_portable\ComfyUI\requirements.txt
[02:33] 
Installing custom node...
[02:33] Copying ComfyUI-SAM3DBody to custom_nodes/...
[02:33] Installing node requirements...
[02:33] Running: C:\workspaces\SAM3DBody-0354\portable-comfyui\ComfyUI_windows_portable\python_embeded\python.exe -m pip install -r C:\workspaces\SAM3DBody-0354\portable-comfyui\ComfyUI_windows_portable\ComfyUI\custom_nodes\ComfyUI-SAM3DBody\requirements.txt
[02:38] 
Running install.py...
[02:38] Running: C:\workspaces\SAM3DBody-0354\portable-comfyui\ComfyUI_windows_portable\python_embeded\python.exe C:\workspaces\SAM3DBody-0354\portable-comfyui\ComfyUI_windows_portable\ComfyUI\custom_nodes\ComfyUI-SAM3DBody\install.py
[02:39]   [comfy-env] Enabled Windows long path support
[02:39]   
[02:39]   Installing 3 node dependencies...
[02:39]     Cloning ComfyUI-Multiband...
[02:40]     Installing requirements for ComfyUI-Multiband...
[02:40]     Cloning ComfyUI-DepthAnythingV3...
[02:42]     Installing requirements for ComfyUI-DepthAnythingV3...
[02:42]     Running install.py for ComfyUI-DepthAnythingV3...
[02:42]   [comfy-env] Enabled Windows long path support
[02:42]   
[02:42]   Installing 3 node dependencies...
[02:42]     Cloning ComfyUI-VideoHelperSuite...
[02:43]     Installing requirements for ComfyUI-VideoHelperSuite...
[02:44]     Cloning ComfyUI-KJNodes...
[02:47]     Installing requirements for ComfyUI-KJNodes...
[02:48]     Cloning ComfyUI-GeometryPack...
[02:53]     Installing requirements for ComfyUI-GeometryPack...
[02:54]     Running install.py for ComfyUI-GeometryPack...
[02:54]   [comfy-env] Enabled Windows long path support
[02:57]   [comfy-env] _discover: scanning C:\workspaces\SAM3DBody-0354\portable-comfyui\ComfyUI_windows_portable\ComfyUI\custom_nodes
[02:57]   [comfy-env] _discover: ComfyUI-DepthAnythingV3 -> depthanythingv3-nodes (custom_nodes\ComfyUI-DepthAnythingV3\nodes\comfy-env.toml)
[02:57]   [comfy-env] _discover: ComfyUI-GeometryPack -> geometrypack-nodes (custom_nodes\ComfyUI-GeometryPack\nodes\comfy-env.toml)
[02:57]   [comfy-env] _discover: ComfyUI-KJNodes: no comfy-env.toml found
[02:57]   [comfy-env] _discover: ComfyUI-Multiband: no comfy-env.toml found
[02:57]   [comfy-env] _discover: ComfyUI-SAM3DBody -> sam3dbody-nodes (custom_nodes\ComfyUI-SAM3DBody\nodes\comfy-env.toml)
[02:57]   [comfy-env] _discover: ComfyUI-VideoHelperSuite: no comfy-env.toml found
[02:57]   [comfy-env] Workspace: C:\ce
[02:57]   [comfy-env] ComfyUI: C:\workspaces\SAM3DBody-0354\portable-comfyui\ComfyUI_windows_portable\ComfyUI
[02:57]   [comfy-env] Found 3 node config(s):
[02:57]     - depthanythingv3-nodes <- custom_nodes\ComfyUI-DepthAnythingV3\nodes\comfy-env.toml (python=host)
[02:57]     - geometrypack-nodes <- custom_nodes\ComfyUI-GeometryPack\nodes\comfy-env.toml (python=host)
[02:57]     - sam3dbody-nodes <- custom_nodes\ComfyUI-SAM3DBody\nodes\comfy-env.toml (python=host)
[02:58]   [comfy-env] Bootstrap interpreter has python 3.13 + torch 2.11.0 (cu130). Looking for cuda-only wheels matching cu130/torch2.11/cp313.
[03:23]   [comfy-env] GPU: Detection: torch
[03:23]   Recommended: CUDA 13.0
[03:23]   
[03:23]     GPU 0: NVIDIA GeForce RTX 3060 (sm_86) [Ampere] 12287MB
[03:23]   [comfy-env] Comfyui feature -> torch 2.11.0 from https://download.pytorch.org/whl/cu130 (CUDA 13.0 via bootstrap torch)
[03:23]   [comfy-env] cuda-wheels: 8 package(s) need a matched (cuda, torch, python) combo: ['flash_attn', 'sageattention', 'cumesh', 'detectron2', 'torch-scatter', 'torch-sparse', 'torch-cluster', 'flash-attn']
[03:23]   [comfy-env] cuda-wheels tier 1 (bootstrap): probing cu13.0/torch2.11/cp313
[03:23]   [cuda-wheels] Looking up flash_attn: cu130 torch2.11 cp313 win_amd64
[03:24]   [cuda-wheels]   https://pozzettiandrea.github.io/cuda-wheels/v2/flash_attn/: HTTPError: HTTP Error 404: Not Found
[03:24]   [cuda-wheels]   Found: flash_attn-2.8.3+cu130torch2.11-cp313-cp313-win_amd64.whl
[03:24]   [cuda-wheels] Looking up sageattention: cu130 torch2.11 cp313 win_amd64
[03:25]   [cuda-wheels]   Found: sageattention-2.2.0+cu130torch2.11-cp313-cp313-win_amd64.whl
[03:25]   [cuda-wheels] Looking up cumesh: cu130 torch2.11 cp313 win_amd64
[03:25]   [cuda-wheels]   Found: cumesh-0.0.1+cu130torch2.11-cp313-cp313-win_amd64.whl
[03:25]   [cuda-wheels] Looking up detectron2: cu130 torch2.11 cp313 win_amd64
[03:26]   [cuda-wheels]   Found: detectron2-0.6+cu130torch2.11-cp313-cp313-win_amd64.whl
[03:26]   [cuda-wheels] Looking up torch-scatter: cu130 torch2.11 cp313 win_amd64
[03:27]   [cuda-wheels]   https://pozzettiandrea.github.io/cuda-wheels/v2/torch_scatter/: HTTPError: HTTP Error 404: Not Found
[03:27]   [cuda-wheels]   Found: torch_scatter-2.1.2+cu130torch2.11-cp313-cp313-win_amd64.whl
[03:27]   [cuda-wheels] Looking up torch-sparse: cu130 torch2.11 cp313 win_amd64
[03:28]   [cuda-wheels]   https://pozzettiandrea.github.io/cuda-wheels/v2/torch_sparse/: HTTPError: HTTP Error 404: Not Found
[03:28]   [cuda-wheels]   Found: torch_sparse-0.6.18+cu130torch2.11-cp313-cp313-win_amd64.whl
[03:28]   [cuda-wheels] Looking up torch-cluster: cu130 torch2.11 cp313 win_amd64
[03:29]   [cuda-wheels]   https://pozzettiandrea.github.io/cuda-wheels/v2/torch_cluster/: HTTPError: HTTP Error 404: Not Found
[03:29]   [cuda-wheels]   Found: torch_cluster-1.6.3+cu130torch2.11-cp313-cp313-win_amd64.whl
[03:29]   [cuda-wheels] Looking up flash-attn: cu130 torch2.11 cp313 win_amd64
[03:29]   [cuda-wheels]   https://pozzettiandrea.github.io/cuda-wheels/v2/flash_attn/: HTTPError: HTTP Error 404: Not Found
[03:29]   [cuda-wheels]   Found: flash_attn-2.8.3+cu130torch2.11-cp313-cp313-win_amd64.whl
[03:29]   [comfy-env] cuda-wheels combo: cu13.0/torch2.11 (bootstrap matches; per-node envs will pin to this)
[03:29]   [cuda-wheels] Looking up flash_attn: cu130 torch2.11 cp313 win_amd64
[03:30]   [cuda-wheels]   https://pozzettiandrea.github.io/cuda-wheels/v2/flash_attn/: HTTPError: HTTP Error 404: Not Found
[03:30]   [cuda-wheels]   Found: flash_attn-2.8.3+cu130torch2.11-cp313-cp313-win_amd64.whl
[03:30]   [cuda-wheels] Looking up sageattention: cu130 torch2.11 cp313 win_amd64
[03:31]   [cuda-wheels]   Found: sageattention-2.2.0+cu130torch2.11-cp313-cp313-win_amd64.whl
[03:31]   [comfy-env] depthanythingv3-nodes: cuda-wheels deferred for post-pixi install (flash_attn, sageattention)
[03:31]   [cuda-wheels] Looking up cumesh: cu130 torch2.11 cp313 win_amd64
[03:31]   [cuda-wheels]   Found: cumesh-0.0.1+cu130torch2.11-cp313-cp313-win_amd64.whl
[03:31]   [comfy-env] geometrypack-nodes: cuda-wheels deferred for post-pixi install (cumesh)
[03:31]   [cuda-wheels] Looking up detectron2: cu130 torch2.11 cp313 win_amd64
[03:31]   [cuda-wheels]   Found: detectron2-0.6+cu130torch2.11-cp313-cp313-win_amd64.whl
[03:31]   [cuda-wheels] Looking up torch-scatter: cu130 torch2.11 cp313 win_amd64
[03:32]   [cuda-wheels]   https://pozzettiandrea.github.io/cuda-wheels/v2/torch_scatter/: HTTPError: HTTP Error 404: Not Found
[03:32]   [cuda-wheels]   Found: torch_scatter-2.1.2+cu130torch2.11-cp313-cp313-win_amd64.whl
[03:32]   [cuda-wheels] Looking up torch-sparse: cu130 torch2.11 cp313 win_amd64
[03:33]   [cuda-wheels]   https://pozzettiandrea.github.io/cuda-wheels/v2/torch_sparse/: HTTPError: HTTP Error 404: Not Found
[03:33]   [cuda-wheels]   Found: torch_sparse-0.6.18+cu130torch2.11-cp313-cp313-win_amd64.whl
[03:33]   [cuda-wheels] Looking up torch-cluster: cu130 torch2.11 cp313 win_amd64
[03:34]   [cuda-wheels]   https://pozzettiandrea.github.io/cuda-wheels/v2/torch_cluster/: HTTPError: HTTP Error 404: Not Found
[03:34]   [cuda-wheels]   Found: torch_cluster-1.6.3+cu130torch2.11-cp313-cp313-win_amd64.whl
[03:34]   [cuda-wheels] Looking up flash-attn: cu130 torch2.11 cp313 win_amd64
[03:35]   [cuda-wheels]   https://pozzettiandrea.github.io/cuda-wheels/v2/flash_attn/: HTTPError: HTTP Error 404: Not Found
[03:35]   [cuda-wheels]   Found: flash_attn-2.8.3+cu130torch2.11-cp313-cp313-win_amd64.whl
[03:35]   [cuda-wheels] Looking up sageattention: cu130 torch2.11 cp313 win_amd64
[03:35]   [cuda-wheels]   Found: sageattention-2.2.0+cu130torch2.11-cp313-cp313-win_amd64.whl
[03:35]   [comfy-env] sam3dbody-nodes: cuda-wheels deferred for post-pixi install (detectron2, torch-scatter, torch-sparse, torch-cluster, flash-attn, sageattention)
[03:35]   Generated C:\ce\pixi.toml
[03:35]   [comfy-env] Patched C:\Users\ContainerAdministrator\AppData\Roaming\uv\python\cpython-3.10-windows-x86_64-none\Lib\platform.py for conda-forge compat
[03:35]   [comfy-env] Patched C:\Users\ContainerAdministrator\AppData\Roaming\uv\python\cpython-3.10.20-windows-x86_64-none\Lib\platform.py for conda-forge compat
[03:35]   [comfy-env] Patched C:\Users\ContainerAdministrator\AppData\Roaming\uv\python\cpython-3.11-windows-x86_64-none\Lib\platform.py for conda-forge compat
[03:35]   [comfy-env] Patched C:\Users\ContainerAdministrator\AppData\Roaming\uv\python\cpython-3.11.15-windows-x86_64-none\Lib\platform.py for conda-forge compat
[03:35]   [comfy-env] Patched C:\Users\ContainerAdministrator\AppData\Roaming\uv\python\cpython-3.12-windows-x86_64-none\Lib\platform.py for conda-forge compat
[03:35]   [comfy-env] Patched C:\Users\ContainerAdministrator\AppData\Roaming\uv\python\cpython-3.12.13-windows-x86_64-none\Lib\platform.py for conda-forge compat
[03:35]   [comfy-env] Patched C:\Users\ContainerAdministrator\AppData\Roaming\uv\python\cpython-3.13-windows-x86_64-none\Lib\platform.py for conda-forge compat
[03:35]   [comfy-env] Patched C:\Users\ContainerAdministrator\AppData\Roaming\uv\python\cpython-3.13.13-windows-x86_64-none\Lib\platform.py for conda-forge compat
[03:35]   [comfy-env] Installing 3 environment(s):
[03:35]     - depthanythingv3-nodes (python=host, 10 pypi deps, 2 cuda wheels)
[03:35]     - geometrypack-nodes (python=host, 14 pypi deps, 1 cuda wheels)
[03:35]     - sam3dbody-nodes (python=host, 11 pypi deps, 6 cuda wheels)
[03:35]   [comfy-env] Running `pixi install -e depthanythingv3-nodes -e geometrypack-nodes -e sam3dbody-nodes`...
[03:46]      WARN Skipped running the post-link scripts because `run-post-link-scripts` = `false`
[03:46]     	- Scripts/.librsvg-pre-unlink.bat
[03:46]     To enable them, run:
[03:46]     	pixi config set --local run-post-link-scripts insecure
[03:46]     More info:
[03:46]     	https://pixi.sh/latest/reference/pixi_configuration/#run-post-link-scripts
[04:39]      WARN Skipped running the post-link scripts because `run-post-link-scripts` = `false`
[04:39]     	- Scripts/.librsvg-pre-unlink.bat
[04:39]     To enable them, run:
[04:39]     	pixi config set --local run-post-link-scripts insecure
[04:39]     More info:
[04:39]     	https://pixi.sh/latest/reference/pixi_configuration/#run-post-link-scripts
[04:43]      WARN Skipped running the post-link scripts because `run-post-link-scripts` = `false`
[04:43]     	- Scripts/.librsvg-pre-unlink.bat
[04:43]     To enable them, run:
[04:43]     	pixi config set --local run-post-link-scripts insecure
[04:43]     More info:
[04:43]     	https://pixi.sh/latest/reference/pixi_configuration/#run-post-link-scripts
[05:10]     The following environments have been installed: depthanythingv3-nodes, geometrypack-nodes, sam3dbody-nodes.
[05:10]   [comfy-env] depthanythingv3-nodes: installing cuda-wheels with --no-deps (flash_attn, sageattention)
[05:10]     Using Python 3.13.13 environment at: .pixi\envs\depthanythingv3-nodes
[05:11]     Resolved 2 packages in 1.37s
[05:12]     Downloading sageattention (35.4MiB)
[05:12]     Downloading flash-attn (228.4MiB)
[05:12]      Downloaded sageattention
[05:18]      Downloaded flash-attn
[05:18]     Prepared 2 packages in 6.12s
[05:18]     Installed 2 packages in 35ms
[05:18]      + flash-attn==2.8.3+cu130torch2.11 (from https://github.com/PozzettiAndrea/cuda-wheels/releases/download/flash_attn-latest/flash_attn-2.8.3%2Bcu130torch2.11-cp313-cp313-win_amd64.whl)
[05:18]      + sageattention==2.2.0+cu130torch2.11 (from https://github.com/PozzettiAndrea/cuda-wheels/releases/download/sageattention-latest/sageattention-2.2.0%2Bcu130torch2.11-cp313-cp313-win_amd64.whl)
[05:18]   [comfy-env] geometrypack-nodes: installing cuda-wheels with --no-deps (cumesh)
[05:18]     Using Python 3.13.13 environment at: .pixi\envs\geometrypack-nodes
[05:18]     Resolved 1 package in 598ms
[05:19]     Downloading cumesh (3.8MiB)
[05:19]      Downloaded cumesh
[05:19]     Prepared 1 package in 115ms
[05:19]     Installed 1 package in 11ms
[05:19]      + cumesh==0.0.1+cu130torch2.11 (from https://github.com/PozzettiAndrea/cuda-wheels/releases/download/cumesh-latest/cumesh-0.0.1%2Bcu130torch2.11-cp313-cp313-win_amd64.whl)
[05:19]   [comfy-env] sam3dbody-nodes: installing cuda-wheels with --no-deps (detectron2, torch-scatter, torch-sparse, torch-cluster, flash-attn, sageattention)
[05:19]     Using Python 3.13.13 environment at: .pixi\envs\sam3dbody-nodes
[05:20]     Resolved 6 packages in 1.15s
[05:20]     Downloading detectron2 (1.3MiB)
[05:20]     Downloading sageattention (35.4MiB)
[05:20]     Downloading flash-attn (228.4MiB)
[05:20]     Downloading torch-sparse (4.1MiB)
[05:20]     Downloading torch-cluster (2.8MiB)
[05:20]     Downloading torch-scatter (5.0MiB)
[05:20]      Downloaded torch-cluster
[05:20]      Downloaded torch-sparse
[05:20]      Downloaded torch-scatter
[05:20]      Downloaded detectron2
[05:21]      Downloaded sageattention
[05:25]      Downloaded flash-attn
[05:25]     Prepared 6 packages in 4.73s
[05:25]     Installed 6 packages in 101ms
[05:25]      + detectron2==0.6+cu130torch2.11 (from https://github.com/PozzettiAndrea/cuda-wheels/releases/download/detectron2-latest/detectron2-0.6%2Bcu130torch2.11-cp313-cp313-win_amd64.whl)
[05:25]      + flash-attn==2.8.3+cu130torch2.11 (from https://github.com/PozzettiAndrea/cuda-wheels/releases/download/flash_attn-latest/flash_attn-2.8.3%2Bcu130torch2.11-cp313-cp313-win_amd64.whl)
[05:25]      + sageattention==2.2.0+cu130torch2.11 (from https://github.com/PozzettiAndrea/cuda-wheels/releases/download/sageattention-latest/sageattention-2.2.0%2Bcu130torch2.11-cp313-cp313-win_amd64.whl)
[05:25]      + torch-cluster==1.6.3+cu130torch2.11 (from https://github.com/PozzettiAndrea/cuda-wheels/releases/download/torch_cluster-latest/torch_cluster-1.6.3%2Bcu130torch2.11-cp313-cp313-win_amd64.whl)
[05:25]      + torch-scatter==2.1.2+cu130torch2.11 (from https://github.com/PozzettiAndrea/cuda-wheels/releases/download/torch_scatter-latest/torch_scatter-2.1.2%2Bcu130torch2.11-cp313-cp313-win_amd64.whl)
[05:25]      + torch-sparse==0.6.18+cu130torch2.11 (from https://github.com/PozzettiAndrea/cuda-wheels/releases/download/torch_sparse-latest/torch_sparse-0.6.18%2Bcu130torch2.11-cp313-cp313-win_amd64.whl)
[05:25]   [comfy-env] Recorded install hash b609cb7a1872 -> C:\ce\install.hash
[05:25]   [comfy-env] Install log: C:\ce\install.log
[05:25]   
[05:25]   Installation complete!
[05:25]   
[05:25]   [requirements] Re-installing main package requirements...
[05:25]     Installing requirements for ComfyUI-DepthAnythingV3...
[05:25]   [comfy-env] _discover: scanning C:\workspaces\SAM3DBody-0354\portable-comfyui\ComfyUI_windows_portable\ComfyUI\custom_nodes
[05:26]   [comfy-env] _discover: ComfyUI-DepthAnythingV3 -> depthanythingv3-nodes (custom_nodes\ComfyUI-DepthAnythingV3\nodes\comfy-env.toml)
[05:26]   [comfy-env] _discover: ComfyUI-GeometryPack -> geometrypack-nodes (custom_nodes\ComfyUI-GeometryPack\nodes\comfy-env.toml)
[05:26]   [comfy-env] _discover: ComfyUI-KJNodes: no comfy-env.toml found
[05:26]   [comfy-env] _discover: ComfyUI-Multiband: no comfy-env.toml found
[05:26]   [comfy-env] _discover: ComfyUI-SAM3DBody -> sam3dbody-nodes (custom_nodes\ComfyUI-SAM3DBody\nodes\comfy-env.toml)
[05:26]   [comfy-env] _discover: ComfyUI-VideoHelperSuite: no comfy-env.toml found
[05:26]   [comfy-env] Workspace inputs unchanged (hash b609cb7a1872) -- skipping install. Delete C:\ce\install.hash to force.
[05:26]   
[05:26]   Installation complete!
[05:26]     ComfyUI-VideoHelperSuite: exists
[05:26]     ComfyUI-KJNodes: exists
[05:26]     ComfyUI-GeometryPack: exists
[05:26]     Cloning ComfyUI-CameraPack...
[05:26]   
[05:26]   [requirements] Re-installing main package requirements...
[05:26]     Installing requirements for ComfyUI-SAM3DBody...
[05:26]   [comfy-env] _discover: scanning C:\workspaces\SAM3DBody-0354\portable-comfyui\ComfyUI_windows_portable\ComfyUI\custom_nodes
[05:26]   [comfy-env] _discover: ComfyUI-CameraPack: no comfy-env.toml found
[05:26]   [comfy-env] _discover: ComfyUI-DepthAnythingV3 -> depthanythingv3-nodes (custom_nodes\ComfyUI-DepthAnythingV3\nodes\comfy-env.toml)
[05:26]   [comfy-env] _discover: ComfyUI-GeometryPack -> geometrypack-nodes (custom_nodes\ComfyUI-GeometryPack\nodes\comfy-env.toml)
[05:26]   [comfy-env] _discover: ComfyUI-KJNodes: no comfy-env.toml found
[05:26]   [comfy-env] _discover: ComfyUI-Multiband: no comfy-env.toml found
[05:26]   [comfy-env] _discover: ComfyUI-SAM3DBody -> sam3dbody-nodes (custom_nodes\ComfyUI-SAM3DBody\nodes\comfy-env.toml)
[05:26]   [comfy-env] _discover: ComfyUI-VideoHelperSuite: no comfy-env.toml found
[05:26]   [comfy-env] Workspace inputs unchanged (hash b609cb7a1872) -- skipping install. Delete C:\ce\install.hash to force.
[05:26]   
[05:26]   Installation complete!
[05:26] Installing 3 node dependency(ies)...
[05:26]   ComfyUI-Multiband from PozzettiAndrea/ComfyUI-Multiband
[05:26]   ComfyUI-Multiband already exists, skipping...
[05:26]   ComfyUI-DepthAnythingV3 from PozzettiAndrea/ComfyUI-DepthAnythingV3
[05:26]   ComfyUI-DepthAnythingV3 already exists, skipping...
[05:26]   ComfyUI-CameraPack from PozzettiAndrea/ComfyUI-CameraPack
[05:26]   ComfyUI-CameraPack already exists, skipping...
[05:26] Installing validation endpoint...
[05:26]   Cloning PozzettiAndrea/ComfyUI-validate-endpoint...
[05:26] Running: git clone --depth 1 https://github.com/PozzettiAndrea/ComfyUI-validate-endpoint.git C:\workspaces\SAM3DBody-0354\portable-comfyui\ComfyUI_windows_portable\ComfyUI\custom_nodes\ComfyUI-validate-endpoint
[05:27] CUDA packages absent (will mock): detectron2, torch_scatter, torch_sparse, torch_cluster, flash_attn, sageattention
[05:27] [INSTALL] PASSED
[05:27] 
[05:27] [3/5] REGISTRATION
[05:27] ----------------------------------------
[05:27] 
[DEBUG] server=None, server_url=None, api=None
[05:27] 
Starting ComfyUI server...
[05:27] Starting ComfyUI server on port 41882...
[05:27] CUDA mock packages: detectron2, torch_scatter, torch_sparse, torch_cluster, flash_attn, sageattention
[05:27] Starting ComfyUI server on port 41882...
[05:27] Waiting for server to be ready (timeout: 600s)...
[05:28]   [ComfyUI] setup plugin alembic.autogenerate.schemas
[05:28]   [ComfyUI] setup plugin alembic.autogenerate.tables
[05:28]   [ComfyUI] setup plugin alembic.autogenerate.types
[05:28]   [ComfyUI] setup plugin alembic.autogenerate.constraints
[05:28]   [ComfyUI] setup plugin alembic.autogenerate.defaults
[05:28]   [ComfyUI] setup plugin alembic.autogenerate.comments
[05:29]   [ComfyUI] [comfy-env] ComfyUI-DepthAnythingV3: 1 isolation env(s):
[05:29]   [ComfyUI] [comfy-env]   nodes -> C:\workspaces\SAM3DBody-0354\portable-comfyui\ComfyUI_windows_portable\ComfyUI\custom_nodes\ComfyUI-DepthAnythingV3\nodes
[05:29]   [ComfyUI] [comfy-env] prestartup complete
[05:29]   [ComfyUI] [comfy-env] ComfyUI-GeometryPack: 1 isolation env(s):
[05:29]   [ComfyUI] [comfy-env]   nodes -> C:\workspaces\SAM3DBody-0354\portable-comfyui\ComfyUI_windows_portable\ComfyUI\custom_nodes\ComfyUI-GeometryPack\nodes
[05:29]   [ComfyUI] [comfy-env] prestartup complete
[05:29]   [ComfyUI] [comfy-env] ComfyUI-SAM3DBody: 1 isolation env(s):
[05:29]   [ComfyUI] [comfy-env]   nodes -> C:\workspaces\SAM3DBody-0354\portable-comfyui\ComfyUI_windows_portable\ComfyUI\custom_nodes\ComfyUI-SAM3DBody\nodes
[05:29]   [ComfyUI] [comfy-env] prestartup complete
[05:29]   [ComfyUI] 
[05:29]   [ComfyUI] Prestartup times for custom nodes:
[05:29]   [ComfyUI]    0.0 seconds: C:\workspaces\SAM3DBody-0354\portable-comfyui\ComfyUI_windows_portable\ComfyUI\custom_nodes\ComfyUI-SAM3DBody
[05:29]   [ComfyUI]    0.2 seconds: C:\workspaces\SAM3DBody-0354\portable-comfyui\ComfyUI_windows_portable\ComfyUI\custom_nodes\ComfyUI-GeometryPack
[05:29]   [ComfyUI]    0.4 seconds: C:\workspaces\SAM3DBody-0354\portable-comfyui\ComfyUI_windows_portable\ComfyUI\custom_nodes\ComfyUI-DepthAnythingV3
[05:29]   [ComfyUI] 
[05:33]   [ComfyUI] Found comfy_kitchen backend triton: {'available': False, 'disabled': True, 'unavailable_reason': "ImportError: No module named 'triton'", 'capabilities': []}
[05:33]   [ComfyUI] Found comfy_kitchen backend cuda: {'available': True, 'disabled': False, 'unavailable_reason': None, 'capabilities': ['apply_rope', 'apply_rope1', 'dequantize_nvfp4', 'dequantize_per_tensor_fp8', 'quantize_mxfp8', 'quantize_nvfp4', 'quantize_per_tensor_fp8', 'scaled_mm_nvfp4']}
[05:33]   [ComfyUI] Found comfy_kitchen backend eager: {'available': True, 'disabled': False, 'unavailable_reason': None, 'capabilities': ['apply_rope', 'apply_rope1', 'dequantize_mxfp8', 'dequantize_nvfp4', 'dequantize_per_tensor_fp8', 'quantize_mxfp8', 'quantize_nvfp4', 'quantize_per_tensor_fp8', 'scaled_mm_mxfp8', 'scaled_mm_nvfp4']}
[05:33]   [ComfyUI] Checkpoint files will always be loaded safely.
[05:33]   [ComfyUI] Total VRAM 12287 MB, total RAM 32648 MB
[05:33]   [ComfyUI] pytorch version: 2.11.0+cu130
[05:33]   [ComfyUI] Set vram state to: NORMAL_VRAM
[05:33]   [ComfyUI] Device: cuda:0 NVIDIA GeForce RTX 3060 : cudaMallocAsync
[05:33]   [ComfyUI] Using async weight offloading with 2 streams
[05:33]   [ComfyUI] Enabled pinned memory 13059.0
[05:34]   [ComfyUI] Using pytorch attention
[05:45]   [ComfyUI] aimdo: src-win/cuda-detour.c:77:INFO:aimdo_setup_hooks: found driver at 00007FFB765B0000, installing 4 hooks
[05:45]   [ComfyUI] aimdo: src-win/cuda-detour.c:61:DEBUG:install_hook_entrys: hooks successfully installed
[05:45]   [ComfyUI] aimdo: src/control.c:69:INFO:comfy-aimdo inited for GPU: NVIDIA GeForce RTX 3060 (VRAM: 12287 MB)
[05:45]   [ComfyUI] DynamicVRAM support detected and enabled
[05:45]   [ComfyUI] Python version: 3.13.12 (tags/v3.13.12:1cbe481, Feb  3 2026, 18:22:25) [MSC v.1944 64 bit (AMD64)]
[05:45]   [ComfyUI] ComfyUI version: 0.20.1
[05:45]   [ComfyUI] comfy-aimdo version: 0.2.14
[05:45]   [ComfyUI] comfy-kitchen version: 0.2.8
[05:45]   [ComfyUI] ****** User settings have been changed to be stored on the server instead of browser storage. ******
[05:45]   [ComfyUI] ****** For multi-user setups add the --multi-user CLI argument to enable multiple user profiles. ******
[05:45]   [ComfyUI] ComfyUI frontend version: 1.42.15
[05:45]   [ComfyUI] [Prompt Server] web root: C:\workspaces\SAM3DBody-0354\portable-comfyui\ComfyUI_windows_portable\python_embeded\Lib\site-packages\comfyui_frontend_package\static
[05:45]   [ComfyUI] Asset seeder disabled
[05:47]   [ComfyUI] [comfy-env] Version: 0.3.83
[05:48]   [ComfyUI] [comfy-env] register_nodes: ComfyUI-DepthAnythingV3
[05:48]   [ComfyUI] [comfy-env] ComfyUI source dir: C:\workspaces\SAM3DBody-0354\portable-comfyui\ComfyUI_windows_portable\ComfyUI
[05:48]   [ComfyUI] [comfy-env] Found 1 isolation env(s)
[05:48]   [ComfyUI] [comfy-env] Scanning nodes metadata (isolation root)...
[05:48]   [ComfyUI] [comfy-env] depthanythingv3-nodes: Library/bin has 235 DLLs
[05:48]   [ComfyUI] [comfy-env] Metadata scan: C:\Users\ContainerAdministrator\.pixi\bin\pixi.exe run --as-is --manifest-path C:\ce\pixi.toml -e depthanythingv3-nodes python C:\Users\ContainerAdministrator\AppData\Local\Temp\comfy_meta_mwdm_j26.py C:\workspaces\SAM3DBody-0354\portable-comfyui\ComfyUI_windows_portable\ComfyUI\custom_nodes\ComfyUI-DepthAnythingV3 nodes
[05:48]   [ComfyUI] [comfy-env] Scan env PATH for nodes:
[05:48]   [ComfyUI] [comfy-env]   [0] C:\ce\.pixi\envs\depthanythingv3-nodes
[05:48]   [ComfyUI] [comfy-env]   [1] C:\ce\.pixi\envs\depthanythingv3-nodes\Library\bin
[05:48]   [ComfyUI] [comfy-env]   [2] C:\ce\.pixi\envs\depthanythingv3-nodes\Scripts
[05:48]   [ComfyUI] [comfy-env]   [3] C:\ce\.pixi\envs\depthanythingv3-nodes\Lib\site-packages\bpy
[05:48]   [ComfyUI] [comfy-env]   [4] C:\Windows\System32
[05:48]   [ComfyUI] [comfy-env]   [5] C:\Windows
[05:48]   [ComfyUI] [comfy-env]   [6] C:\Windows\System32\Wbem
[06:22]   [ComfyUI] [comfy-env] Metadata scan stderr for nodes:
[06:22]   [ComfyUI] [comfy-env]   [meta-scan] importing nodes from C:\workspaces\SAM3DBody-0354\portable-comfyui\ComfyUI_windows_portable\ComfyUI\custom_nodes\ComfyUI-DepthAnythingV3
[06:22]   [ComfyUI] [comfy-env]   ERROR:root:Failed to import comfy_kitchen, Error: No module named 'comfy_kitchen', fp8 and fp4 support will not be available.
[06:22]   [ComfyUI] [comfy-env]   [meta-scan] import OK
[06:22]   [ComfyUI] [comfy-env] Scanned nodes: 15 nodes (33.9s)
[06:22]   [ComfyUI] [comfy-env] Scanned nodes root: 15 nodes (33.9s)
[06:22]   [ComfyUI] [comfy-env] Imported nodes root: 15 nodes (isolation)
[06:22]   [ComfyUI] [comfy-env] Registered 15 total nodes
[06:22]   [ComfyUI] loading...
[06:22]   [ComfyUI] calling register_nodes
[06:22]   [ComfyUI] [comfy-env] Version: 0.3.83
[06:22]   [ComfyUI] [comfy-env] register_nodes: ComfyUI-GeometryPack
[06:22]   [ComfyUI] [comfy-env] ComfyUI source dir: C:\workspaces\SAM3DBody-0354\portable-comfyui\ComfyUI_windows_portable\ComfyUI
[06:22]   [ComfyUI] [comfy-env] Found 1 isolation env(s)
[06:22]   [ComfyUI] [comfy-env] Scanning nodes metadata (isolation root)...
[06:22]   [ComfyUI] [comfy-env] geometrypack-nodes: Library/bin has 611 DLLs
[06:22]   [ComfyUI] [comfy-env] Metadata scan: C:\Users\ContainerAdministrator\.pixi\bin\pixi.exe run --as-is --manifest-path C:\ce\pixi.toml -e geometrypack-nodes python C:\Users\ContainerAdministrator\AppData\Local\Temp\comfy_meta_njqi3l6i.py C:\workspaces\SAM3DBody-0354\portable-comfyui\ComfyUI_windows_portable\ComfyUI\custom_nodes\ComfyUI-GeometryPack nodes
[06:22]   [ComfyUI] [comfy-env] Scan env PATH for nodes:
[06:22]   [ComfyUI] [comfy-env]   [0] C:\ce\.pixi\envs\geometrypack-nodes
[06:22]   [ComfyUI] [comfy-env]   [1] C:\ce\.pixi\envs\geometrypack-nodes\Library\bin
[06:22]   [ComfyUI] [comfy-env]   [2] C:\ce\.pixi\envs\geometrypack-nodes\Scripts
[06:22]   [ComfyUI] [comfy-env]   [3] C:\ce\.pixi\envs\geometrypack-nodes\Lib\site-packages\bpy
[06:22]   [ComfyUI] [comfy-env]   [4] C:\Windows\System32
[06:22]   [ComfyUI] [comfy-env]   [5] C:\Windows
[06:22]   [ComfyUI] [comfy-env]   [6] C:\Windows\System32\Wbem
[06:41]   [ComfyUI] [comfy-env] Metadata scan stderr for nodes:
[06:41]   [ComfyUI] [comfy-env]   [meta-scan] importing nodes from C:\workspaces\SAM3DBody-0354\portable-comfyui\ComfyUI_windows_portable\ComfyUI\custom_nodes\ComfyUI-GeometryPack
[06:41]   [ComfyUI] [comfy-env]   ERROR:root:Failed to import comfy_kitchen, Error: No module named 'comfy_kitchen', fp8 and fp4 support will not be available.
[06:41]   [ComfyUI] [comfy-env]   [meta-scan] import OK
[06:41]   [ComfyUI] [comfy-env] Scanned nodes: 125 nodes (19.0s)
[06:41]   [ComfyUI] [comfy-env] Scanned nodes root: 125 nodes (19.1s)
[06:41]   [ComfyUI] [comfy-env] Imported nodes root: 125 nodes (isolation)
[06:41]   [ComfyUI] [comfy-env] Registered 125 total nodes
[06:42]   [ComfyUI] ComfyUI-Multiband loaded: 15 nodes registered
[06:42]   [ComfyUI] [comfy-env] Version: 0.3.83
[06:42]   [ComfyUI] [comfy-env] register_nodes: ComfyUI-SAM3DBody
[06:42]   [ComfyUI] [comfy-env] ComfyUI source dir: C:\workspaces\SAM3DBody-0354\portable-comfyui\ComfyUI_windows_portable\ComfyUI
[06:42]   [ComfyUI] [comfy-env] Found 1 isolation env(s)
[06:42]   [ComfyUI] [comfy-env] Scanning nodes metadata (isolation root)...
[06:42]   [ComfyUI] [comfy-env] sam3dbody-nodes: Library/bin has 235 DLLs
[06:42]   [ComfyUI] [comfy-env] Metadata scan: C:\Users\ContainerAdministrator\.pixi\bin\pixi.exe run --as-is --manifest-path C:\ce\pixi.toml -e sam3dbody-nodes python C:\Users\ContainerAdministrator\AppData\Local\Temp\comfy_meta__ubkzurg.py C:\workspaces\SAM3DBody-0354\portable-comfyui\ComfyUI_windows_portable\ComfyUI\custom_nodes\ComfyUI-SAM3DBody nodes
[06:42]   [ComfyUI] [comfy-env] Scan env PATH for nodes:
[06:42]   [ComfyUI] [comfy-env]   [0] C:\ce\.pixi\envs\sam3dbody-nodes
[06:42]   [ComfyUI] [comfy-env]   [1] C:\ce\.pixi\envs\sam3dbody-nodes\Library\bin
[06:42]   [ComfyUI] [comfy-env]   [2] C:\ce\.pixi\envs\sam3dbody-nodes\Scripts
[06:42]   [ComfyUI] [comfy-env]   [3] C:\ce\.pixi\envs\sam3dbody-nodes\Lib\site-packages\bpy
[06:42]   [ComfyUI] [comfy-env]   [4] C:\Windows\System32
[06:42]   [ComfyUI] [comfy-env]   [5] C:\Windows
[06:42]   [ComfyUI] [comfy-env]   [6] C:\Windows\System32\Wbem
[06:53]   [ComfyUI] [comfy-env] Metadata scan stderr for nodes:
[06:53]   [ComfyUI] [comfy-env]   [meta-scan] importing nodes from C:\workspaces\SAM3DBody-0354\portable-comfyui\ComfyUI_windows_portable\ComfyUI\custom_nodes\ComfyUI-SAM3DBody
[06:53]   [ComfyUI] [comfy-env]   [meta-scan] import OK
[06:53]   [ComfyUI] [comfy-env] Scanned nodes: 15 nodes (10.3s)
[06:53]   [ComfyUI] [comfy-env] Scanned nodes root: 15 nodes (10.3s)
[06:53]   [ComfyUI] [comfy-env] Imported nodes root: 15 nodes (isolation)
[06:53]   [ComfyUI] [comfy-env] Registered 15 total nodes
[06:55]   [ComfyUI] 
[06:55]   [ComfyUI] Import times for custom nodes:
[06:55]   [ComfyUI]    0.0 seconds: C:\workspaces\SAM3DBody-0354\portable-comfyui\ComfyUI_windows_portable\ComfyUI\custom_nodes\websocket_image_save.py
[06:55]   [ComfyUI]    0.0 seconds: C:\workspaces\SAM3DBody-0354\portable-comfyui\ComfyUI_windows_portable\ComfyUI\custom_nodes\ComfyUI-validate-endpoint
[06:55]   [ComfyUI]    0.0 seconds: C:\workspaces\SAM3DBody-0354\portable-comfyui\ComfyUI_windows_portable\ComfyUI\custom_nodes\ComfyUI-CameraPack
[06:55]   [ComfyUI]    0.3 seconds: C:\workspaces\SAM3DBody-0354\portable-comfyui\ComfyUI_windows_portable\ComfyUI\custom_nodes\ComfyUI-KJNodes
[06:55]   [ComfyUI]    0.9 seconds: C:\workspaces\SAM3DBody-0354\portable-comfyui\ComfyUI_windows_portable\ComfyUI\custom_nodes\ComfyUI-Multiband
[06:55]   [ComfyUI]    2.5 seconds: C:\workspaces\SAM3DBody-0354\portable-comfyui\ComfyUI_windows_portable\ComfyUI\custom_nodes\ComfyUI-VideoHelperSuite
[06:55]   [ComfyUI]   10.4 seconds: C:\workspaces\SAM3DBody-0354\portable-comfyui\ComfyUI_windows_portable\ComfyUI\custom_nodes\ComfyUI-SAM3DBody
[06:55]   [ComfyUI]   19.1 seconds: C:\workspaces\SAM3DBody-0354\portable-comfyui\ComfyUI_windows_portable\ComfyUI\custom_nodes\ComfyUI-GeometryPack
[06:55]   [ComfyUI]   34.7 seconds: C:\workspaces\SAM3DBody-0354\portable-comfyui\ComfyUI_windows_portable\ComfyUI\custom_nodes\ComfyUI-DepthAnythingV3
[06:55]   [ComfyUI] 
[06:55]   [ComfyUI] Context impl SQLiteImpl.
[06:55]   [ComfyUI] Will assume non-transactional DDL.
[06:55]   [ComfyUI] Context impl SQLiteImpl.
[06:55]   [ComfyUI] Will assume non-transactional DDL.
[06:55]   [ComfyUI] Running upgrade  -> 0001_assets, Initial assets schema
[06:55]   [ComfyUI] Revision ID: 0001_assets
[06:55]   [ComfyUI] Revises: None
[06:55]   [ComfyUI] Create Date: 2025-12-10 00:00:00
[06:55]   [ComfyUI] Running upgrade 0001_assets -> 0002_merge_to_asset_references, Merge AssetInfo and AssetCacheState into unified asset_references table.
[06:56]   [ComfyUI] Running upgrade 0002_merge_to_asset_references -> 0003_add_metadata_job_id, Add system_metadata and job_id columns to asset_references.
[06:56]   [ComfyUI] Change preview_id FK from assets.id to asset_references.id.
[06:56]   [ComfyUI] Database upgraded from None to 0003_add_metadata_job_id
[06:56]   [ComfyUI] Starting server
[06:56]   [ComfyUI] 
[06:56]   [ComfyUI] To see the GUI go to: http://127.0.0.1:41882
[06:56] Server responding, waiting for nodes to load...
[07:16] Server is ready!
[07:16] Checking for import errors in server logs...
[07:16] No import errors detected
[07:16] Found 1137 registered nodes
[07:16] [REGISTRATION] PASSED
[07:16] 
[07:16] [4/5] INSTANTIATION
[07:16] ----------------------------------------
[07:16] 
[DEBUG] server=<comfy_test.comfyui.server.ComfyUIServer object at 0x000001CD2CAD97F0>, server_url=None, api=<comfy_test.comfyui.api.ComfyUIAPI object at 0x000001CD2CADABA0>
[07:16] Testing node constructors...
[07:17] All 15 node(s) instantiated successfully!
[07:17] [INSTANTIATION] PASSED
[07:17] 
[07:17] [5/5] EXECUTION
[07:17] ----------------------------------------
[07:17] 
[DEBUG] server=<comfy_test.comfyui.server.ComfyUIServer object at 0x000001CD2CAD97F0>, server_url=None, api=<comfy_test.comfyui.api.ComfyUIAPI object at 0x000001CD2CADABA0>
[07:17] GPU runner - will execute 4 workflow(s)
[07:17] Running 5 workflow(s) (all with videos)...
[07:18] Installing screenshot dependencies (playwright, pillow)...
[07:19]   Packages installed, downloading chromium browser...
[07:37]   Screenshot dependencies installed successfully
[07:38] Starting headless browser...
[07:38]   Downloading Mesa llvmpipe for Windows...
[07:38]   Mesa download error: <urlopen error [SSL: CERTIFICATE_VERIFY_FAILED] certificate verify failed: unable to get local issuer certificate (_ssl.c:1032)>
[07:38]   Mesa unavailable -- falling back to SwiftShader
[07:43] Capturing execution frames: multiple_masks.json
[07:45]   [ComfyUI] [DEPRECATION WARNING] Detected import of deprecated legacy API: /extensions/core/widgetInputs.js. This is likely caused by a custom node extension using outdated APIs. Please update your extensions or contact the extension author for an updated version.
[07:52]   Frame 1 saved (frame_000.jpg, t=0.0s)
[07:52]   Validating workflow...
[07:52]   [ComfyUI] === /validate endpoint called ===
[07:52]   [ComfyUI] Received JSON with keys: ['prompt']
[07:52]   Queuing workflow for execution...
[07:52]   [ComfyUI] Prompt has 8 nodes
[07:52]   [ComfyUI]   Node 4: PreviewImage
[07:52]   [ComfyUI]     Inputs: {"images": ["16", 1]}
[07:52]   [ComfyUI]   Node 16: SAM3DBodyProcessMultiple
[07:52]   [ComfyUI]     Inputs: {"inference_type": "full", "adjust_position_from_depth": false, "model": ["24", 0], "image": ["36", 0], "masks": ["39", 0]}
[07:52]   [ComfyUI]   Node 18: SAM3DBodyExportMultipleFBX
[07:52]   [ComfyUI]     Inputs: {"output_filename": "sam3d_multi_rigged.fbx", "combine": true, "multi_mesh_data": ["16", 0]}
[07:52]   [ComfyUI]   Node 24: LoadSAM3DBodyModel
[07:52]   [ComfyUI]     Inputs: {"precision": "auto"}
[07:52]   [ComfyUI] [comfy-env] SubprocessWorker: C:\ce\.pixi\envs\sam3dbody-nodes\python.exe
[07:52]   [ComfyUI]   Node 29: Preview3D
[07:52]   [ComfyUI] [comfy-env] env_vars: {'COMFYUI_BASE': 'C:\\workspaces\\SAM3DBody-0354\\portable-comfyui\\ComfyUI_windows_portable\\ComfyUI'}
[07:52]   [ComfyUI]     Inputs: {"model_file": ["18", 0], "image": ""}
[07:52]   [ComfyUI] [ComfyUI-SAM3DBody] python: C:\ce\.pixi\envs\sam3dbody-nodes\python.exe
[07:52]   [ComfyUI]   Node 35: MultibandLoad
[07:52]   [ComfyUI] [ComfyUI-SAM3DBody] sys_path sent to worker: ['C:\\workspaces\\SAM3DBody-0354\\portable-comfyui\\ComfyUI_windows_portable\\ComfyUI', 'C:\\workspaces\\SAM3DBody-0354\\portable-comfyui\\ComfyUI_windows_portable\\ComfyUI\\custom_nodes\\ComfyUI-SAM3DBody', 'C:\\ce\\.pixi\\envs\\sam3dbody-nodes\\Lib\\site-packages', 'C:\\workspaces\\SAM3DBody-0354\\portable-comfyui\\ComfyUI_windows_portable\\ComfyUI\\custom_nodes\\ComfyUI-SAM3DBody']
[07:52]   [ComfyUI]     Inputs: {"image": "people.npz", "normalize": true}
[07:52]   [ComfyUI] [SubprocessWorker] is_pixi=True, python=C:\ce\.pixi\envs\sam3dbody-nodes\python.exe
[07:52]   [ComfyUI]   Node 36: MultibandToImage
[07:52]   [ComfyUI] [SubprocessWorker] launching cmd=['C:\\Users\\ContainerAdministrator\\.pixi\\bin\\pixi.exe', 'run', '--as-is', '--manifest-path', 'C:\\ce\\pixi.toml', '-e', 'sam3dbody-nodes', 'python', 'C:\\Users\\ContainerAdministrator\\AppData\\Local\\Temp\\comfyui_pvenv_jmmp98ue\\persistent_worker.py', 'tcp://127.0.0.1:59321']...
[07:52]   [ComfyUI]     Inputs: {"channels": "0,1,2", "multiband": ["35", 0]}
[07:52]   [ComfyUI]   Node 39: MultibandToMasks
[07:52]   [ComfyUI]     Inputs: {"channels": "0", "auto_detect_masks": true, "multiband": ["35", 0]}
[07:52]   [ComfyUI] Generated prompt_id: d0328ce8-a187-4193-a773-8524605e9c98
[07:52]   [ComfyUI] Calling execution.validate_prompt()...
[07:52]   [ComfyUI] Validation result: valid=True
[07:52]   [ComfyUI] === Validation PASSED ===
[07:52]   [ComfyUI] got prompt
[07:52]   [ComfyUI] [comfy-env] Running LoadSAM3DBodyModel: precision: 'auto'
[07:52]   [ComfyUI] [VRAM] Before LoadSAM3DBodyModel: 1042 / 12287 MB
[07:52]   [ComfyUI] [SubprocessWorker] call_method: nodes.load_model.LoadSAM3DBodyModel.EXECUTE_NORMALIZED
[07:52]   [ComfyUI] [SubprocessWorker] acquired lock, ensuring started...
[07:52]   [ComfyUI] [comfy-env] sam3dbody-nodes: Library/bin has 235 DLLs
[07:54]   Frame 2 saved (frame_001.jpg, t=2.3s)
[07:54]   [capture-periodic] freeze=4ms shot=119ms unfreeze=6ms saved=True
[07:56]   Frame 3 saved (frame_002.jpg, t=4.5s)
[07:56]   [capture-periodic] freeze=4ms shot=106ms unfreeze=6ms saved=True
[07:58]   [capture-loop] iter=50 t=6.1s state={'complete': False, 'error': None, 'executedCount': 0, 'wsState': 1} eval_ms=4 ram=10.0/31.9GB (31%) swap=0.2/5.0GB (4%) cpu=5% browser_rss=0.73GB
[08:04]   [capture-loop] iter=100 t=12.4s state={'complete': False, 'error': None, 'executedCount': 0, 'wsState': 1} eval_ms=4 ram=10.0/31.9GB (31%) swap=0.2/5.0GB (4%) cpu=4% browser_rss=0.73GB
[08:10]   [capture-loop] iter=150 t=18.3s state={'complete': False, 'error': None, 'executedCount': 0, 'wsState': 1} eval_ms=4 ram=10.6/31.9GB (33%) swap=0.2/5.0GB (4%) cpu=4% browser_rss=0.73GB
[08:12]   [ComfyUI] [worker:ComfyUI-SAM3DBody] ERROR: Failed to import comfy_kitchen, Error: No module named 'comfy_kitchen', fp8 and fp4 support will not be available.
[08:12]   [ComfyUI] [SubprocessWorker] worker started/confirmed
[08:12]   [ComfyUI] [SubprocessWorker] serializing kwargs to shm...
[08:12]   [ComfyUI] [SubprocessWorker] created 0 shm blocks
[08:12]   [ComfyUI] [SubprocessWorker] sending request via socket...
[08:12]   [ComfyUI] [SubprocessWorker] call_id=1 sending call_method
[08:14]   [ComfyUI] 
[08:14]   [ComfyUI] Downloading (incomplete total...): 0.00B [00:00, ?B/s]
[08:14]   [ComfyUI] 
[08:14]   [ComfyUI] Fetching 4 files:   0%|          | 0/4 [00:00<?, ?it/s][AWarning: You are sending unauthenticated requests to the HF Hub. Please set a HF_TOKEN to enable higher rate limits and faster downloads.
[08:14]   [ComfyUI] [worker:ComfyUI-SAM3DBody] WARNING: Warning: You are sending unauthenticated requests to the HF Hub. Please set a HF_TOKEN to enable higher rate limits and faster downloads.
[08:14]   [ComfyUI] 
[08:14]   [ComfyUI] Downloading (incomplete total...): 1.52kB [00:00, 10.1kB/s][SubprocessWorker] callback 'report_progress' from call_id=1
[08:14]   [ComfyUI] 
[08:14]   [ComfyUI] 
[08:14]   [ComfyUI] Fetching 4 files:  25%|██▌       | 1/4 [00:00<00:00,  6.64it/s][A[SubprocessWorker] callback 'report_progress' from call_id=1
[08:14]   [ComfyUI] [SubprocessWorker] callback 'report_progress' from call_id=1
[08:15]   [ComfyUI] 
[08:15]   [ComfyUI] Downloading (incomplete total...):   0%|          | 3.01k/2.13G [00:00<58:24:42, 10.1kB/s]
[08:15]   [ComfyUI] Downloading (incomplete total...):   0%|          | 3.01k/2.83G [00:00<77:28:37, 10.1kB/s]
[08:16]   Frame 4 saved (frame_003.jpg, t=24.0s)
[08:16]   [capture-periodic] freeze=5ms shot=122ms unfreeze=5ms saved=True
[08:16]   [ComfyUI] Downloading (incomplete total...):   0%|          | 3.01k/2.83G [00:00<143:50:39, 5.46kB/s]
[08:16]   [ComfyUI] Downloading (incomplete total...):   5%|▍         | 138M/2.83G [00:01<00:30, 87.3MB/s]     [SubprocessWorker] callback 'report_progress' from call_id=1
[08:16]   [capture-loop] iter=200 t=24.3s state={'complete': False, 'error': None, 'executedCount': 0, 'wsState': 1} eval_ms=5 ram=9.5/31.9GB (30%) swap=0.2/5.0GB (4%) cpu=5% browser_rss=0.67GB
[08:16]   [ComfyUI] 
[08:16]   [ComfyUI] Downloading (incomplete total...):   9%|▉         | 256M/2.83G [00:02<00:16, 159MB/s] [SubprocessWorker] callback 'report_progress' from call_id=1
[08:16]   [ComfyUI] 
[08:16]   [ComfyUI] Downloading (incomplete total...):  16%|█▌        | 452M/2.83G [00:02<00:08, 288MB/s][SubprocessWorker] callback 'report_progress' from call_id=1
[08:17]   [ComfyUI] 
[08:17]   [ComfyUI] Downloading (incomplete total...):  23%|██▎       | 653M/2.83G [00:02<00:05, 407MB/s][SubprocessWorker] callback 'report_progress' from call_id=1
[08:17]   [ComfyUI] [SubprocessWorker] callback 'report_progress' from call_id=1
[08:17]   [ComfyUI] 
[08:17]   [ComfyUI] 
[08:17]   [ComfyUI] Fetching 4 files:  50%|█████     | 2/4 [00:02<00:02,  1.48s/it][A[SubprocessWorker] callback 'report_progress' from call_id=1
[08:18]   [ComfyUI] 
[08:18]   [ComfyUI] Downloading (incomplete total...):  30%|██▉       | 836M/2.83G [00:03<00:07, 282MB/s][SubprocessWorker] callback 'report_progress' from call_id=1
[08:18]   [ComfyUI] [SubprocessWorker] callback 'report_progress' from call_id=1
[08:18]   [ComfyUI] 
[08:18]   [ComfyUI] Downloading (incomplete total...):  32%|███▏      | 894M/2.83G [00:04<00:08, 233MB/s][SubprocessWorker] callback 'report_progress' from call_id=1
[08:18]   [ComfyUI] [SubprocessWorker] callback 'report_progress' from call_id=1
[08:19]   [ComfyUI] 
[08:19]   [ComfyUI] Downloading (incomplete total...):  34%|███▍      | 975M/2.83G [00:04<00:09, 185MB/s][SubprocessWorker] callback 'report_progress' from call_id=1
[08:19]   [ComfyUI] 
[08:19]   [ComfyUI] Downloading (incomplete total...):  36%|███▌      | 1.02G/2.83G [00:05<00:09, 183MB/s][SubprocessWorker] callback 'report_progress' from call_id=1
[08:19]   [ComfyUI] [SubprocessWorker] callback 'report_progress' from call_id=1
[08:20]   [ComfyUI] 
[08:20]   [ComfyUI] Downloading (incomplete total...):  41%|████      | 1.16G/2.83G [00:06<00:10, 166MB/s][SubprocessWorker] callback 'report_progress' from call_id=1
[08:20]   [ComfyUI] 
[08:20]   [ComfyUI] Downloading (incomplete total...):  43%|████▎     | 1.20G/2.83G [00:06<00:09, 165MB/s][SubprocessWorker] callback 'report_progress' from call_id=1
[08:21]   [ComfyUI] [SubprocessWorker] callback 'report_progress' from call_id=1
[08:21]   [ComfyUI] 
[08:21]   [ComfyUI] Downloading (incomplete total...):  45%|████▌     | 1.27G/2.83G [00:06<00:09, 157MB/s][SubprocessWorker] callback 'report_progress' from call_id=1
[08:21]   [ComfyUI] [SubprocessWorker] callback 'report_progress' from call_id=1
[08:21]   [ComfyUI] 
[08:21]   [ComfyUI] Downloading (incomplete total...):  48%|████▊     | 1.36G/2.83G [00:07<00:08, 163MB/s][SubprocessWorker] callback 'report_progress' from call_id=1
[08:22]   [ComfyUI] [SubprocessWorker] callback 'report_progress' from call_id=1
[08:22]   [ComfyUI] [SubprocessWorker] callback 'report_progress' from call_id=1
[08:22]   [capture-loop] iter=250 t=30.3s state={'complete': False, 'error': None, 'executedCount': 0, 'wsState': 1} eval_ms=5 ram=10.2/31.9GB (32%) swap=0.2/5.0GB (4%) cpu=20% browser_rss=0.67GB
[08:22]   [ComfyUI] 
[08:22]   [ComfyUI] Downloading (incomplete total...):  52%|█████▏    | 1.47G/2.83G [00:08<00:08, 153MB/s][SubprocessWorker] callback 'report_progress' from call_id=1
[08:23]   [ComfyUI] 
[08:23]   [ComfyUI] Downloading (incomplete total...):  53%|█████▎    | 1.49G/2.83G [00:08<00:10, 127MB/s][SubprocessWorker] callback 'report_progress' from call_id=1
[08:23]   [ComfyUI] [SubprocessWorker] callback 'report_progress' from call_id=1
[08:24]   [ComfyUI] 
[08:24]   [ComfyUI] Downloading (incomplete total...):  55%|█████▌    | 1.56G/2.83G [00:09<00:14, 90.1MB/s][SubprocessWorker] callback 'report_progress' from call_id=1
[08:24]   [ComfyUI] 
[08:24]   [ComfyUI] Downloading (incomplete total...):  61%|██████    | 1.71G/2.83G [00:10<00:07, 155MB/s] [SubprocessWorker] callback 'report_progress' from call_id=1
[08:24]   [ComfyUI] [SubprocessWorker] callback 'report_progress' from call_id=1
[08:26]   [ComfyUI] 
[08:26]   [ComfyUI] Downloading (incomplete total...):  67%|██████▋   | 1.90G/2.83G [00:11<00:07, 129MB/s][SubprocessWorker] callback 'report_progress' from call_id=1
[08:26]   [ComfyUI] 
[08:26]   [ComfyUI] Downloading (incomplete total...):  68%|██████▊   | 1.92G/2.83G [00:12<00:07, 125MB/s][SubprocessWorker] callback 'report_progress' from call_id=1
[08:26]   [ComfyUI] 
[08:26]   [ComfyUI] Downloading (incomplete total...):  69%|██████▉   | 1.97G/2.83G [00:12<00:06, 131MB/s][SubprocessWorker] callback 'report_progress' from call_id=1
[08:27]   [ComfyUI] [SubprocessWorker] callback 'report_progress' from call_id=1
[08:27]   [ComfyUI] 
[08:27]   [ComfyUI] Downloading (incomplete total...):  73%|███████▎  | 2.06G/2.83G [00:13<00:06, 128MB/s][SubprocessWorker] callback 'report_progress' from call_id=1
[08:27]   [ComfyUI] 
[08:27]   [ComfyUI] Downloading (incomplete total...):  74%|███████▍  | 2.10G/2.83G [00:13<00:05, 135MB/s][SubprocessWorker] callback 'report_progress' from call_id=1
[08:28]   [ComfyUI] [SubprocessWorker] callback 'report_progress' from call_id=1
[08:28]   [ComfyUI] 
[08:28]   [ComfyUI] Downloading (incomplete total...):  78%|███████▊  | 2.20G/2.83G [00:14<00:04, 134MB/s][SubprocessWorker] callback 'report_progress' from call_id=1
[08:28]   [capture-loop] iter=300 t=36.6s state={'complete': False, 'error': None, 'executedCount': 0, 'wsState': 1} eval_ms=6 ram=10.6/31.9GB (33%) swap=0.2/5.0GB (4%) cpu=22% browser_rss=0.67GB
[08:29]   [ComfyUI] 
[08:29]   [ComfyUI] Downloading (incomplete total...):  80%|███████▉  | 2.26G/2.83G [00:14<00:04, 128MB/s][SubprocessWorker] callback 'report_progress' from call_id=1
[08:29]   [ComfyUI] 
[08:29]   [ComfyUI] Downloading (incomplete total...):  82%|████████▏ | 2.33G/2.83G [00:15<00:03, 133MB/s][SubprocessWorker] callback 'report_progress' from call_id=1
[08:29]   [ComfyUI] 
[08:29]   [ComfyUI] Downloading (incomplete total...):  84%|████████▍ | 2.39G/2.83G [00:15<00:02, 148MB/s][SubprocessWorker] callback 'report_progress' from call_id=1
[08:30]   [ComfyUI] 
[08:30]   [ComfyUI] Downloading (incomplete total...):  86%|████████▌ | 2.42G/2.83G [00:15<00:02, 145MB/s][SubprocessWorker] callback 'report_progress' from call_id=1
[08:31]   [ComfyUI] 
[08:31]   [ComfyUI] Downloading (incomplete total...):  91%|█████████ | 2.58G/2.83G [00:16<00:01, 134MB/s][SubprocessWorker] callback 'report_progress' from call_id=1
[08:32]   [ComfyUI] [SubprocessWorker] callback 'report_progress' from call_id=1
[08:33]   [ComfyUI] 
[08:33]   [ComfyUI] Downloading (incomplete total...): 2.83GB [00:18, 144MB/s]                            [SubprocessWorker] callback 'report_progress' from call_id=1
[08:33]   [ComfyUI] 
[08:33]   [ComfyUI] 
[08:33]   [ComfyUI] Fetching 4 files:  75%|███████▌  | 3/4 [00:18<00:08,  8.03s/it][A[SubprocessWorker] callback 'report_progress' from call_id=1
[08:33]   [ComfyUI] 
[08:33]   [ComfyUI] Fetching 4 files: 100%|██████████| 4/4 [00:18<00:00,  4.60s/it]
[08:33]   [ComfyUI] 
[08:33]   [ComfyUI] Download complete: : 2.83GB [00:18, 144MB/s]              [SubprocessWorker] got response: ok
[08:33]   [ComfyUI] [comfy-env] LoadSAM3DBodyModel done (40.65s): result: NodeOutput
[08:33]   [ComfyUI] [VRAM] After LoadSAM3DBodyModel: 1042 / 12287 MB
[08:33]   [ComfyUI] LoadMultibandImage: Loaded C:\workspaces\SAM3DBody-0354\portable-comfyui\ComfyUI_windows_portable\ComfyUI\input\people.npz
[08:33]   [ComfyUI]   Shape: (1, 9, 720, 1280)
[08:33]   [ComfyUI]   Channels: 9
[08:33]   [ComfyUI]   Names: img_01_r,img_01_g,img_01_b,mask_01,mask_02,mask_03,mask_04,mask_05,mask_06
[08:33]   [ComfyUI] MultibandToMasks: Auto-detected 6 mask channels: ['mask_01', 'mask_02', 'mask_03', 'mask_04', 'mask_05', 'mask_06']
[08:33]   [ComfyUI] [comfy-env] Running SAM3DBodyProcessMultiple: inference_type: 'full', adjust_position_from_depth: False, model: dict, image: torch.float32 [1,720,1280,3] cpu, masks: torch.float32 [6,720,1280] cpu
[08:33]   [ComfyUI] [VRAM] Before SAM3DBodyProcessMultiple: 1042 / 12287 MB
[08:33]   [ComfyUI] [SubprocessWorker] call_method: nodes.process_multiple.SAM3DBodyProcessMultiple.EXECUTE_NORMALIZED
[08:33]   [ComfyUI] [SubprocessWorker] acquired lock, ensuring started...
[08:33]   [ComfyUI] [ComfyUI-SAM3DBody] Health check: ping (timeout=5.0s)...
[08:33]   [ComfyUI] [ComfyUI-SAM3DBody] Health check: ok
[08:33]   [ComfyUI] [SubprocessWorker] worker started/confirmed
[08:33]   [ComfyUI] [comfy-env] PRE-SERIALIZE 'image' shape: torch.Size([1, 720, 1280, 3])
[08:33]   [ComfyUI] [comfy-env] PRE-SERIALIZE 'masks' shape: torch.Size([6, 720, 1280])
[08:33]   [ComfyUI] [SubprocessWorker] serializing kwargs to shm...
[08:33]   [ComfyUI] [SubprocessWorker] created 0 shm blocks
[08:33]   [ComfyUI] [SubprocessWorker] sending request via socket...
[08:33]   [ComfyUI] [SubprocessWorker] call_id=2 sending call_method
[08:33]   [ComfyUI] [worker:ComfyUI-SAM3DBody] [comfy-env] _from_shm got dict with keys: ['__type__', 'strategy', 'manager_path', 'storage_key', 'storage_size']
[08:33]   [ComfyUI] [worker:ComfyUI-SAM3DBody] [comfy-env] DESERIALIZE TensorRef: tensor_size=[1, 720, 1280, 3]
[08:33]   [ComfyUI] [worker:ComfyUI-SAM3DBody] [comfy-env] DESERIALIZED tensor shape: torch.Size([1, 720, 1280, 3])
[08:33]   [ComfyUI] [worker:ComfyUI-SAM3DBody] [comfy-env] _from_shm got dict with keys: ['__type__', 'strategy', 'manager_path', 'storage_key', 'storage_size']
[08:33]   [ComfyUI] [worker:ComfyUI-SAM3DBody] [comfy-env] DESERIALIZE TensorRef: tensor_size=[6, 720, 1280]
[08:33]   [ComfyUI] [worker:ComfyUI-SAM3DBody] [comfy-env] DESERIALIZED tensor shape: torch.Size([6, 720, 1280])
[08:34]   [ComfyUI] 
[08:34]   Frame 5 saved (frame_004.jpg, t=41.8s)
[08:34]   [ComfyUI] Download complete: : 2.83GB [00:19, 145MB/s]
[08:34]   [capture-periodic] freeze=3ms shot=116ms unfreeze=7ms saved=True
[08:35]   [capture-loop] iter=350 t=42.9s state={'complete': False, 'error': None, 'executedCount': 0, 'wsState': 1} eval_ms=4 ram=10.7/31.9GB (34%) swap=0.2/5.0GB (4%) cpu=17% browser_rss=0.67GB
[08:40]   [ComfyUI] C:\workspaces\SAM3DBody-0354\portable-comfyui\ComfyUI_windows_portable\ComfyUI\custom_nodes\ComfyUI-SAM3DBody\nodes\sam_3d_body\heads.py:40: UserWarning: Momentum is not enabled
[08:40]   [ComfyUI]   warnings.warn("Momentum is not enabled")
[08:40]   [capture-loop] iter=400 t=48.8s state={'complete': False, 'error': None, 'executedCount': 0, 'wsState': 1} eval_ms=4 ram=10.4/31.9GB (33%) swap=0.2/5.0GB (4%) cpu=4% browser_rss=0.67GB
[08:41]   [ComfyUI] [worker:ComfyUI-SAM3DBody] WARNING: No comfy kitchen, using old apply_rope functions.
[08:44]   [ComfyUI] [SubprocessWorker] callback 'request_vram_budget' from call_id=2
[08:44]   [ComfyUI] [comfy-env] VRAM request: 3.30GB, free before eviction: 11.79GB
[08:44]   [ComfyUI] [comfy-env] VRAM after eviction: 11.79GB
[08:44]   [ComfyUI] [worker:ComfyUI-SAM3DBody] [VRAM] +633MB (now 633MB) reserved=640MB peak=633MB
[08:45]   [ComfyUI] [worker:ComfyUI-SAM3DBody] [VRAM] +1683MB (now 2316MB) reserved=2336MB peak=2316MB
[08:46]   [ComfyUI] [SubprocessWorker] callback 'report_progress' from call_id=2
[08:46]   [ComfyUI] [SubprocessWorker] callback 'report_progress' from call_id=2
[08:46]   [capture-loop] iter=450 t=54.7s state={'complete': False, 'error': None, 'executedCount': 0, 'wsState': 1} eval_ms=7 ram=10.2/31.9GB (32%) swap=0.2/5.0GB (4%) cpu=16% browser_rss=0.65GB
[08:46]   [ComfyUI] [worker:ComfyUI-SAM3DBody] [VRAM] +865MB (now 3182MB) reserved=3200MB peak=3182MB
[08:47]   Frame 6 saved (frame_005.jpg, t=55.0s)
[08:47]   [capture-periodic] freeze=5ms shot=117ms unfreeze=5ms saved=True
[08:50]   [ComfyUI] [worker:ComfyUI-SAM3DBody] [VRAM] +290MB (now 3472MB) reserved=3680MB peak=3472MB
[08:52]   [ComfyUI] [worker:ComfyUI-SAM3DBody]
[08:52]   [ComfyUI] === WATCHDOG TICK 1 ===
[08:52]   [ComfyUI] [worker:ComfyUI-SAM3DBody] Thread 0x00002f5c (most recent call first):
[08:52]   [ComfyUI]   File "C:\ce\.pixi\envs\sam3dbody-nodes\Lib\threading.py", line 363 in wait
[08:52]   [ComfyUI]   File "C:\ce\.pixi\envs\sam3dbody-nodes\Lib\threading.py", line 660 in wait
[08:52]   [ComfyUI]   File "C:\ce\.pixi\envs\sam3dbody-nodes\Lib\site-packages\tqdm\_monitor.py", line 60 in run
[08:52]   [ComfyUI]   File "C:\ce\.pixi\envs\sam3dbody-nodes\Lib\threading.py", line 1044 in _bootstrap_inner
[08:52]   [ComfyUI]   File "C:\ce\.pixi\envs\sam3dbody-nodes\Lib\threading.py", line 1015 in _bootstrap
[08:52]   [ComfyUI] 
[08:52]   [ComfyUI] Thread 0x00000c50 (most recent call first):
[08:52]   [ComfyUI]   File "C:\Users\ContainerAdministrator\AppData\Local\Temp\comfyui_pvenv_jmmp98ue\persistent_worker.py", line 106 in _vram_poller
[08:52]   [ComfyUI]   File "C:\ce\.pixi\envs\sam3dbody-nodes\Lib\threading.py", line 995 in run
[08:52]   [ComfyUI]   File "C:\ce\.pixi\envs\sam3dbody-nodes\Lib\threading.py", line 1044 in _bootstrap_inner
[08:52]   [ComfyUI]   File "C:\ce\.pixi\envs\sam3dbody-nodes\Lib\threading.py", line 1015 in _bootstrap
[08:52]   [ComfyUI] 
[08:52]   [ComfyUI] Current thread 0x000038ec (most recent call first):
[08:52]   [ComfyUI]   File "C:\Users\ContainerAdministrator\AppData\Local\Temp\comfyui_pvenv_jmmp98ue\persistent_worker.py", line 52 in _watchdog
[08:52]   [ComfyUI]   File "C:\ce\.pixi\envs\sam3dbody-nodes\Lib\threading.py", line 995 in run
[08:52]   [ComfyUI]   File "C:\ce\.pixi\envs\sam3dbody-nodes\Lib\threading.py", line 1044 in _bootstrap_inner
[08:52]   [ComfyUI]   File "C:\ce\.pixi\envs\sam3dbody-nodes\Lib\threading.py", line 1015 in _bootstrap
[08:52]   [ComfyUI] 
[08:52]   [ComfyUI] Thread 0x000021e0 (most recent call first):
[08:52]   [ComfyUI]   File "C:\workspaces\SAM3DBody-0354\portable-comfyui\ComfyUI_windows_portable\ComfyUI\custom_nodes\ComfyUI-SAM3DBody\nodes\sam_3d_body\model_dinov3.py", line 764 in prepare_tokens_with_masks
[08:52]   [ComfyUI]   File "C:\workspaces\SAM3DBody-0354\portable-comfyui\ComfyUI_windows_portable\ComfyUI\custom_nodes\ComfyUI-SAM3DBody\nodes\sam_3d_body\model_dinov3.py", line 813 in _get_intermediate_layers_not_chunked
[08:52]   [ComfyUI]   File "C:\workspaces\SAM3DBody-0354\portable-comfyui\ComfyUI_windows_portable\ComfyUI\custom_nodes\ComfyUI-SAM3DBody\nodes\sam_3d_body\model_dinov3.py", line 834 in get_intermediate_layers
[08:52]   [ComfyUI]   File "C:\workspaces\SAM3DBody-0354\portable-comfyui\ComfyUI_windows_portable\ComfyUI\custom_nodes\ComfyUI-SAM3DBody\nodes\sam_3d_body\model_dinov3.py", line 982 in forward
[08:52]   [ComfyUI]   File "C:\ce\.pixi\envs\sam3dbody-nodes\Lib\site-packages\torch\nn\modules\module.py", line 1790 in _call_impl
[08:52]   [ComfyUI]   File "C:\ce\.pixi\envs\sam3dbody-nodes\Lib\site-packages\torch\nn\modules\module.py", line 1779 in _wrapped_call_impl
[08:52]   [ComfyUI]   File "C:\workspaces\SAM3DBody-0354\portable-comfyui\ComfyUI_windows_portable\ComfyUI\custom_nodes\ComfyUI-SAM3DBody\nodes\sam_3d_body\model.py", line 1245 in forward_pose_branch
[08:52]   [ComfyUI]   File "C:\workspaces\SAM3DBody-0354\portable-comfyui\ComfyUI_windows_portable\ComfyUI\custom_nodes\ComfyUI-SAM3DBody\nodes\sam_3d_body\model.py", line 1336 in forward_step
[08:52]   [ComfyUI]   File "C:\workspaces\SAM3DBody-0354\portable-comfyui\ComfyUI_windows_portable\ComfyUI\custom_nodes\ComfyUI-SAM3DBody\nodes\sam_3d_body\model.py", line 1417 in run_inference
[08:52]   [ComfyUI]   File "C:\workspaces\SAM3DBody-0354\portable-comfyui\ComfyUI_windows_portable\ComfyUI\custom_nodes\ComfyUI-SAM3DBody\nodes\sam_3d_body\sam_3d_body_estimator.py", line 176 in process_one_image
[08:52]   [ComfyUI]   File "C:\ce\.pixi\envs\sam3dbody-nodes\Lib\site-packages\torch\utils\_contextlib.py", line 124 in decorate_context
[08:52]   [ComfyUI]   File "C:\workspaces\SAM3DBody-0354\portable-comfyui\ComfyUI_windows_portable\ComfyUI\custom_nodes\ComfyUI-SAM3DBody\nodes\process_multiple.py", line 1233 in execute
[08:52]   [ComfyUI]   File "C:\workspaces\SAM3DBody-0354\portable-comfyui\ComfyUI_windows_portable\ComfyUI\comfy_api\latest\_io.py", line 1826 in EXECUTE_NORMALIZED
[08:52]   [ComfyUI]   File "C:\Users\ContainerAdministrator\AppData\Local\Temp\comfyui_pvenv_jmmp98ue\persistent_worker.py", line 1762 in main
[08:52]   [ComfyUI]   File "C:\Users\ContainerAdministrator\AppData\Local\Temp\comfyui_pvenv_jmmp98ue\persistent_worker.py", line 1807 in <module>
[08:52]   [ComfyUI] 
[08:52]   [ComfyUI] [worker:ComfyUI-SAM3DBody] === END ===
[08:52]   [capture-loop] iter=500 t=60.7s state={'complete': False, 'error': None, 'executedCount': 0, 'wsState': 1} eval_ms=4 ram=11.1/31.9GB (35%) swap=0.2/5.0GB (4%) cpu=11% browser_rss=0.65GB
[08:52]   [ComfyUI] 
[08:54]   [ComfyUI] [SubprocessWorker] callback 'report_progress' from call_id=2
[08:54]   [ComfyUI] [SubprocessWorker] callback 'report_progress' from call_id=2
[08:54]   [ComfyUI] [worker:ComfyUI-SAM3DBody] [VRAM] -321MB (now 3152MB) reserved=3712MB peak=3472MB
[08:54]   [ComfyUI] [SubprocessWorker] got response: ok
[08:54]   [ComfyUI] [comfy-env] Created 1 model patchers: ['SAM3DBody_1']
[08:54]   [ComfyUI] [comfy-env] SAM3DBodyProcessMultiple done (21.09s): result: NodeOutput
[08:54]   [ComfyUI] [VRAM] After SAM3DBodyProcessMultiple: 1042 / 12287 MB
[08:54]   [ComfyUI] [VRAM] Loaded: SubprocessModel (3143 MB)
[08:54]   [ComfyUI] [comfy-env] Running SAM3DBodyExportMultipleFBX: output_filename: 'sam3d_multi_rigged.fbx', combine: True, multi_mesh_data: dict
[08:54]   [ComfyUI] [VRAM] Before SAM3DBodyExportMultipleFBX: 1042 / 12287 MB
[08:54]   [ComfyUI] [VRAM] Loaded: SubprocessModel (3143 MB)
[08:54]   [ComfyUI] [SubprocessWorker] call_method: nodes.export.SAM3DBodyExportMultipleFBX.EXECUTE_NORMALIZED
[08:54]   [ComfyUI] [SubprocessWorker] acquired lock, ensuring started...
[08:54]   [ComfyUI] [ComfyUI-SAM3DBody] Health check: ping (timeout=5.0s)...
[08:54]   [ComfyUI] [ComfyUI-SAM3DBody] Health check: ok
[08:54]   [ComfyUI] [SubprocessWorker] worker started/confirmed
[08:54]   [ComfyUI] [SubprocessWorker] serializing kwargs to shm...
[08:54]   [ComfyUI] [SubprocessWorker] created 0 shm blocks
[08:54]   [ComfyUI] [SubprocessWorker] sending request via socket...
[08:54]   [ComfyUI] [SubprocessWorker] call_id=3 sending call_method
[08:54]   [ComfyUI] [worker:ComfyUI-SAM3DBody] [comfy-env] _from_shm got dict with keys: ['__type__', 'strategy', 'manager_path', 'storage_key', 'storage_size']
[08:54]   [ComfyUI] [worker:ComfyUI-SAM3DBody] [comfy-env] DESERIALIZE TensorRef: tensor_size=[4]
[08:54]   Node executed (1 total), capturing...
[08:54]   [ComfyUI] [worker:ComfyUI-SAM3DBody] [comfy-env] DESERIALIZED tensor shape: torch.Size([4])
[08:54]   [ComfyUI] [worker:ComfyUI-SAM3DBody] [comfy-env] _from_shm got dict with keys: ['__type__', 'strategy', 'manager_path', 'storage_key', 'storage_size']
[08:54]   [ComfyUI] [worker:ComfyUI-SAM3DBody] [comfy-env] DESERIALIZE TensorRef: tensor_size=[70, 3]
[08:54]   [ComfyUI] [worker:ComfyUI-SAM3DBody] [comfy-env] DESERIALIZED tensor shape: torch.Size([70, 3])
[08:54]   [ComfyUI] [worker:ComfyUI-SAM3DBody] [comfy-env] _from_shm got dict with keys: ['__type__', 'strategy', 'manager_path', 'storage_key', 'storage_size']
[08:54]   [ComfyUI] [worker:ComfyUI-SAM3DBody] [comfy-env] DESERIALIZE TensorRef: tensor_size=[70, 2]
[08:54]   [ComfyUI] [worker:ComfyUI-SAM3DBody] [comfy-env] DESERIALIZED tensor shape: torch.Size([70, 2])
[08:54]   [ComfyUI] [worker:ComfyUI-SAM3DBody] [comfy-env] _from_shm got dict with keys: ['__type__', 'strategy', 'manager_path', 'storage_key', 'storage_size']
[08:54]   [ComfyUI] [worker:ComfyUI-SAM3DBody] [comfy-env] DESERIALIZE TensorRef: tensor_size=[18439, 3]
[08:54]   [ComfyUI] [worker:ComfyUI-SAM3DBody] [comfy-env] DESERIALIZED tensor shape: torch.Size([18439, 3])
[08:54]   [ComfyUI] [worker:ComfyUI-SAM3DBody] [comfy-env] _from_shm got dict with keys: ['__type__', 'strategy', 'manager_path', 'storage_key', 'storage_size']
[08:54]   [ComfyUI] [worker:ComfyUI-SAM3DBody] [comfy-env] DESERIALIZE TensorRef: tensor_size=[3]
[08:54]   [ComfyUI] [worker:ComfyUI-SAM3DBody] [comfy-env] DESERIALIZED tensor shape: torch.Size([3])
[08:54]   [ComfyUI] [worker:ComfyUI-SAM3DBody] [comfy-env] _from_shm got dict with keys: ['__type__', 'strategy', 'manager_path', 'storage_key', 'storage_size']
[08:54]   [ComfyUI] [worker:ComfyUI-SAM3DBody] [comfy-env] DESERIALIZE TensorRef: tensor_size=[266]
[08:54]   [ComfyUI] [worker:ComfyUI-SAM3DBody] [comfy-env] DESERIALIZED tensor shape: torch.Size([266])
[08:54]   [ComfyUI] [worker:ComfyUI-SAM3DBody] [comfy-env] _from_shm got dict with keys: ['__type__', 'strategy', 'manager_path', 'storage_key', 'storage_size']
[08:54]   [ComfyUI] [worker:ComfyUI-SAM3DBody] [comfy-env] DESERIALIZE TensorRef: tensor_size=[3]
[08:54]   [ComfyUI] [worker:ComfyUI-SAM3DBody] [comfy-env] DESERIALIZED tensor shape: torch.Size([3])
[08:54]   [ComfyUI] [worker:ComfyUI-SAM3DBody] [comfy-env] _from_shm got dict with keys: ['__type__', 'strategy', 'manager_path', 'storage_key', 'storage_size']
[08:54]   [ComfyUI] [worker:ComfyUI-SAM3DBody] [comfy-env] DESERIALIZE TensorRef: tensor_size=[133]
[08:54]   [ComfyUI] [worker:ComfyUI-SAM3DBody] [comfy-env] DESERIALIZED tensor shape: torch.Size([133])
[08:54]   [ComfyUI] [worker:ComfyUI-SAM3DBody] [comfy-env] _from_shm got dict with keys: ['__type__', 'strategy', 'manager_path', 'storage_key', 'storage_size']
[08:54]   [ComfyUI] [worker:ComfyUI-SAM3DBody] [comfy-env] DESERIALIZE TensorRef: tensor_size=[108]
[08:54]   [ComfyUI] [worker:ComfyUI-SAM3DBody] [comfy-env] DESERIALIZED tensor shape: torch.Size([108])
[08:54]   [ComfyUI] [worker:ComfyUI-SAM3DBody] [comfy-env] _from_shm got dict with keys: ['__type__', 'strategy', 'manager_path', 'storage_key', 'storage_size']
[08:54]   [ComfyUI] [worker:ComfyUI-SAM3DBody] [comfy-env] DESERIALIZE TensorRef: tensor_size=[28]
[08:54]   [ComfyUI] [worker:ComfyUI-SAM3DBody] [comfy-env] DESERIALIZED tensor shape: torch.Size([28])
[08:54]   [ComfyUI] [worker:ComfyUI-SAM3DBody] [comfy-env] _from_shm got dict with keys: ['__type__', 'strategy', 'manager_path', 'storage_key', 'storage_size']
[08:54]   [ComfyUI] [worker:ComfyUI-SAM3DBody] [comfy-env] DESERIALIZE TensorRef: tensor_size=[45]
[08:54]   [ComfyUI] [worker:ComfyUI-SAM3DBody] [comfy-env] DESERIALIZED tensor shape: torch.Size([45])
[08:54]   [ComfyUI] [worker:ComfyUI-SAM3DBody] [comfy-env] _from_shm got dict with keys: ['__type__', 'strategy', 'manager_path', 'storage_key', 'storage_size']
[08:54]   [ComfyUI] [worker:ComfyUI-SAM3DBody] [comfy-env] DESERIALIZE TensorRef: tensor_size=[72]
[08:54]   [ComfyUI] [worker:ComfyUI-SAM3DBody] [comfy-env] DESERIALIZED tensor shape: torch.Size([72])
[08:54]   [ComfyUI] [worker:ComfyUI-SAM3DBody] [comfy-env] _from_shm got dict with keys: ['__type__', 'strategy', 'manager_path', 'storage_key', 'storage_size']
[08:54]   [ComfyUI] [worker:ComfyUI-SAM3DBody] [comfy-env] DESERIALIZE TensorRef: tensor_size=[720, 1280, 1]
[08:54]   [ComfyUI] [worker:ComfyUI-SAM3DBody] [comfy-env] DESERIALIZED tensor shape: torch.Size([720, 1280, 1])
[08:54]   [ComfyUI] [worker:ComfyUI-SAM3DBody] [comfy-env] _from_shm got dict with keys: ['__type__', 'strategy', 'manager_path', 'storage_key', 'storage_size']
[08:54]   [ComfyUI] [worker:ComfyUI-SAM3DBody] [comfy-env] DESERIALIZE TensorRef: tensor_size=[127, 3]
[08:54]   [ComfyUI] [worker:ComfyUI-SAM3DBody] [comfy-env] DESERIALIZED tensor shape: torch.Size([127, 3])
[08:54]   [ComfyUI] [worker:ComfyUI-SAM3DBody] [comfy-env] _from_shm got dict with keys: ['__type__', 'strategy', 'manager_path', 'storage_key', 'storage_size']
[08:54]   [ComfyUI] [worker:ComfyUI-SAM3DBody] [comfy-env] DESERIALIZE TensorRef: tensor_size=[127, 3, 3]
[08:54]   [ComfyUI] [worker:ComfyUI-SAM3DBody] [comfy-env] DESERIALIZED tensor shape: torch.Size([127, 3, 3])
[08:54]   [ComfyUI] [worker:ComfyUI-SAM3DBody] [comfy-env] _from_shm got dict with keys: ['__type__', 'strategy', 'manager_path', 'storage_key', 'storage_size']
[08:54]   [ComfyUI] [worker:ComfyUI-SAM3DBody] [comfy-env] DESERIALIZE TensorRef: tensor_size=[4]
[08:54]   [ComfyUI] [worker:ComfyUI-SAM3DBody] [comfy-env] DESERIALIZED tensor shape: torch.Size([4])
[08:54]   [ComfyUI] [worker:ComfyUI-SAM3DBody] [comfy-env] _from_shm got dict with keys: ['__type__', 'strategy', 'manager_path', 'storage_key', 'storage_size']
[08:54]   [ComfyUI] [worker:ComfyUI-SAM3DBody] [comfy-env] DESERIALIZE TensorRef: tensor_size=[4]
[08:54]   [ComfyUI] [worker:ComfyUI-SAM3DBody] [comfy-env] DESERIALIZED tensor shape: torch.Size([4])
[08:54]   [ComfyUI] [worker:ComfyUI-SAM3DBody] [comfy-env] _from_shm got dict with keys: ['__type__', 'strategy', 'manager_path', 'storage_key', 'storage_size']
[08:54]   [ComfyUI] [worker:ComfyUI-SAM3DBody] [comfy-env] DESERIALIZE TensorRef: tensor_size=[4]
[08:54]   [ComfyUI] [worker:ComfyUI-SAM3DBody] [comfy-env] DESERIALIZED tensor shape: torch.Size([4])
[08:54]   [ComfyUI] [worker:ComfyUI-SAM3DBody] [comfy-env] _from_shm got dict with keys: ['__type__', 'strategy', 'manager_path', 'storage_key', 'storage_size']
[08:54]   [ComfyUI] [worker:ComfyUI-SAM3DBody] [comfy-env] DESERIALIZE TensorRef: tensor_size=[70, 3]
[08:54]   [ComfyUI] [worker:ComfyUI-SAM3DBody] [comfy-env] DESERIALIZED tensor shape: torch.Size([70, 3])
[08:54]   [ComfyUI] [worker:ComfyUI-SAM3DBody] [comfy-env] _from_shm got dict with keys: ['__type__', 'strategy', 'manager_path', 'storage_key', 'storage_size']
[08:54]   Frame 7 saved (frame_006.jpg, t=62.5s)
[08:54]   [capture-node] freeze=6ms shot=125ms unfreeze=5ms saved=True
[08:54]   [ComfyUI] [worker:ComfyUI-SAM3DBody] [comfy-env] DESERIALIZE TensorRef: tensor_size=[70, 2]
[08:54]   [ComfyUI] [worker:ComfyUI-SAM3DBody] [comfy-env] DESERIALIZED tensor shape: torch.Size([70, 2])
[08:54]   [ComfyUI] [worker:ComfyUI-SAM3DBody] [comfy-env] _from_shm got dict with keys: ['__type__', 'strategy', 'manager_path', 'storage_key', 'storage_size']
[08:54]   [ComfyUI] [worker:ComfyUI-SAM3DBody] [comfy-env] DESERIALIZE TensorRef: tensor_size=[18439, 3]
[08:54]   [ComfyUI] [worker:ComfyUI-SAM3DBody] [comfy-env] DESERIALIZED tensor shape: torch.Size([18439, 3])
[08:54]   [ComfyUI] [worker:ComfyUI-SAM3DBody] [comfy-env] _from_shm got dict with keys: ['__type__', 'strategy', 'manager_path', 'storage_key', 'storage_size']
[08:54]   [ComfyUI] [worker:ComfyUI-SAM3DBody] [comfy-env] DESERIALIZE TensorRef: tensor_size=[3]
[08:54]   [ComfyUI] [worker:ComfyUI-SAM3DBody] [comfy-env] DESERIALIZED tensor shape: torch.Size([3])
[08:54]   [ComfyUI] [worker:ComfyUI-SAM3DBody] [comfy-env] _from_shm got dict with keys: ['__type__', 'strategy', 'manager_path', 'storage_key', 'storage_size']
[08:54]   [ComfyUI] [worker:ComfyUI-SAM3DBody] [comfy-env] DESERIALIZE TensorRef: tensor_size=[266]
[08:54]   [ComfyUI] [worker:ComfyUI-SAM3DBody] [comfy-env] DESERIALIZED tensor shape: torch.Size([266])
[08:54]   [ComfyUI] [worker:ComfyUI-SAM3DBody] [comfy-env] _from_shm got dict with keys: ['__type__', 'strategy', 'manager_path', 'storage_key', 'storage_size']
[08:54]   [ComfyUI] [worker:ComfyUI-SAM3DBody] [comfy-env] DESERIALIZE TensorRef: tensor_size=[3]
[08:54]   [ComfyUI] [worker:ComfyUI-SAM3DBody] [comfy-env] DESERIALIZED tensor shape: torch.Size([3])
[08:54]   [ComfyUI] [worker:ComfyUI-SAM3DBody] [comfy-env] _from_shm got dict with keys: ['__type__', 'strategy', 'manager_path', 'storage_key', 'storage_size']
[08:54]   [ComfyUI] [worker:ComfyUI-SAM3DBody] [comfy-env] DESERIALIZE TensorRef: tensor_size=[133]
[08:54]   [ComfyUI] [worker:ComfyUI-SAM3DBody] [comfy-env] DESERIALIZED tensor shape: torch.Size([133])
[08:54]   [ComfyUI] [worker:ComfyUI-SAM3DBody] [comfy-env] _from_shm got dict with keys: ['__type__', 'strategy', 'manager_path', 'storage_key', 'storage_size']
[08:54]   [ComfyUI] [worker:ComfyUI-SAM3DBody] [comfy-env] DESERIALIZE TensorRef: tensor_size=[108]
[08:54]   [ComfyUI] [worker:ComfyUI-SAM3DBody] [comfy-env] DESERIALIZED tensor shape: torch.Size([108])
[08:54]   [ComfyUI] [worker:ComfyUI-SAM3DBody] [comfy-env] _from_shm got dict with keys: ['__type__', 'strategy', 'manager_path', 'storage_key', 'storage_size']
[08:54]   [ComfyUI] [worker:ComfyUI-SAM3DBody] [comfy-env] DESERIALIZE TensorRef: tensor_size=[28]
[08:54]   [ComfyUI] [worker:ComfyUI-SAM3DBody] [comfy-env] DESERIALIZED tensor shape: torch.Size([28])
[08:54]   [ComfyUI] [worker:ComfyUI-SAM3DBody] [comfy-env] _from_shm got dict with keys: ['__type__', 'strategy', 'manager_path', 'storage_key', 'storage_size']
[08:54]   [ComfyUI] [worker:ComfyUI-SAM3DBody] [comfy-env] DESERIALIZE TensorRef: tensor_size=[45]
[08:54]   [ComfyUI] [worker:ComfyUI-SAM3DBody] [comfy-env] DESERIALIZED tensor shape: torch.Size([45])
[08:54]   [ComfyUI] [worker:ComfyUI-SAM3DBody] [comfy-env] _from_shm got dict with keys: ['__type__', 'strategy', 'manager_path', 'storage_key', 'storage_size']
[08:54]   [ComfyUI] [worker:ComfyUI-SAM3DBody] [comfy-env] DESERIALIZE TensorRef: tensor_size=[72]
[08:54]   [ComfyUI] [worker:ComfyUI-SAM3DBody] [comfy-env] DESERIALIZED tensor shape: torch.Size([72])
[08:54]   [ComfyUI] [worker:ComfyUI-SAM3DBody] [comfy-env] _from_shm got dict with keys: ['__type__', 'strategy', 'manager_path', 'storage_key', 'storage_size']
[08:54]   [ComfyUI] [worker:ComfyUI-SAM3DBody] [comfy-env] DESERIALIZE TensorRef: tensor_size=[720, 1280, 1]
[08:54]   [ComfyUI] [worker:ComfyUI-SAM3DBody] [comfy-env] DESERIALIZED tensor shape: torch.Size([720, 1280, 1])
[08:54]   [ComfyUI] [worker:ComfyUI-SAM3DBody] [comfy-env] _from_shm got dict with keys: ['__type__', 'strategy', 'manager_path', 'storage_key', 'storage_size']
[08:54]   [ComfyUI] [worker:ComfyUI-SAM3DBody] [comfy-env] DESERIALIZE TensorRef: tensor_size=[127, 3]
[08:54]   [ComfyUI] [worker:ComfyUI-SAM3DBody] [comfy-env] DESERIALIZED tensor shape: torch.Size([127, 3])
[08:54]   [ComfyUI] [worker:ComfyUI-SAM3DBody] [comfy-env] _from_shm got dict with keys: ['__type__', 'strategy', 'manager_path', 'storage_key', 'storage_size']
[08:54]   [ComfyUI] [worker:ComfyUI-SAM3DBody] [comfy-env] DESERIALIZE TensorRef: tensor_size=[127, 3, 3]
[08:55]   [ComfyUI] [worker:ComfyUI-SAM3DBody] [comfy-env] DESERIALIZED tensor shape: torch.Size([127, 3, 3])
[08:55]   [ComfyUI] [worker:ComfyUI-SAM3DBody] [comfy-env] _from_shm got dict with keys: ['__type__', 'strategy', 'manager_path', 'storage_key', 'storage_size']
[08:55]   [ComfyUI] [worker:ComfyUI-SAM3DBody] [comfy-env] DESERIALIZE TensorRef: tensor_size=[4]
[08:55]   [ComfyUI] [worker:ComfyUI-SAM3DBody] [comfy-env] DESERIALIZED tensor shape: torch.Size([4])
[08:55]   [ComfyUI] [worker:ComfyUI-SAM3DBody] [comfy-env] _from_shm got dict with keys: ['__type__', 'strategy', 'manager_path', 'storage_key', 'storage_size']
[08:55]   [ComfyUI] [worker:ComfyUI-SAM3DBody] [comfy-env] DESERIALIZE TensorRef: tensor_size=[4]
[08:55]   [ComfyUI] [worker:ComfyUI-SAM3DBody] [comfy-env] DESERIALIZED tensor shape: torch.Size([4])
[08:55]   [ComfyUI] [worker:ComfyUI-SAM3DBody] [comfy-env] _from_shm got dict with keys: ['__type__', 'strategy', 'manager_path', 'storage_key', 'storage_size']
[08:55]   [ComfyUI] [worker:ComfyUI-SAM3DBody] [comfy-env] DESERIALIZE TensorRef: tensor_size=[4]
[08:55]   [ComfyUI] [worker:ComfyUI-SAM3DBody] [comfy-env] DESERIALIZED tensor shape: torch.Size([4])
[08:55]   [ComfyUI] [worker:ComfyUI-SAM3DBody] [comfy-env] _from_shm got dict with keys: ['__type__', 'strategy', 'manager_path', 'storage_key', 'storage_size']
[08:55]   [ComfyUI] [worker:ComfyUI-SAM3DBody] [comfy-env] DESERIALIZE TensorRef: tensor_size=[70, 3]
[08:55]   [ComfyUI] [worker:ComfyUI-SAM3DBody] [comfy-env] DESERIALIZED tensor shape: torch.Size([70, 3])
[08:55]   [ComfyUI] [worker:ComfyUI-SAM3DBody] [comfy-env] _from_shm got dict with keys: ['__type__', 'strategy', 'manager_path', 'storage_key', 'storage_size']
[08:55]   [ComfyUI] [worker:ComfyUI-SAM3DBody] [comfy-env] DESERIALIZE TensorRef: tensor_size=[70, 2]
[08:55]   [ComfyUI] [worker:ComfyUI-SAM3DBody] [comfy-env] DESERIALIZED tensor shape: torch.Size([70, 2])
[08:55]   [ComfyUI] [worker:ComfyUI-SAM3DBody] [comfy-env] _from_shm got dict with keys: ['__type__', 'strategy', 'manager_path', 'storage_key', 'storage_size']
[08:55]   [ComfyUI] [worker:ComfyUI-SAM3DBody] [comfy-env] DESERIALIZE TensorRef: tensor_size=[18439, 3]
[08:55]   [ComfyUI] [worker:ComfyUI-SAM3DBody] [comfy-env] DESERIALIZED tensor shape: torch.Size([18439, 3])
[08:55]   [ComfyUI] [worker:ComfyUI-SAM3DBody] [comfy-env] _from_shm got dict with keys: ['__type__', 'strategy', 'manager_path', 'storage_key', 'storage_size']
[08:55]   [ComfyUI] [worker:ComfyUI-SAM3DBody] [comfy-env] DESERIALIZE TensorRef: tensor_size=[3]
[08:55]   [ComfyUI] [worker:ComfyUI-SAM3DBody] [comfy-env] DESERIALIZED tensor shape: torch.Size([3])
[08:55]   [ComfyUI] [worker:ComfyUI-SAM3DBody] [comfy-env] _from_shm got dict with keys: ['__type__', 'strategy', 'manager_path', 'storage_key', 'storage_size']
[08:55]   [ComfyUI] [worker:ComfyUI-SAM3DBody] [comfy-env] DESERIALIZE TensorRef: tensor_size=[266]
[08:55]   [ComfyUI] [worker:ComfyUI-SAM3DBody] [comfy-env] DESERIALIZED tensor shape: torch.Size([266])
[08:55]   [ComfyUI] [worker:ComfyUI-SAM3DBody] [comfy-env] _from_shm got dict with keys: ['__type__', 'strategy', 'manager_path', 'storage_key', 'storage_size']
[08:55]   [ComfyUI] [worker:ComfyUI-SAM3DBody] [comfy-env] DESERIALIZE TensorRef: tensor_size=[3]
[08:55]   [ComfyUI] [worker:ComfyUI-SAM3DBody] [comfy-env] DESERIALIZED tensor shape: torch.Size([3])
[08:55]   [ComfyUI] [worker:ComfyUI-SAM3DBody] [comfy-env] _from_shm got dict with keys: ['__type__', 'strategy', 'manager_path', 'storage_key', 'storage_size']
[08:55]   [ComfyUI] [worker:ComfyUI-SAM3DBody] [comfy-env] DESERIALIZE TensorRef: tensor_size=[133]
[08:55]   [ComfyUI] [worker:ComfyUI-SAM3DBody] [comfy-env] DESERIALIZED tensor shape: torch.Size([133])
[08:55]   [ComfyUI] [worker:ComfyUI-SAM3DBody] [comfy-env] _from_shm got dict with keys: ['__type__', 'strategy', 'manager_path', 'storage_key', 'storage_size']
[08:55]   [ComfyUI] [worker:ComfyUI-SAM3DBody] [comfy-env] DESERIALIZE TensorRef: tensor_size=[108]
[08:55]   [ComfyUI] [worker:ComfyUI-SAM3DBody] [comfy-env] DESERIALIZED tensor shape: torch.Size([108])
[08:55]   [ComfyUI] [worker:ComfyUI-SAM3DBody] [comfy-env] _from_shm got dict with keys: ['__type__', 'strategy', 'manager_path', 'storage_key', 'storage_size']
[08:55]   [ComfyUI] [worker:ComfyUI-SAM3DBody] [comfy-env] DESERIALIZE TensorRef: tensor_size=[28]
[08:55]   [ComfyUI] [worker:ComfyUI-SAM3DBody] [comfy-env] DESERIALIZED tensor shape: torch.Size([28])
[08:55]   [ComfyUI] [worker:ComfyUI-SAM3DBody] [comfy-env] _from_shm got dict with keys: ['__type__', 'strategy', 'manager_path', 'storage_key', 'storage_size']
[08:55]   [ComfyUI] [worker:ComfyUI-SAM3DBody] [comfy-env] DESERIALIZE TensorRef: tensor_size=[45]
[08:55]   [ComfyUI] [worker:ComfyUI-SAM3DBody] [comfy-env] DESERIALIZED tensor shape: torch.Size([45])
[08:55]   [ComfyUI] [worker:ComfyUI-SAM3DBody] [comfy-env] _from_shm got dict with keys: ['__type__', 'strategy', 'manager_path', 'storage_key', 'storage_size']
[08:55]   [ComfyUI] [worker:ComfyUI-SAM3DBody] [comfy-env] DESERIALIZE TensorRef: tensor_size=[72]
[08:55]   [ComfyUI] [worker:ComfyUI-SAM3DBody] [comfy-env] DESERIALIZED tensor shape: torch.Size([72])
[08:55]   [ComfyUI] [worker:ComfyUI-SAM3DBody] [comfy-env] _from_shm got dict with keys: ['__type__', 'strategy', 'manager_path', 'storage_key', 'storage_size']
[08:55]   [ComfyUI] [worker:ComfyUI-SAM3DBody] [comfy-env] DESERIALIZE TensorRef: tensor_size=[720, 1280, 1]
[08:55]   [ComfyUI] [worker:ComfyUI-SAM3DBody] [comfy-env] DESERIALIZED tensor shape: torch.Size([720, 1280, 1])
[08:55]   [ComfyUI] [worker:ComfyUI-SAM3DBody] [comfy-env] _from_shm got dict with keys: ['__type__', 'strategy', 'manager_path', 'storage_key', 'storage_size']
[08:55]   [ComfyUI] [worker:ComfyUI-SAM3DBody] [comfy-env] DESERIALIZE TensorRef: tensor_size=[127, 3]
[08:55]   [ComfyUI] [worker:ComfyUI-SAM3DBody] [comfy-env] DESERIALIZED tensor shape: torch.Size([127, 3])
[08:55]   [ComfyUI] [worker:ComfyUI-SAM3DBody] [comfy-env] _from_shm got dict with keys: ['__type__', 'strategy', 'manager_path', 'storage_key', 'storage_size']
[08:55]   [ComfyUI] [worker:ComfyUI-SAM3DBody] [comfy-env] DESERIALIZE TensorRef: tensor_size=[127, 3, 3]
[08:55]   [ComfyUI] [worker:ComfyUI-SAM3DBody] [comfy-env] DESERIALIZED tensor shape: torch.Size([127, 3, 3])
[08:55]   [ComfyUI] [worker:ComfyUI-SAM3DBody] [comfy-env] _from_shm got dict with keys: ['__type__', 'strategy', 'manager_path', 'storage_key', 'storage_size']
[08:55]   [ComfyUI] [worker:ComfyUI-SAM3DBody] [comfy-env] DESERIALIZE TensorRef: tensor_size=[4]
[08:55]   [ComfyUI] [worker:ComfyUI-SAM3DBody] [comfy-env] DESERIALIZED tensor shape: torch.Size([4])
[08:55]   [ComfyUI] [worker:ComfyUI-SAM3DBody] [comfy-env] _from_shm got dict with keys: ['__type__', 'strategy', 'manager_path', 'storage_key', 'storage_size']
[08:55]   [ComfyUI] [worker:ComfyUI-SAM3DBody] [comfy-env] DESERIALIZE TensorRef: tensor_size=[4]
[08:55]   [ComfyUI] [worker:ComfyUI-SAM3DBody] [comfy-env] DESERIALIZED tensor shape: torch.Size([4])
[08:55]   [ComfyUI] [worker:ComfyUI-SAM3DBody] [comfy-env] _from_shm got dict with keys: ['__type__', 'strategy', 'manager_path', 'storage_key', 'storage_size']
[08:55]   [ComfyUI] [worker:ComfyUI-SAM3DBody] [comfy-env] DESERIALIZE TensorRef: tensor_size=[4]
[08:55]   [ComfyUI] [worker:ComfyUI-SAM3DBody] [comfy-env] DESERIALIZED tensor shape: torch.Size([4])
[08:55]   [ComfyUI] [worker:ComfyUI-SAM3DBody] [comfy-env] _from_shm got dict with keys: ['__type__', 'strategy', 'manager_path', 'storage_key', 'storage_size']
[08:55]   [ComfyUI] [worker:ComfyUI-SAM3DBody] [comfy-env] DESERIALIZE TensorRef: tensor_size=[70, 3]
[08:55]   [ComfyUI] [worker:ComfyUI-SAM3DBody] [comfy-env] DESERIALIZED tensor shape: torch.Size([70, 3])
[08:55]   [ComfyUI] [worker:ComfyUI-SAM3DBody] [comfy-env] _from_shm got dict with keys: ['__type__', 'strategy', 'manager_path', 'storage_key', 'storage_size']
[08:55]   [ComfyUI] [worker:ComfyUI-SAM3DBody] [comfy-env] DESERIALIZE TensorRef: tensor_size=[70, 2]
[08:55]   [ComfyUI] [worker:ComfyUI-SAM3DBody] [comfy-env] DESERIALIZED tensor shape: torch.Size([70, 2])
[08:55]   [ComfyUI] [worker:ComfyUI-SAM3DBody] [comfy-env] _from_shm got dict with keys: ['__type__', 'strategy', 'manager_path', 'storage_key', 'storage_size']
[08:55]   [ComfyUI] [worker:ComfyUI-SAM3DBody] [comfy-env] DESERIALIZE TensorRef: tensor_size=[18439, 3]
[08:55]   [ComfyUI] [worker:ComfyUI-SAM3DBody] [comfy-env] DESERIALIZED tensor shape: torch.Size([18439, 3])
[08:55]   [ComfyUI] [worker:ComfyUI-SAM3DBody] [comfy-env] _from_shm got dict with keys: ['__type__', 'strategy', 'manager_path', 'storage_key', 'storage_size']
[08:55]   [ComfyUI] [worker:ComfyUI-SAM3DBody] [comfy-env] DESERIALIZE TensorRef: tensor_size=[3]
[08:55]   [ComfyUI] [worker:ComfyUI-SAM3DBody] [comfy-env] DESERIALIZED tensor shape: torch.Size([3])
[08:55]   [ComfyUI] [worker:ComfyUI-SAM3DBody] [comfy-env] _from_shm got dict with keys: ['__type__', 'strategy', 'manager_path', 'storage_key', 'storage_size']
[08:55]   [ComfyUI] [worker:ComfyUI-SAM3DBody] [comfy-env] DESERIALIZE TensorRef: tensor_size=[266]
[08:55]   [ComfyUI] [worker:ComfyUI-SAM3DBody] [comfy-env] DESERIALIZED tensor shape: torch.Size([266])
[08:55]   [ComfyUI] [worker:ComfyUI-SAM3DBody] [comfy-env] _from_shm got dict with keys: ['__type__', 'strategy', 'manager_path', 'storage_key', 'storage_size']
[08:55]   [ComfyUI] [worker:ComfyUI-SAM3DBody] [comfy-env] DESERIALIZE TensorRef: tensor_size=[3]
[08:55]   [ComfyUI] [worker:ComfyUI-SAM3DBody] [comfy-env] DESERIALIZED tensor shape: torch.Size([3])
[08:55]   [ComfyUI] [worker:ComfyUI-SAM3DBody] [comfy-env] _from_shm got dict with keys: ['__type__', 'strategy', 'manager_path', 'storage_key', 'storage_size']
[08:55]   [ComfyUI] [worker:ComfyUI-SAM3DBody] [comfy-env] DESERIALIZE TensorRef: tensor_size=[133]
[08:55]   [ComfyUI] [worker:ComfyUI-SAM3DBody] [comfy-env] DESERIALIZED tensor shape: torch.Size([133])
[08:55]   [ComfyUI] [worker:ComfyUI-SAM3DBody] [comfy-env] _from_shm got dict with keys: ['__type__', 'strategy', 'manager_path', 'storage_key', 'storage_size']
[08:55]   [ComfyUI] [worker:ComfyUI-SAM3DBody] [comfy-env] DESERIALIZE TensorRef: tensor_size=[108]
[08:55]   [ComfyUI] [worker:ComfyUI-SAM3DBody] [comfy-env] DESERIALIZED tensor shape: torch.Size([108])
[08:55]   [ComfyUI] [worker:ComfyUI-SAM3DBody] [comfy-env] _from_shm got dict with keys: ['__type__', 'strategy', 'manager_path', 'storage_key', 'storage_size']
[08:55]   [ComfyUI] [worker:ComfyUI-SAM3DBody] [comfy-env] DESERIALIZE TensorRef: tensor_size=[28]
[08:55]   [ComfyUI] [worker:ComfyUI-SAM3DBody] [comfy-env] DESERIALIZED tensor shape: torch.Size([28])
[08:55]   [ComfyUI] [worker:ComfyUI-SAM3DBody] [comfy-env] _from_shm got dict with keys: ['__type__', 'strategy', 'manager_path', 'storage_key', 'storage_size']
[08:55]   [ComfyUI] [worker:ComfyUI-SAM3DBody] [comfy-env] DESERIALIZE TensorRef: tensor_size=[45]
[08:55]   [ComfyUI] [worker:ComfyUI-SAM3DBody] [comfy-env] DESERIALIZED tensor shape: torch.Size([45])
[08:55]   [ComfyUI] [worker:ComfyUI-SAM3DBody] [comfy-env] _from_shm got dict with keys: ['__type__', 'strategy', 'manager_path', 'storage_key', 'storage_size']
[08:55]   [ComfyUI] [worker:ComfyUI-SAM3DBody] [comfy-env] DESERIALIZE TensorRef: tensor_size=[72]
[08:55]   [ComfyUI] [worker:ComfyUI-SAM3DBody] [comfy-env] DESERIALIZED tensor shape: torch.Size([72])
[08:55]   [ComfyUI] [worker:ComfyUI-SAM3DBody] [comfy-env] _from_shm got dict with keys: ['__type__', 'strategy', 'manager_path', 'storage_key', 'storage_size']
[08:55]   [ComfyUI] [worker:ComfyUI-SAM3DBody] [comfy-env] DESERIALIZE TensorRef: tensor_size=[720, 1280, 1]
[08:55]   [ComfyUI] [worker:ComfyUI-SAM3DBody] [comfy-env] DESERIALIZED tensor shape: torch.Size([720, 1280, 1])
[08:55]   [ComfyUI] [worker:ComfyUI-SAM3DBody] [comfy-env] _from_shm got dict with keys: ['__type__', 'strategy', 'manager_path', 'storage_key', 'storage_size']
[08:55]   [ComfyUI] [worker:ComfyUI-SAM3DBody] [comfy-env] DESERIALIZE TensorRef: tensor_size=[127, 3]
[08:55]   [ComfyUI] [worker:ComfyUI-SAM3DBody] [comfy-env] DESERIALIZED tensor shape: torch.Size([127, 3])
[08:55]   [ComfyUI] [worker:ComfyUI-SAM3DBody] [comfy-env] _from_shm got dict with keys: ['__type__', 'strategy', 'manager_path', 'storage_key', 'storage_size']
[08:55]   [ComfyUI] [worker:ComfyUI-SAM3DBody] [comfy-env] DESERIALIZE TensorRef: tensor_size=[127, 3, 3]
[08:55]   [ComfyUI] [worker:ComfyUI-SAM3DBody] [comfy-env] DESERIALIZED tensor shape: torch.Size([127, 3, 3])
[08:55]   [ComfyUI] [worker:ComfyUI-SAM3DBody] [comfy-env] _from_shm got dict with keys: ['__type__', 'strategy', 'manager_path', 'storage_key', 'storage_size']
[08:55]   [ComfyUI] [worker:ComfyUI-SAM3DBody] [comfy-env] DESERIALIZE TensorRef: tensor_size=[4]
[08:55]   [ComfyUI] [worker:ComfyUI-SAM3DBody] [comfy-env] DESERIALIZED tensor shape: torch.Size([4])
[08:55]   [ComfyUI] [worker:ComfyUI-SAM3DBody] [comfy-env] _from_shm got dict with keys: ['__type__', 'strategy', 'manager_path', 'storage_key', 'storage_size']
[08:55]   [ComfyUI] [worker:ComfyUI-SAM3DBody] [comfy-env] DESERIALIZE TensorRef: tensor_size=[4]
[08:55]   [ComfyUI] [worker:ComfyUI-SAM3DBody] [comfy-env] DESERIALIZED tensor shape: torch.Size([4])
[08:55]   [ComfyUI] [worker:ComfyUI-SAM3DBody] [comfy-env] _from_shm got dict with keys: ['__type__', 'strategy', 'manager_path', 'storage_key', 'storage_size']
[08:55]   [ComfyUI] [worker:ComfyUI-SAM3DBody] [comfy-env] DESERIALIZE TensorRef: tensor_size=[4]
[08:55]   [ComfyUI] [worker:ComfyUI-SAM3DBody] [comfy-env] DESERIALIZED tensor shape: torch.Size([4])
[08:55]   [ComfyUI] [worker:ComfyUI-SAM3DBody] [comfy-env] _from_shm got dict with keys: ['__type__', 'strategy', 'manager_path', 'storage_key', 'storage_size']
[08:55]   [ComfyUI] [worker:ComfyUI-SAM3DBody] [comfy-env] DESERIALIZE TensorRef: tensor_size=[70, 3]
[08:55]   [ComfyUI] [worker:ComfyUI-SAM3DBody] [comfy-env] DESERIALIZED tensor shape: torch.Size([70, 3])
[08:55]   [ComfyUI] [worker:ComfyUI-SAM3DBody] [comfy-env] _from_shm got dict with keys: ['__type__', 'strategy', 'manager_path', 'storage_key', 'storage_size']
[08:55]   [ComfyUI] [worker:ComfyUI-SAM3DBody] [comfy-env] DESERIALIZE TensorRef: tensor_size=[70, 2]
[08:55]   [ComfyUI] [worker:ComfyUI-SAM3DBody] [comfy-env] DESERIALIZED tensor shape: torch.Size([70, 2])
[08:55]   [ComfyUI] [worker:ComfyUI-SAM3DBody] [comfy-env] _from_shm got dict with keys: ['__type__', 'strategy', 'manager_path', 'storage_key', 'storage_size']
[08:55]   [ComfyUI] [worker:ComfyUI-SAM3DBody] [comfy-env] DESERIALIZE TensorRef: tensor_size=[18439, 3]
[08:55]   [ComfyUI] [worker:ComfyUI-SAM3DBody] [comfy-env] DESERIALIZED tensor shape: torch.Size([18439, 3])
[08:55]   [ComfyUI] [worker:ComfyUI-SAM3DBody] [comfy-env] _from_shm got dict with keys: ['__type__', 'strategy', 'manager_path', 'storage_key', 'storage_size']
[08:55]   [ComfyUI] [worker:ComfyUI-SAM3DBody] [comfy-env] DESERIALIZE TensorRef: tensor_size=[3]
[08:55]   [ComfyUI] [worker:ComfyUI-SAM3DBody] [comfy-env] DESERIALIZED tensor shape: torch.Size([3])
[08:55]   [ComfyUI] [worker:ComfyUI-SAM3DBody] [comfy-env] _from_shm got dict with keys: ['__type__', 'strategy', 'manager_path', 'storage_key', 'storage_size']
[08:55]   [ComfyUI] [worker:ComfyUI-SAM3DBody] [comfy-env] DESERIALIZE TensorRef: tensor_size=[266]
[08:55]   [ComfyUI] [worker:ComfyUI-SAM3DBody] [comfy-env] DESERIALIZED tensor shape: torch.Size([266])
[08:55]   [ComfyUI] [worker:ComfyUI-SAM3DBody] [comfy-env] _from_shm got dict with keys: ['__type__', 'strategy', 'manager_path', 'storage_key', 'storage_size']
[08:55]   [ComfyUI] [worker:ComfyUI-SAM3DBody] [comfy-env] DESERIALIZE TensorRef: tensor_size=[3]
[08:55]   [ComfyUI] [worker:ComfyUI-SAM3DBody] [comfy-env] DESERIALIZED tensor shape: torch.Size([3])
[08:55]   [ComfyUI] [worker:ComfyUI-SAM3DBody] [comfy-env] _from_shm got dict with keys: ['__type__', 'strategy', 'manager_path', 'storage_key', 'storage_size']
[08:55]   [ComfyUI] [worker:ComfyUI-SAM3DBody] [comfy-env] DESERIALIZE TensorRef: tensor_size=[133]
[08:55]   [ComfyUI] [worker:ComfyUI-SAM3DBody] [comfy-env] DESERIALIZED tensor shape: torch.Size([133])
[08:55]   [ComfyUI] [worker:ComfyUI-SAM3DBody] [comfy-env] _from_shm got dict with keys: ['__type__', 'strategy', 'manager_path', 'storage_key', 'storage_size']
[08:55]   [ComfyUI] [worker:ComfyUI-SAM3DBody] [comfy-env] DESERIALIZE TensorRef: tensor_size=[108]
[08:55]   [ComfyUI] [worker:ComfyUI-SAM3DBody] [comfy-env] DESERIALIZED tensor shape: torch.Size([108])
[08:55]   [ComfyUI] [worker:ComfyUI-SAM3DBody] [comfy-env] _from_shm got dict with keys: ['__type__', 'strategy', 'manager_path', 'storage_key', 'storage_size']
[08:55]   [ComfyUI] [worker:ComfyUI-SAM3DBody] [comfy-env] DESERIALIZE TensorRef: tensor_size=[28]
[08:55]   [ComfyUI] [worker:ComfyUI-SAM3DBody] [comfy-env] DESERIALIZED tensor shape: torch.Size([28])
[08:55]   [ComfyUI] [worker:ComfyUI-SAM3DBody] [comfy-env] _from_shm got dict with keys: ['__type__', 'strategy', 'manager_path', 'storage_key', 'storage_size']
[08:55]   [ComfyUI] [worker:ComfyUI-SAM3DBody] [comfy-env] DESERIALIZE TensorRef: tensor_size=[45]
[08:55]   [ComfyUI] [worker:ComfyUI-SAM3DBody] [comfy-env] DESERIALIZED tensor shape: torch.Size([45])
[08:55]   [ComfyUI] [worker:ComfyUI-SAM3DBody] [comfy-env] _from_shm got dict with keys: ['__type__', 'strategy', 'manager_path', 'storage_key', 'storage_size']
[08:55]   [ComfyUI] [worker:ComfyUI-SAM3DBody] [comfy-env] DESERIALIZE TensorRef: tensor_size=[72]
[08:55]   [ComfyUI] [worker:ComfyUI-SAM3DBody] [comfy-env] DESERIALIZED tensor shape: torch.Size([72])
[08:55]   [ComfyUI] [worker:ComfyUI-SAM3DBody] [comfy-env] _from_shm got dict with keys: ['__type__', 'strategy', 'manager_path', 'storage_key', 'storage_size']
[08:55]   [ComfyUI] [worker:ComfyUI-SAM3DBody] [comfy-env] DESERIALIZE TensorRef: tensor_size=[720, 1280, 1]
[08:55]   [ComfyUI] [worker:ComfyUI-SAM3DBody] [comfy-env] DESERIALIZED tensor shape: torch.Size([720, 1280, 1])
[08:55]   [ComfyUI] [worker:ComfyUI-SAM3DBody] [comfy-env] _from_shm got dict with keys: ['__type__', 'strategy', 'manager_path', 'storage_key', 'storage_size']
[08:55]   [ComfyUI] [worker:ComfyUI-SAM3DBody] [comfy-env] DESERIALIZE TensorRef: tensor_size=[127, 3]
[08:55]   [ComfyUI] [worker:ComfyUI-SAM3DBody] [comfy-env] DESERIALIZED tensor shape: torch.Size([127, 3])
[08:55]   [ComfyUI] [worker:ComfyUI-SAM3DBody] [comfy-env] _from_shm got dict with keys: ['__type__', 'strategy', 'manager_path', 'storage_key', 'storage_size']
[08:55]   [ComfyUI] [worker:ComfyUI-SAM3DBody] [comfy-env] DESERIALIZE TensorRef: tensor_size=[127, 3, 3]
[08:55]   [ComfyUI] [worker:ComfyUI-SAM3DBody] [comfy-env] DESERIALIZED tensor shape: torch.Size([127, 3, 3])
[08:55]   [ComfyUI] [worker:ComfyUI-SAM3DBody] [comfy-env] _from_shm got dict with keys: ['__type__', 'strategy', 'manager_path', 'storage_key', 'storage_size']
[08:55]   [ComfyUI] [worker:ComfyUI-SAM3DBody] [comfy-env] DESERIALIZE TensorRef: tensor_size=[4]
[08:55]   [ComfyUI] [worker:ComfyUI-SAM3DBody] [comfy-env] DESERIALIZED tensor shape: torch.Size([4])
[08:56]   [ComfyUI] [worker:ComfyUI-SAM3DBody] [comfy-env] _from_shm got dict with keys: ['__type__', 'strategy', 'manager_path', 'storage_key', 'storage_size']
[08:56]   [ComfyUI] [worker:ComfyUI-SAM3DBody] [comfy-env] DESERIALIZE TensorRef: tensor_size=[4]
[08:56]   [ComfyUI] [worker:ComfyUI-SAM3DBody] [comfy-env] DESERIALIZED tensor shape: torch.Size([4])
[08:56]   [ComfyUI] [worker:ComfyUI-SAM3DBody] [comfy-env] _from_shm got dict with keys: ['__type__', 'strategy', 'manager_path', 'storage_key', 'storage_size']
[08:56]   [ComfyUI] [worker:ComfyUI-SAM3DBody] [comfy-env] DESERIALIZE TensorRef: tensor_size=[4]
[08:56]   [ComfyUI] [worker:ComfyUI-SAM3DBody] [comfy-env] DESERIALIZED tensor shape: torch.Size([4])
[08:56]   [ComfyUI] [worker:ComfyUI-SAM3DBody] [comfy-env] _from_shm got dict with keys: ['__type__', 'strategy', 'manager_path', 'storage_key', 'storage_size']
[08:56]   [ComfyUI] [worker:ComfyUI-SAM3DBody] [comfy-env] DESERIALIZE TensorRef: tensor_size=[70, 3]
[08:56]   [ComfyUI] [worker:ComfyUI-SAM3DBody] [comfy-env] DESERIALIZED tensor shape: torch.Size([70, 3])
[08:56]   [ComfyUI] [worker:ComfyUI-SAM3DBody] [comfy-env] _from_shm got dict with keys: ['__type__', 'strategy', 'manager_path', 'storage_key', 'storage_size']
[08:56]   [ComfyUI] [worker:ComfyUI-SAM3DBody] [comfy-env] DESERIALIZE TensorRef: tensor_size=[70, 2]
[08:56]   [ComfyUI] [worker:ComfyUI-SAM3DBody] [comfy-env] DESERIALIZED tensor shape: torch.Size([70, 2])
[08:56]   [ComfyUI] [worker:ComfyUI-SAM3DBody] [comfy-env] _from_shm got dict with keys: ['__type__', 'strategy', 'manager_path', 'storage_key', 'storage_size']
[08:56]   [ComfyUI] [worker:ComfyUI-SAM3DBody] [comfy-env] DESERIALIZE TensorRef: tensor_size=[18439, 3]
[08:56]   [ComfyUI] [worker:ComfyUI-SAM3DBody] [comfy-env] DESERIALIZED tensor shape: torch.Size([18439, 3])
[08:56]   [ComfyUI] [worker:ComfyUI-SAM3DBody] [comfy-env] _from_shm got dict with keys: ['__type__', 'strategy', 'manager_path', 'storage_key', 'storage_size']
[08:56]   [ComfyUI] [worker:ComfyUI-SAM3DBody] [comfy-env] DESERIALIZE TensorRef: tensor_size=[3]
[08:56]   [ComfyUI] [worker:ComfyUI-SAM3DBody] [comfy-env] DESERIALIZED tensor shape: torch.Size([3])
[08:56]   [ComfyUI] [worker:ComfyUI-SAM3DBody] [comfy-env] _from_shm got dict with keys: ['__type__', 'strategy', 'manager_path', 'storage_key', 'storage_size']
[08:56]   [ComfyUI] [worker:ComfyUI-SAM3DBody] [comfy-env] DESERIALIZE TensorRef: tensor_size=[266]
[08:56]   [ComfyUI] [worker:ComfyUI-SAM3DBody] [comfy-env] DESERIALIZED tensor shape: torch.Size([266])
[08:56]   [ComfyUI] [worker:ComfyUI-SAM3DBody] [comfy-env] _from_shm got dict with keys: ['__type__', 'strategy', 'manager_path', 'storage_key', 'storage_size']
[08:56]   [ComfyUI] [worker:ComfyUI-SAM3DBody] [comfy-env] DESERIALIZE TensorRef: tensor_size=[3]
[08:56]   [ComfyUI] [worker:ComfyUI-SAM3DBody] [comfy-env] DESERIALIZED tensor shape: torch.Size([3])
[08:56]   [ComfyUI] [worker:ComfyUI-SAM3DBody] [comfy-env] _from_shm got dict with keys: ['__type__', 'strategy', 'manager_path', 'storage_key', 'storage_size']
[08:56]   [ComfyUI] [worker:ComfyUI-SAM3DBody] [comfy-env] DESERIALIZE TensorRef: tensor_size=[133]
[08:56]   [ComfyUI] [worker:ComfyUI-SAM3DBody] [comfy-env] DESERIALIZED tensor shape: torch.Size([133])
[08:56]   [ComfyUI] [worker:ComfyUI-SAM3DBody] [comfy-env] _from_shm got dict with keys: ['__type__', 'strategy', 'manager_path', 'storage_key', 'storage_size']
[08:56]   [ComfyUI] [worker:ComfyUI-SAM3DBody] [comfy-env] DESERIALIZE TensorRef: tensor_size=[108]
[08:56]   [ComfyUI] [worker:ComfyUI-SAM3DBody] [comfy-env] DESERIALIZED tensor shape: torch.Size([108])
[08:56]   [ComfyUI] [worker:ComfyUI-SAM3DBody] [comfy-env] _from_shm got dict with keys: ['__type__', 'strategy', 'manager_path', 'storage_key', 'storage_size']
[08:56]   [ComfyUI] [worker:ComfyUI-SAM3DBody] [comfy-env] DESERIALIZE TensorRef: tensor_size=[28]
[08:56]   [ComfyUI] [worker:ComfyUI-SAM3DBody] [comfy-env] DESERIALIZED tensor shape: torch.Size([28])
[08:56]   [ComfyUI] [worker:ComfyUI-SAM3DBody] [comfy-env] _from_shm got dict with keys: ['__type__', 'strategy', 'manager_path', 'storage_key', 'storage_size']
[08:56]   [ComfyUI] [worker:ComfyUI-SAM3DBody] [comfy-env] DESERIALIZE TensorRef: tensor_size=[45]
[08:56]   [ComfyUI] [worker:ComfyUI-SAM3DBody] [comfy-env] DESERIALIZED tensor shape: torch.Size([45])
[08:56]   [ComfyUI] [worker:ComfyUI-SAM3DBody] [comfy-env] _from_shm got dict with keys: ['__type__', 'strategy', 'manager_path', 'storage_key', 'storage_size']
[08:56]   [ComfyUI] [worker:ComfyUI-SAM3DBody] [comfy-env] DESERIALIZE TensorRef: tensor_size=[72]
[08:56]   [ComfyUI] [worker:ComfyUI-SAM3DBody] [comfy-env] DESERIALIZED tensor shape: torch.Size([72])
[08:56]   [ComfyUI] [worker:ComfyUI-SAM3DBody] [comfy-env] _from_shm got dict with keys: ['__type__', 'strategy', 'manager_path', 'storage_key', 'storage_size']
[08:56]   [ComfyUI] [worker:ComfyUI-SAM3DBody] [comfy-env] DESERIALIZE TensorRef: tensor_size=[720, 1280, 1]
[08:56]   [ComfyUI] [worker:ComfyUI-SAM3DBody] [comfy-env] DESERIALIZED tensor shape: torch.Size([720, 1280, 1])
[08:56]   [ComfyUI] [worker:ComfyUI-SAM3DBody] [comfy-env] _from_shm got dict with keys: ['__type__', 'strategy', 'manager_path', 'storage_key', 'storage_size']
[08:56]   [ComfyUI] [worker:ComfyUI-SAM3DBody] [comfy-env] DESERIALIZE TensorRef: tensor_size=[127, 3]
[08:56]   [ComfyUI] [worker:ComfyUI-SAM3DBody] [comfy-env] DESERIALIZED tensor shape: torch.Size([127, 3])
[08:56]   [ComfyUI] [worker:ComfyUI-SAM3DBody] [comfy-env] _from_shm got dict with keys: ['__type__', 'strategy', 'manager_path', 'storage_key', 'storage_size']
[08:56]   [ComfyUI] [worker:ComfyUI-SAM3DBody] [comfy-env] DESERIALIZE TensorRef: tensor_size=[127, 3, 3]
[08:56]   [ComfyUI] [worker:ComfyUI-SAM3DBody] [comfy-env] DESERIALIZED tensor shape: torch.Size([127, 3, 3])
[08:56]   [ComfyUI] [worker:ComfyUI-SAM3DBody] [comfy-env] _from_shm got dict with keys: ['__type__', 'strategy', 'manager_path', 'storage_key', 'storage_size']
[08:56]   [ComfyUI] [worker:ComfyUI-SAM3DBody] [comfy-env] DESERIALIZE TensorRef: tensor_size=[4]
[08:56]   [ComfyUI] [worker:ComfyUI-SAM3DBody] [comfy-env] DESERIALIZED tensor shape: torch.Size([4])
[08:56]   [ComfyUI] [worker:ComfyUI-SAM3DBody] [comfy-env] _from_shm got dict with keys: ['__type__', 'strategy', 'manager_path', 'storage_key', 'storage_size']
[08:56]   [ComfyUI] [worker:ComfyUI-SAM3DBody] [comfy-env] DESERIALIZE TensorRef: tensor_size=[4]
[08:56]   [ComfyUI] [worker:ComfyUI-SAM3DBody] [comfy-env] DESERIALIZED tensor shape: torch.Size([4])
[08:56]   [ComfyUI] [worker:ComfyUI-SAM3DBody] [comfy-env] _from_shm got dict with keys: ['__type__', 'strategy', 'manager_path', 'storage_key', 'storage_size']
[08:56]   [ComfyUI] [worker:ComfyUI-SAM3DBody] [comfy-env] DESERIALIZE TensorRef: tensor_size=[36874, 3]
[08:56]   [ComfyUI] [worker:ComfyUI-SAM3DBody] [comfy-env] DESERIALIZED tensor shape: torch.Size([36874, 3])
[08:58]   [capture-loop] iter=550 t=66.8s state={'complete': False, 'error': None, 'executedCount': 1, 'wsState': 1} eval_ms=4 ram=11.1/31.9GB (35%) swap=0.2/5.0GB (4%) cpu=8% browser_rss=0.66GB
[09:01]   [ComfyUI] [SubprocessWorker] callback 'report_progress' from call_id=3
[09:01]   [ComfyUI] [SubprocessWorker] callback 'report_progress' from call_id=3
[09:01]   [ComfyUI] [SubprocessWorker] callback 'report_progress' from call_id=3
[09:02]   [ComfyUI] [SubprocessWorker] callback 'report_progress' from call_id=3
[09:02]   [ComfyUI] [SubprocessWorker] callback 'report_progress' from call_id=3
[09:02]   [ComfyUI] [SubprocessWorker] callback 'report_progress' from call_id=3
[09:03]   Frame 8 saved (frame_007.jpg, t=71.3s)
[09:03]   [capture-periodic] freeze=4ms shot=126ms unfreeze=5ms saved=True
[09:04]   [capture-loop] iter=600 t=72.8s state={'complete': False, 'error': None, 'executedCount': 1, 'wsState': 1} eval_ms=4 ram=11.7/31.9GB (37%) swap=0.2/5.0GB (4%) cpu=5% browser_rss=0.66GB
[09:08]   [ComfyUI] [worker:ComfyUI-SAM3DBody]
[09:08]   [ComfyUI] FBX export starting... 'C:\\workspaces\\SAM3DBody-0354\\portable-comfyui\\ComfyUI_windows_portable\\ComfyUI\\output\\sam3d_multi_rigged.fbx'
[09:08]   [ComfyUI] [worker:ComfyUI-SAM3DBody] (bpy.data.armatures['SAM3D_Skeleton_0'], 'POSE')
[09:08]   [ComfyUI] [worker:ComfyUI-SAM3DBody] (bpy.data.armatures['SAM3D_Skeleton_1'], 'POSE')
[09:08]   [ComfyUI] [worker:ComfyUI-SAM3DBody] (bpy.data.armatures['SAM3D_Skeleton_2'], 'POSE')
[09:08]   [ComfyUI] [worker:ComfyUI-SAM3DBody] (bpy.data.armatures['SAM3D_Skeleton_3'], 'POSE')
[09:08]   [ComfyUI] [worker:ComfyUI-SAM3DBody] (bpy.data.armatures['SAM3D_Skeleton_4'], 'POSE')
[09:08]   [ComfyUI] [worker:ComfyUI-SAM3DBody] (bpy.data.armatures['SAM3D_Skeleton_5'], 'POSE')
[09:10]   [capture-loop] iter=650 t=78.7s state={'complete': False, 'error': None, 'executedCount': 1, 'wsState': 1} eval_ms=4 ram=11.7/31.9GB (37%) swap=0.2/5.0GB (4%) cpu=10% browser_rss=0.66GB
[09:11]   [ComfyUI] [worker:ComfyUI-SAM3DBody] export finished in 2.0631 sec.
[09:11]   [ComfyUI] [SubprocessWorker] got response: ok
[09:11]   [ComfyUI] [comfy-env] SAM3DBodyExportMultipleFBX done (16.72s): result: NodeOutput
[09:11]   [ComfyUI] [VRAM] After SAM3DBodyExportMultipleFBX: 1042 / 12287 MB
[09:11]   [ComfyUI] [VRAM] Loaded: SubprocessModel (3143 MB)
[09:11]   [ComfyUI] Prompt executed in 78.71 seconds
[09:11]   Node executed (2 total), capturing...
[09:16]   Frame 9 saved (frame_008.jpg, t=79.2s)
[09:16]   [capture-node] freeze=5ms shot=4740ms unfreeze=0ms saved=True
[09:16]   Execution complete (t=79.2s)
[09:16]   [3d-wait] Phase 1: Waiting for 'Loading 3D Model' text to disappear...
[10:16]   [3d-wait] Phase 1 exception after 60.0s: Page.wait_for_function: Timeout 60000ms exceeded.
[10:16]   [3d-wait] Phase 2: iframes=0
[10:16]   [3d-wait] Total 3D wait: 60.0s
[10:16]   Captured 9 unique frames over 144.07s
[10:16]   [debug] iframes: 0
[10:16]   [timing] trigger_3d_previews: 0.0s
[10:18]   Saved high-quality screenshot: multiple_masks_executed.png
[10:18]   [timing] final_screenshot: 0.4s
[10:18]   [ComfyUI] [comfy-env] [VRAM] Before offload 'SAM3DBody_1' (3143 MB) -> cpu: 1042 / 12287 MB
[10:18]   [ComfyUI] [ComfyUI-SAM3DBody] Health check: ping (timeout=5.0s)...
[10:18] Capturing execution frames: multiple_masks_depthcorrected.json
[10:18]   [ComfyUI] [ComfyUI-SAM3DBody] Health check: failed
[10:18]   [ComfyUI] [ComfyUI-SAM3DBody] Socket unhealthy, restarting worker...
[10:18]   [ComfyUI] [comfy-env] Invalidated 1 stale model patchers (will be cleaned up during next unload)
[10:18]   [ComfyUI] [comfy-env] sam3dbody-nodes: Library/bin has 235 DLLs
[10:18]   [ComfyUI] [ComfyUI-SAM3DBody] python: C:\ce\.pixi\envs\sam3dbody-nodes\python.exe
[10:18]   [ComfyUI] [ComfyUI-SAM3DBody] sys_path sent to worker: ['C:\\workspaces\\SAM3DBody-0354\\portable-comfyui\\ComfyUI_windows_portable\\ComfyUI', 'C:\\workspaces\\SAM3DBody-0354\\portable-comfyui\\ComfyUI_windows_portable\\ComfyUI\\custom_nodes\\ComfyUI-SAM3DBody', 'C:\\ce\\.pixi\\envs\\sam3dbody-nodes\\Lib\\site-packages', 'C:\\workspaces\\SAM3DBody-0354\\portable-comfyui\\ComfyUI_windows_portable\\ComfyUI\\custom_nodes\\ComfyUI-SAM3DBody']
[10:18]   [ComfyUI] [SubprocessWorker] is_pixi=True, python=C:\ce\.pixi\envs\sam3dbody-nodes\python.exe
[10:18]   [ComfyUI] [SubprocessWorker] launching cmd=['C:\\Users\\ContainerAdministrator\\.pixi\\bin\\pixi.exe', 'run', '--as-is', '--manifest-path', 'C:\\ce\\pixi.toml', '-e', 'sam3dbody-nodes', 'python', 'C:\\Users\\ContainerAdministrator\\AppData\\Local\\Temp\\comfyui_pvenv_jmmp98ue\\persistent_worker.py', 'tcp://127.0.0.1:49989']...
[10:22]   [ComfyUI] [worker:ComfyUI-SAM3DBody] ERROR: Failed to import comfy_kitchen, Error: No module named 'comfy_kitchen', fp8 and fp4 support will not be available.
[10:22]   [ComfyUI] [SubprocessWorker] call_id=4 sending model_to_device
[10:22]   [ComfyUI] Model 'SAM3DBody_1' gone from worker (restarted?), treating as offloaded
[10:22]   [ComfyUI] [comfy-env] [VRAM] After offload 'SAM3DBody_1' (3143 MB): 1042 / 12287 MB
[10:38]   Frame 1 saved (frame_000.jpg, t=0.0s)
[10:38]   Validating workflow...
[10:38]   [ComfyUI] === /validate endpoint called ===
[10:38]   [ComfyUI] Received JSON with keys: ['prompt']
[10:38]   Queuing workflow for execution...
[10:38]   [ComfyUI] Prompt has 16 nodes
[10:38]   [ComfyUI]   Node 4: PreviewImage
[10:38]   [ComfyUI]     Inputs: {"images": ["16", 1]}
[10:38]   [ComfyUI]   Node 16: SAM3DBodyProcessMultiple
[10:38]   [ComfyUI]     Inputs: {"inference_type": "full", "adjust_position_from_depth": true, "model": ["24", 0], "image": ["36", 0], "masks": ["39", 0], "depth_map": ["40", 0], "intrinsics": ["40", 9], "depth_confidence": ["40", 1
[10:39]   [ComfyUI]   Node 18: SAM3DBodyExportMultipleFBX
[10:39]   [ComfyUI]     Inputs: {"output_filename": "sam3d_multi_rigged.fbx", "combine": true, "multi_mesh_data": ["16", 0]}
[10:39]   [ComfyUI]   Node 24: LoadSAM3DBodyModel
[10:39]   [ComfyUI]     Inputs: {"precision": "auto"}
[10:39]   [ComfyUI]   Node 29: Preview3D
[10:39]   [ComfyUI]     Inputs: {"model_file": ["18", 0], "image": "", "camera_info": ["60", 0]}
[10:39]   [ComfyUI]   Node 35: MultibandLoad
[10:39]   [ComfyUI]     Inputs: {"image": "fellowship.npz", "normalize": true}
[10:39]   [ComfyUI]   Node 36: MultibandToImage
[10:39]   [ComfyUI]     Inputs: {"channels": "0,1,2", "multiband": ["35", 0]}
[10:39]   [ComfyUI]   Node 39: MultibandToMasks
[10:39]   [ComfyUI]     Inputs: {"channels": "0", "auto_detect_masks": true, "multiband": ["35", 0]}
[10:39]   [ComfyUI]   Node 40: DepthAnything_V3
[10:39]   [ComfyUI]     Inputs: {"normalization_mode": "Raw", "resize_method": "resize", "invert_depth": false, "keep_model_size": false, "da3_model": ["41", 0], "images": ["36", 0]}
[10:39]   [ComfyUI]   Node 41: DownloadAndLoadDepthAnythingV3Model
[10:39]   [ComfyUI]     Inputs: {"model": "da3_giant.safetensors", "precision": "auto", "attention": "auto"}
[10:39]   [ComfyUI]   Node 43: MaskPreview
[10:39]   [ComfyUI]     Inputs: {"mask": ["39", 0]}
[10:39]   [ComfyUI]   Node 44: PreviewImage
[10:39]   [ComfyUI]     Inputs: {"images": ["36", 0]}
[10:39]   [ComfyUI]   Node 46: PreviewAny
[10:39]   [ComfyUI]     Inputs: {"preview_markdown": "", "preview_text": "", "previewMode": null, "source": ["40", 9]}
[10:39]   [ComfyUI]   Node 58: LoadImageDataSetFromFolder
[10:39]   [ComfyUI]     Inputs: {"folder": "3d"}
[10:39]   [ComfyUI]   Node 59: PreviewAny
[10:39]   [ComfyUI]     Inputs: {"preview_markdown": "", "preview_text": "", "previewMode": null, "source": ["40", 8]}
[10:39]   [ComfyUI]   Node 60: CreateLoad3DCamera
[10:39]   [ComfyUI]     Inputs: {"pos_x": 3, "pos_y": 5.1, "pos_z": 8, "target_x": -0.5, "target_y": 2.1, "target_z": 0.4, "zoom": 3, "camera_type": "perspective"}
[10:39]   [ComfyUI] Generated prompt_id: ecbc8d48-292e-467e-8796-19fef382e43f
[10:39]   [ComfyUI] Calling execution.validate_prompt()...
[10:39]   [ComfyUI] Validation result: valid=True
[10:39]   [ComfyUI] === Validation PASSED ===
[10:39]   [ComfyUI] got prompt
[10:39]   [ComfyUI] LoadMultibandImage: Loaded C:\workspaces\SAM3DBody-0354\portable-comfyui\ComfyUI_windows_portable\ComfyUI\input\fellowship.npz
[10:39]   [ComfyUI]   Shape: (1, 14, 497, 1200)
[10:39]   [ComfyUI]   Channels: 14
[10:39]   [ComfyUI]   Names: img_01_r,img_01_g,img_01_b,mask_01,mask_02,mask_03,mask_04,mask_05,mask_06,mask_07,mask_08,mask_09,m...
[10:39]   [ComfyUI] MultibandToMasks: Auto-detected 11 mask channels: ['mask_01', 'mask_02', 'mask_03', 'mask_04', 'mask_05', 'mask_06', 'mask_07', 'mask_08', 'mask_09', 'mask_10', 'mask_11']
[10:39]   Node executed (1 total), capturing...
[10:39]   [ComfyUI] [comfy-env] Running DownloadAndLoadDepthAnythingV3Model: model: 'da3_giant.safetensors', precision: 'auto', attention: 'auto'
[10:39]   [ComfyUI] [comfy-env] SubprocessWorker: C:\ce\.pixi\envs\depthanythingv3-nodes\python.exe
[10:39]   [ComfyUI] [VRAM] Before DownloadAndLoadDepthAnythingV3Model: 1042 / 12287 MB
[10:39]   [ComfyUI] [comfy-env] env_vars: {'COMFYUI_BASE': 'C:\\workspaces\\SAM3DBody-0354\\portable-comfyui\\ComfyUI_windows_portable\\ComfyUI'}
[10:39]   [ComfyUI] [SubprocessWorker] call_method: nodes.load_model.DownloadAndLoadDepthAnythingV3Model.EXECUTE_NORMALIZED
[10:39]   [ComfyUI] [ComfyUI-DepthAnythingV3] python: C:\ce\.pixi\envs\depthanythingv3-nodes\python.exe
[10:39]   [ComfyUI] [SubprocessWorker] acquired lock, ensuring started...
[10:39]   [ComfyUI] [ComfyUI-DepthAnythingV3] sys_path sent to worker: ['C:\\workspaces\\SAM3DBody-0354\\portable-comfyui\\ComfyUI_windows_portable\\ComfyUI', 'C:\\workspaces\\SAM3DBody-0354\\portable-comfyui\\ComfyUI_windows_portable\\ComfyUI\\custom_nodes\\ComfyUI-DepthAnythingV3', 'C:\\ce\\.pixi\\envs\\depthanythingv3-nodes\\Lib\\site-packages', 'C:\\workspaces\\SAM3DBody-0354\\portable-comfyui\\ComfyUI_windows_portable\\ComfyUI\\custom_nodes\\ComfyUI-DepthAnythingV3']
[10:39]   [ComfyUI] [comfy-env] depthanythingv3-nodes: Library/bin has 235 DLLs
[10:39]   [ComfyUI] [SubprocessWorker] is_pixi=True, python=C:\ce\.pixi\envs\depthanythingv3-nodes\python.exe
[10:39]   [ComfyUI] [SubprocessWorker] launching cmd=['C:\\Users\\ContainerAdministrator\\.pixi\\bin\\pixi.exe', 'run', '--as-is', '--manifest-path', 'C:\\ce\\pixi.toml', '-e', 'depthanythingv3-nodes', 'python', 'C:\\Users\\ContainerAdministrator\\AppData\\Local\\Temp\\comfyui_pvenv_kxie54m0\\persistent_worker.py', 'tcp://127.0.0.1:62201']...
[10:39]   Frame 2 saved (frame_001.jpg, t=0.9s)
[10:39]   [capture-node] freeze=4ms shot=138ms unfreeze=5ms saved=True
[10:39]   Node executed (2 total), capturing...
[10:40]   [capture-node] freeze=5ms shot=139ms unfreeze=5ms saved=False
[10:44]   Frame 3 saved (frame_002.jpg, t=5.7s)
[10:44]   [capture-periodic] freeze=4ms shot=127ms unfreeze=5ms saved=True
[10:45]   [capture-loop] iter=50 t=6.8s state={'complete': False, 'error': None, 'executedCount': 2, 'wsState': 1} eval_ms=4 ram=10.9/31.9GB (34%) swap=0.2/5.0GB (4%) cpu=5% browser_rss=1.23GB
[10:51]   [capture-loop] iter=100 t=12.8s state={'complete': False, 'error': None, 'executedCount': 2, 'wsState': 1} eval_ms=4 ram=11.7/31.9GB (37%) swap=0.2/5.0GB (4%) cpu=7% browser_rss=1.02GB
[10:57]   [capture-loop] iter=150 t=18.6s state={'complete': False, 'error': None, 'executedCount': 2, 'wsState': 1} eval_ms=4 ram=11.0/31.9GB (35%) swap=0.2/5.0GB (4%) cpu=6% browser_rss=1.01GB
[11:00]   [ComfyUI] [worker:ComfyUI-DepthAnythingV3] ERROR: Failed to import comfy_kitchen, Error: No module named 'comfy_kitchen', fp8 and fp4 support will not be available.
[11:00]   [ComfyUI] [SubprocessWorker] worker started/confirmed
[11:00]   [ComfyUI] [SubprocessWorker] serializing kwargs to shm...
[11:00]   [ComfyUI] [SubprocessWorker] created 0 shm blocks
[11:00]   [ComfyUI] [SubprocessWorker] sending request via socket...
[11:00]   [ComfyUI] [SubprocessWorker] call_id=1 sending call_method
[11:02]   [ComfyUI] 
[11:03]   [capture-loop] iter=200 t=24.6s state={'complete': False, 'error': None, 'executedCount': 2, 'wsState': 1} eval_ms=3 ram=10.1/31.9GB (32%) swap=0.2/5.0GB (4%) cpu=7% browser_rss=1.01GB
[11:03]   [ComfyUI] model.safetensors:   0%|          | 0.00/5.42G [00:00<?, ?B/s]
[11:03]   [ComfyUI] model.safetensors:   0%|          | 140k/5.42G [00:01<10:54:06, 138kB/s][SubprocessWorker] callback 'report_progress' from call_id=1
[11:07]   [ComfyUI] 
[11:07]   [ComfyUI] model.safetensors:   1%|          | 66.9M/5.42G [00:04<05:16, 16.9MB/s] [SubprocessWorker] callback 'report_progress' from call_id=1
[11:07]   [ComfyUI] 
[11:07]   [ComfyUI] model.safetensors:   2%|▏         | 134M/5.42G [00:04<02:20, 37.7MB/s] [SubprocessWorker] callback 'report_progress' from call_id=1
[11:07]   [ComfyUI] 
[11:07]   [ComfyUI] model.safetensors:   5%|▍         | 256M/5.42G [00:04<01:00, 85.3MB/s][SubprocessWorker] callback 'report_progress' from call_id=1
[11:09]   Frame 4 saved (frame_003.jpg, t=30.3s)
[11:09]   [capture-periodic] freeze=5ms shot=167ms unfreeze=5ms saved=True
[11:09]   [capture-loop] iter=250 t=31.0s state={'complete': False, 'error': None, 'executedCount': 2, 'wsState': 1} eval_ms=5 ram=10.6/31.9GB (33%) swap=0.2/5.0GB (4%) cpu=21% browser_rss=1.02GB
[11:14]   [ComfyUI] 
[11:14]   [ComfyUI] model.safetensors:   6%|▌         | 335M/5.42G [00:12<03:25, 24.8MB/s][SubprocessWorker] callback 'report_progress' from call_id=1
[11:15]   [ComfyUI] 
[11:15]   [ComfyUI] model.safetensors:   7%|▋         | 402M/5.42G [00:12<02:27, 34.2MB/s][SubprocessWorker] callback 'report_progress' from call_id=1
[11:15]   [capture-loop] iter=300 t=37.2s state={'complete': False, 'error': None, 'executedCount': 2, 'wsState': 1} eval_ms=5 ram=11.3/31.9GB (35%) swap=0.2/5.0GB (4%) cpu=24% browser_rss=1.02GB
[11:16]   Frame 5 saved (frame_004.jpg, t=37.2s)
[11:16]   [capture-periodic] freeze=5ms shot=175ms unfreeze=6ms saved=True
[11:20]   [ComfyUI] 
[11:20]   [ComfyUI] model.safetensors:  11%|█         | 604M/5.42G [00:17<02:12, 36.4MB/s][SubprocessWorker] callback 'report_progress' from call_id=1
[11:20]   [ComfyUI] 
[11:20]   [ComfyUI] model.safetensors:  15%|█▍        | 805M/5.42G [00:17<01:12, 63.4MB/s][SubprocessWorker] callback 'report_progress' from call_id=1
[11:20]   [ComfyUI] 
[11:20]   [ComfyUI] model.safetensors:  17%|█▋        | 939M/5.42G [00:18<00:52, 86.1MB/s][SubprocessWorker] callback 'report_progress' from call_id=1
[11:20]   Frame 6 saved (frame_005.jpg, t=41.8s)
[11:20]   [capture-periodic] freeze=5ms shot=188ms unfreeze=10ms saved=True
[11:21]   [ComfyUI] 
[11:21]   [ComfyUI] model.safetensors:  20%|█▉        | 1.07G/5.42G [00:19<00:45, 96.4MB/s][SubprocessWorker] callback 'report_progress' from call_id=1
[11:22]   [capture-loop] iter=350 t=43.7s state={'complete': False, 'error': None, 'executedCount': 2, 'wsState': 1} eval_ms=5 ram=11.6/31.9GB (36%) swap=0.2/5.0GB (4%) cpu=25% browser_rss=1.02GB
[11:23]   Frame 7 saved (frame_006.jpg, t=44.1s)
[11:23]   [capture-periodic] freeze=6ms shot=175ms unfreeze=5ms saved=True
[11:24]   [ComfyUI] 
[11:24]   [ComfyUI] model.safetensors:  22%|██▏       | 1.21G/5.42G [00:21<00:51, 81.4MB/s][SubprocessWorker] callback 'report_progress' from call_id=1
[11:24]   [ComfyUI] 
[11:24]   [ComfyUI] model.safetensors:  25%|██▍       | 1.34G/5.42G [00:21<00:37, 109MB/s] [SubprocessWorker] callback 'report_progress' from call_id=1
[11:24]   [ComfyUI] 
[11:24]   [ComfyUI] model.safetensors:  27%|██▋       | 1.48G/5.42G [00:21<00:27, 143MB/s][SubprocessWorker] callback 'report_progress' from call_id=1
[11:24]   [ComfyUI] 
[11:24]   [ComfyUI] model.safetensors:  30%|██▉       | 1.61G/5.42G [00:22<00:20, 184MB/s][SubprocessWorker] callback 'report_progress' from call_id=1
[11:25]   Frame 8 saved (frame_007.jpg, t=46.4s)
[11:25]   [capture-periodic] freeze=5ms shot=174ms unfreeze=6ms saved=True
[11:29]   [capture-loop] iter=400 t=50.2s state={'complete': False, 'error': None, 'executedCount': 2, 'wsState': 1} eval_ms=5 ram=11.9/31.9GB (37%) swap=0.2/5.0GB (4%) cpu=25% browser_rss=1.02GB
[11:32]   [ComfyUI] 
[11:32]   [ComfyUI] model.safetensors:  32%|███▏      | 1.74G/5.42G [00:29<01:13, 49.9MB/s][SubprocessWorker] callback 'report_progress' from call_id=1
[11:32]   Frame 9 saved (frame_008.jpg, t=53.2s)
[11:32]   [capture-periodic] freeze=13ms shot=180ms unfreeze=8ms saved=True
[11:33]   [ComfyUI] 
[11:33]   [ComfyUI] model.safetensors:  33%|███▎      | 1.81G/5.42G [00:31<01:16, 47.4MB/s][SubprocessWorker] callback 'report_progress' from call_id=1
[11:34]   [ComfyUI] 
[11:34]   [ComfyUI] model.safetensors:  36%|███▌      | 1.94G/5.42G [00:31<00:50, 68.3MB/s][SubprocessWorker] callback 'report_progress' from call_id=1
[11:34]   [ComfyUI] 
[11:34]   [ComfyUI] model.safetensors:  38%|███▊      | 2.08G/5.42G [00:31<00:35, 95.2MB/s][SubprocessWorker] callback 'report_progress' from call_id=1
[11:34]   [ComfyUI] 
[11:34]   [ComfyUI] model.safetensors:  42%|████▏     | 2.28G/5.42G [00:31<00:21, 149MB/s] [SubprocessWorker] callback 'report_progress' from call_id=1
[11:34]   Frame 10 saved (frame_009.jpg, t=55.5s)
[11:34]   [capture-periodic] freeze=4ms shot=180ms unfreeze=6ms saved=True
[11:34]   [ComfyUI] 
[11:34]   [ComfyUI] model.safetensors:  45%|████▍     | 2.41G/5.42G [00:32<00:16, 187MB/s][SubprocessWorker] callback 'report_progress' from call_id=1
[11:35]   [ComfyUI] 
[11:35]   [ComfyUI] model.safetensors:  47%|████▋     | 2.55G/5.42G [00:32<00:12, 230MB/s][SubprocessWorker] callback 'report_progress' from call_id=1
[11:35]   [capture-loop] iter=450 t=56.7s state={'complete': False, 'error': None, 'executedCount': 2, 'wsState': 1} eval_ms=5 ram=11.9/31.9GB (37%) swap=0.2/5.0GB (4%) cpu=25% browser_rss=1.02GB
[11:36]   [ComfyUI] 
[11:36]   [ComfyUI] model.safetensors:  48%|████▊     | 2.62G/5.42G [00:33<00:19, 148MB/s][SubprocessWorker] callback 'report_progress' from call_id=1
[11:36]   [ComfyUI] 
[11:36]   [ComfyUI] model.safetensors:  49%|████▉     | 2.68G/5.42G [00:33<00:16, 162MB/s][SubprocessWorker] callback 'report_progress' from call_id=1
[11:36]   [ComfyUI] 
[11:36]   [ComfyUI] model.safetensors:  51%|█████     | 2.75G/5.42G [00:34<00:15, 177MB/s][SubprocessWorker] callback 'report_progress' from call_id=1
[11:36]   Frame 11 saved (frame_010.jpg, t=57.8s)
[11:36]   [capture-periodic] freeze=10ms shot=190ms unfreeze=12ms saved=True
[11:37]   [ComfyUI] 
[11:37]   [ComfyUI] model.safetensors:  53%|█████▎    | 2.88G/5.42G [00:35<00:16, 158MB/s][SubprocessWorker] callback 'report_progress' from call_id=1
[11:38]   [ComfyUI] 
[11:38]   [ComfyUI] model.safetensors:  56%|█████▌    | 3.02G/5.42G [00:35<00:14, 165MB/s][SubprocessWorker] callback 'report_progress' from call_id=1
[11:38]   [ComfyUI] 
[11:38]   [ComfyUI] model.safetensors:  59%|█████▉    | 3.22G/5.42G [00:36<00:08, 251MB/s][SubprocessWorker] callback 'report_progress' from call_id=1
[11:39]   [ComfyUI] 
[11:39]   [ComfyUI] model.safetensors:  62%|██████▏   | 3.35G/5.42G [00:36<00:06, 297MB/s][SubprocessWorker] callback 'report_progress' from call_id=1
[11:39]   Frame 12 saved (frame_011.jpg, t=60.1s)
[11:39]   [capture-periodic] freeze=4ms shot=202ms unfreeze=5ms saved=True
[11:39]   [ComfyUI] 
[11:39]   [ComfyUI] model.safetensors:  63%|██████▎   | 3.42G/5.42G [00:36<00:06, 291MB/s][SubprocessWorker] callback 'report_progress' from call_id=1
[11:40]   [ComfyUI] [worker:ComfyUI-DepthAnythingV3]
[11:40]   [ComfyUI] === WATCHDOG TICK 1 ===
[11:40]   [ComfyUI] [worker:ComfyUI-DepthAnythingV3] Thread 0x000045c0 (most recent call first):
[11:40]   [ComfyUI]   File "C:\ce\.pixi\envs\depthanythingv3-nodes\Lib\threading.py", line 363 in wait
[11:40]   [ComfyUI]   File "C:\ce\.pixi\envs\depthanythingv3-nodes\Lib\threading.py", line 660 in wait
[11:40]   [ComfyUI]   File "C:\ce\.pixi\envs\depthanythingv3-nodes\Lib\site-packages\tqdm\_monitor.py", line 60 in run
[11:40]   [ComfyUI]   File "C:\ce\.pixi\envs\depthanythingv3-nodes\Lib\threading.py", line 1044 in _bootstrap_inner
[11:40]   [ComfyUI]   File "C:\ce\.pixi\envs\depthanythingv3-nodes\Lib\threading.py", line 1015 in _bootstrap
[11:40]   [ComfyUI] 
[11:40]   [ComfyUI] Thread 0x000017fc (most recent call first):
[11:40]   [ComfyUI]   File "C:\Users\ContainerAdministrator\AppData\Local\Temp\comfyui_pvenv_kxie54m0\persistent_worker.py", line 106 in _vram_poller
[11:40]   [ComfyUI]   File "C:\ce\.pixi\envs\depthanythingv3-nodes\Lib\threading.py", line 995 in run
[11:40]   [ComfyUI]   File "C:\ce\.pixi\envs\depthanythingv3-nodes\Lib\threading.py", line 1044 in _bootstrap_inner
[11:40]   [ComfyUI]   File "C:\ce\.pixi\envs\depthanythingv3-nodes\Lib\threading.py", line 1015 in _bootstrap
[11:40]   [ComfyUI] 
[11:40]   [ComfyUI] Current thread 0x00003368 (most recent call first):
[11:40]   [ComfyUI]   File "C:\Users\ContainerAdministrator\AppData\Local\Temp\comfyui_pvenv_kxie54m0\persistent_worker.py", line 52 in _watchdog
[11:40]   [ComfyUI]   File "C:\ce\.pixi\envs\depthanythingv3-nodes\Lib\threading.py", line 995 in run
[11:40]   [ComfyUI]   File "C:\ce\.pixi\envs\depthanythingv3-nodes\Lib\threading.py", line 1044 in _bootstrap_inner
[11:40]   [ComfyUI]   File "C:\ce\.pixi\envs\depthanythingv3-nodes\Lib\threading.py", line 1015 in _bootstrap
[11:40]   [ComfyUI] 
[11:40]   [ComfyUI] Thread 0x00001320 (most recent call first):
[11:40]   [ComfyUI]   File "C:\ce\.pixi\envs\depthanythingv3-nodes\Lib\site-packages\huggingface_hub\file_download.py", line 558 in xet_get
[11:40]   [ComfyUI]   File "C:\ce\.pixi\envs\depthanythingv3-nodes\Lib\site-packages\huggingface_hub\file_download.py", line 1842 in _download_to_tmp_and_move
[11:40]   [ComfyUI]   File "C:\ce\.pixi\envs\depthanythingv3-nodes\Lib\site-packages\huggingface_hub\file_download.py", line 1427 in _hf_hub_download_to_local_dir
[11:40]   [ComfyUI]   File "C:\ce\.pixi\envs\depthanythingv3-nodes\Lib\site-packages\huggingface_hub\file_download.py", line 976 in hf_hub_download
[11:40]   [ComfyUI]   File "C:\ce\.pixi\envs\depthanythingv3-nodes\Lib\site-packages\huggingface_hub\utils\_validators.py", line 88 in _inner_fn
[11:40]   [ComfyUI]   File "C:\workspaces\SAM3DBody-0354\portable-comfyui\ComfyUI_windows_portable\ComfyUI\custom_nodes\ComfyUI-DepthAnythingV3\nodes\load_model.py", line 633 in execute
[11:40]   [ComfyUI]   File "C:\workspaces\SAM3DBody-0354\portable-comfyui\ComfyUI_windows_portable\ComfyUI\comfy_api\latest\_io.py", line 1826 in EXECUTE_NORMALIZED
[11:40]   [ComfyUI]   File "C:\Users\ContainerAdministrator\AppData\Local\Temp\comfyui_pvenv_kxie54m0\persistent_worker.py", line 1762 in main
[11:40]   [ComfyUI]   File "C:\Users\ContainerAdministrator\AppData\Local\Temp\comfyui_pvenv_kxie54m0\persistent_worker.py", line 1807 in <module>
[11:40]   [ComfyUI] 
[11:40]   [ComfyUI] [worker:ComfyUI-DepthAnythingV3] === END ===
[11:40]   [ComfyUI] 
[11:41]   Frame 13 saved (frame_012.jpg, t=62.4s)
[11:41]   [capture-periodic] freeze=5ms shot=166ms unfreeze=5ms saved=True
[11:41]   [ComfyUI] 
[11:41]   [ComfyUI] model.safetensors:  67%|██████▋   | 3.62G/5.42G [00:39<00:13, 138MB/s][SubprocessWorker] callback 'report_progress' from call_id=1
[11:42]   [ComfyUI] 
[11:42]   [ComfyUI] model.safetensors:  69%|██████▉   | 3.76G/5.42G [00:39<00:09, 176MB/s][SubprocessWorker] callback 'report_progress' from call_id=1
[11:42]   [ComfyUI] 
[11:42]   [ComfyUI] model.safetensors:  73%|███████▎  | 3.96G/5.42G [00:39<00:05, 250MB/s][SubprocessWorker] callback 'report_progress' from call_id=1
[11:42]   [capture-loop] iter=500 t=63.5s state={'complete': False, 'error': None, 'executedCount': 2, 'wsState': 1} eval_ms=5 ram=11.7/31.9GB (37%) swap=0.2/5.0GB (4%) cpu=25% browser_rss=1.03GB
[11:42]   [ComfyUI] 
[11:42]   [ComfyUI] model.safetensors:  75%|███████▌  | 4.09G/5.42G [00:39<00:04, 292MB/s][SubprocessWorker] callback 'report_progress' from call_id=1
[11:43]   Frame 14 saved (frame_013.jpg, t=64.7s)
[11:43]   [capture-periodic] freeze=4ms shot=170ms unfreeze=11ms saved=True
[11:46]   [ComfyUI] 
[11:46]   [ComfyUI] model.safetensors:  78%|███████▊  | 4.23G/5.42G [00:43<00:11, 103MB/s][SubprocessWorker] callback 'report_progress' from call_id=1
[11:46]   [ComfyUI] 
[11:46]   [ComfyUI] model.safetensors:  79%|███████▉  | 4.29G/5.42G [00:44<00:11, 101MB/s][SubprocessWorker] callback 'report_progress' from call_id=1
[11:47]   [ComfyUI] 
[11:47]   [ComfyUI] model.safetensors:  83%|████████▎ | 4.49G/5.42G [00:44<00:05, 158MB/s][SubprocessWorker] callback 'report_progress' from call_id=1
[11:47]   [ComfyUI] 
[11:47]   [ComfyUI] model.safetensors:  87%|████████▋ | 4.69G/5.42G [00:44<00:03, 224MB/s][SubprocessWorker] callback 'report_progress' from call_id=1
[11:47]   [ComfyUI] 
[11:47]   [ComfyUI] model.safetensors:  89%|████████▉ | 4.83G/5.42G [00:44<00:02, 264MB/s][SubprocessWorker] callback 'report_progress' from call_id=1
[11:47]   [ComfyUI] 
[11:47]   [ComfyUI] model.safetensors:  93%|█████████▎| 5.03G/5.42G [00:45<00:01, 349MB/s][SubprocessWorker] callback 'report_progress' from call_id=1
[11:48]   [ComfyUI] 
[11:48]   [ComfyUI] model.safetensors:  95%|█████████▌| 5.16G/5.42G [00:45<00:00, 382MB/s][SubprocessWorker] callback 'report_progress' from call_id=1
[11:48]   Frame 15 saved (frame_014.jpg, t=69.1s)
[11:48]   [capture-periodic] freeze=4ms shot=155ms unfreeze=10ms saved=True
[11:48]   [ComfyUI] 
[11:48]   [ComfyUI] model.safetensors:  99%|█████████▉| 5.37G/5.42G [00:45<00:00, 469MB/s][SubprocessWorker] callback 'report_progress' from call_id=1
[11:48]   [ComfyUI] [SubprocessWorker] callback 'report_progress' from call_id=1
[11:48]   [ComfyUI] 
[11:48]   [ComfyUI] model.safetensors: 100%|██████████| 5.42G/5.42G [00:45<00:00, 119MB/s]
[11:48]   [ComfyUI] [SubprocessWorker] got response: ok
[11:48]   [ComfyUI] [comfy-env] [VRAM] Before offload 'SAM3DBody_1' (3143 MB) -> cpu: 1042 / 12287 MB
[11:48]   [ComfyUI] [ComfyUI-SAM3DBody] Health check: ping (timeout=5.0s)...
[11:48]   [ComfyUI] [ComfyUI-SAM3DBody] Health check: failed
[11:48]   [ComfyUI] [ComfyUI-SAM3DBody] Socket unhealthy, restarting worker...
[11:48]   [ComfyUI] [ComfyUI-SAM3DBody] python: C:\ce\.pixi\envs\sam3dbody-nodes\python.exe
[11:48]   [ComfyUI] [comfy-env] sam3dbody-nodes: Library/bin has 235 DLLs
[11:48]   [ComfyUI] [ComfyUI-SAM3DBody] sys_path sent to worker: ['C:\\workspaces\\SAM3DBody-0354\\portable-comfyui\\ComfyUI_windows_portable\\ComfyUI', 'C:\\workspaces\\SAM3DBody-0354\\portable-comfyui\\ComfyUI_windows_portable\\ComfyUI\\custom_nodes\\ComfyUI-SAM3DBody', 'C:\\ce\\.pixi\\envs\\sam3dbody-nodes\\Lib\\site-packages', 'C:\\workspaces\\SAM3DBody-0354\\portable-comfyui\\ComfyUI_windows_portable\\ComfyUI\\custom_nodes\\ComfyUI-SAM3DBody']
[11:48]   [ComfyUI] [SubprocessWorker] is_pixi=True, python=C:\ce\.pixi\envs\sam3dbody-nodes\python.exe
[11:48]   [ComfyUI] [SubprocessWorker] launching cmd=['C:\\Users\\ContainerAdministrator\\.pixi\\bin\\pixi.exe', 'run', '--as-is', '--manifest-path', 'C:\\ce\\pixi.toml', '-e', 'sam3dbody-nodes', 'python', 'C:\\Users\\ContainerAdministrator\\AppData\\Local\\Temp\\comfyui_pvenv_jmmp98ue\\persistent_worker.py', 'tcp://127.0.0.1:62243']...
[11:48]   [capture-loop] iter=550 t=69.9s state={'complete': False, 'error': None, 'executedCount': 2, 'wsState': 1} eval_ms=4 ram=10.6/31.9GB (33%) swap=0.2/5.0GB (4%) cpu=19% browser_rss=1.03GB
[11:50]   Frame 16 saved (frame_015.jpg, t=71.4s)
[11:50]   [capture-periodic] freeze=4ms shot=137ms unfreeze=6ms saved=True
[11:51]   [ComfyUI] [worker:ComfyUI-SAM3DBody] ERROR: Failed to import comfy_kitchen, Error: No module named 'comfy_kitchen', fp8 and fp4 support will not be available.
[11:51]   [ComfyUI] [SubprocessWorker] call_id=5 sending model_to_device
[11:51]   [ComfyUI] Model 'SAM3DBody_1' gone from worker (restarted?), treating as offloaded
[11:51]   [ComfyUI] [comfy-env] [VRAM] After offload 'SAM3DBody_1' (3143 MB): 1042 / 12287 MB
[11:51]   [ComfyUI] [comfy-env] DownloadAndLoadDepthAnythingV3Model done (72.02s): result: NodeOutput
[11:51]   [ComfyUI] [VRAM] After DownloadAndLoadDepthAnythingV3Model: 1042 / 12287 MB
[11:51]   [ComfyUI] [comfy-env] Running DepthAnything_V3: normalization_mode: 'Raw', resize_method: 'resize', invert_depth: False, keep_model_size: False, da3_model: dict, images: torch.float32 [1,497,1200,3] cpu
[11:51]   [ComfyUI] [VRAM] Before DepthAnything_V3: 1042 / 12287 MB
[11:51]   [ComfyUI] [SubprocessWorker] call_method: nodes.nodes_inference.DepthAnything_V3.EXECUTE_NORMALIZED
[11:51]   [ComfyUI] [SubprocessWorker] acquired lock, ensuring started...
[11:51]   [ComfyUI] [ComfyUI-DepthAnythingV3] Health check: ping (timeout=5.0s)...
[11:51]   [ComfyUI] [ComfyUI-DepthAnythingV3] Health check: ok
[11:51]   [ComfyUI] [SubprocessWorker] worker started/confirmed
[11:51]   [ComfyUI] [comfy-env] PRE-SERIALIZE 'images' shape: torch.Size([1, 497, 1200, 3])
[11:51]   [ComfyUI] [SubprocessWorker] serializing kwargs to shm...
[11:51]   [ComfyUI] [SubprocessWorker] created 0 shm blocks
[11:51]   [ComfyUI] [SubprocessWorker] sending request via socket...
[11:51]   [ComfyUI] [SubprocessWorker] call_id=2 sending call_method
[11:51]   [ComfyUI] [worker:ComfyUI-DepthAnythingV3] [comfy-env] _from_shm got dict with keys: ['__type__', 'strategy', 'manager_path', 'storage_key', 'storage_size']
[11:51]   [ComfyUI] [worker:ComfyUI-DepthAnythingV3] [comfy-env] DESERIALIZE TensorRef: tensor_size=[1, 497, 1200, 3]
[11:51]   [ComfyUI] [worker:ComfyUI-DepthAnythingV3] [comfy-env] DESERIALIZED tensor shape: torch.Size([1, 497, 1200, 3])
[11:52]   [ComfyUI] [worker:ComfyUI-DepthAnythingV3] WARNING: No comfy kitchen, using old apply_rope functions.
[11:52]   Frame 17 saved (frame_016.jpg, t=73.6s)
[11:52]   [capture-periodic] freeze=4ms shot=139ms unfreeze=6ms saved=True
[11:54]   [capture-loop] iter=600 t=75.9s state={'complete': False, 'error': None, 'executedCount': 2, 'wsState': 1} eval_ms=4 ram=10.9/31.9GB (34%) swap=0.2/5.0GB (4%) cpu=9% browser_rss=1.03GB
[12:00]   [capture-loop] iter=650 t=81.9s state={'complete': False, 'error': None, 'executedCount': 2, 'wsState': 1} eval_ms=7 ram=17.0/31.9GB (53%) swap=0.2/5.0GB (4%) cpu=14% browser_rss=1.03GB
[12:01]   [ComfyUI] [SubprocessWorker] callback 'request_vram_budget' from call_id=2
[12:01]   [ComfyUI] [comfy-env] VRAM request: 2.71GB, free before eviction: 11.79GB
[12:01]   [ComfyUI] [comfy-env] VRAM after eviction: 11.79GB
[12:02]   [ComfyUI] [worker:ComfyUI-DepthAnythingV3] [VRAM] +336MB (now 336MB) reserved=352MB peak=336MB
[12:03]   [ComfyUI] [worker:ComfyUI-DepthAnythingV3] [VRAM] +2189MB (now 2525MB) reserved=2528MB peak=2525MB
[12:04]   [ComfyUI] [worker:ComfyUI-DepthAnythingV3] [VRAM] +273MB (now 2798MB) reserved=2912MB peak=2798MB
[12:05]   [ComfyUI] [SubprocessWorker] callback 'report_progress' from call_id=2
[12:06]   Frame 18 saved (frame_017.jpg, t=87.0s)
[12:06]   [capture-periodic] freeze=12ms shot=167ms unfreeze=5ms saved=True
[12:06]   [capture-loop] iter=700 t=88.1s state={'complete': False, 'error': None, 'executedCount': 2, 'wsState': 1} eval_ms=5 ram=11.8/31.9GB (37%) swap=0.6/5.0GB (12%) cpu=15% browser_rss=1.03GB
[12:09]   [ComfyUI] [SubprocessWorker] got response: ok
[12:09]   [ComfyUI] [comfy-env] Created 1 model patchers: ['DepthAnything3Net_1']
[12:09]   [ComfyUI] [comfy-env] DepthAnything_V3 done (17.63s): result: NodeOutput
[12:09]   [ComfyUI] [VRAM] After DepthAnything_V3: 1042 / 12287 MB
[12:09]   [ComfyUI] [VRAM] Loaded: SubprocessModel (2585 MB)
[12:09]   [ComfyUI] [comfy-env] Running LoadSAM3DBodyModel: precision: 'auto'
[12:09]   [ComfyUI] [VRAM] Before LoadSAM3DBodyModel: 1042 / 12287 MB
[12:09]   [ComfyUI] [VRAM] Loaded: SubprocessModel (2585 MB)
[12:09]   [ComfyUI] [SubprocessWorker] call_method: nodes.load_model.LoadSAM3DBodyModel.EXECUTE_NORMALIZED
[12:09]   [ComfyUI] [SubprocessWorker] acquired lock, ensuring started...
[12:09]   [ComfyUI] [ComfyUI-SAM3DBody] Health check: ping (timeout=5.0s)...
[12:09]   [ComfyUI] [ComfyUI-SAM3DBody] Health check: ok
[12:09]   [ComfyUI] [SubprocessWorker] worker started/confirmed
[12:09]   [ComfyUI] [SubprocessWorker] serializing kwargs to shm...
[12:09]   [ComfyUI] [SubprocessWorker] created 0 shm blocks
[12:09]   [ComfyUI] [SubprocessWorker] sending request via socket...
[12:09]   [ComfyUI] [SubprocessWorker] call_id=6 sending call_method
[12:09]   Node executed (4 total), capturing...
[12:09]   [ComfyUI] [SubprocessWorker] got response: ok
[12:09]   [ComfyUI] [comfy-env] LoadSAM3DBodyModel done (0.40s): result: NodeOutput
[12:09]   [ComfyUI] [VRAM] After LoadSAM3DBodyModel: 1042 / 12287 MB
[12:09]   [ComfyUI] [VRAM] Loaded: SubprocessModel (2585 MB)
[12:09]   [ComfyUI] [comfy-env] Running SAM3DBodyProcessMultiple: inference_type: 'full', adjust_position_from_depth: True, model: dict, image: torch.float32 [1,497,1200,3] cpu, masks: torch.float32 [11,497,1200] cpu, depth_map: torch.float32 [1,496,1200,3] cpu, intrinsics: torch.float32 [1,4,4] cpu, depth_confidence: torch.float32 [1,496,1200,3] cpu
[12:09]   [ComfyUI] [VRAM] Before SAM3DBodyProcessMultiple: 1042 / 12287 MB
[12:09]   [ComfyUI] [VRAM] Loaded: SubprocessModel (2585 MB)
[12:09]   [ComfyUI] [SubprocessWorker] call_method: nodes.process_multiple.SAM3DBodyProcessMultiple.EXECUTE_NORMALIZED
[12:09]   [ComfyUI] [SubprocessWorker] acquired lock, ensuring started...
[12:09]   Frame 19 saved (frame_018.jpg, t=90.7s)
[12:09]   [ComfyUI] [ComfyUI-SAM3DBody] Health check: ping (timeout=5.0s)...
[12:09]   [capture-node] freeze=4ms shot=142ms unfreeze=4ms saved=True
[12:09]   [ComfyUI] [ComfyUI-SAM3DBody] Health check: ok
[12:09]   [ComfyUI] [SubprocessWorker] worker started/confirmed
[12:09]   [ComfyUI] [comfy-env] PRE-SERIALIZE 'image' shape: torch.Size([1, 497, 1200, 3])
[12:09]   [ComfyUI] [comfy-env] PRE-SERIALIZE 'masks' shape: torch.Size([11, 497, 1200])
[12:09]   [ComfyUI] [comfy-env] PRE-SERIALIZE 'depth_map' shape: torch.Size([1, 496, 1200, 3])
[12:09]   [ComfyUI] [comfy-env] PRE-SERIALIZE 'intrinsics' shape: torch.Size([1, 4, 4])
[12:09]   [ComfyUI] [comfy-env] PRE-SERIALIZE 'depth_confidence' shape: torch.Size([1, 496, 1200, 3])
[12:09]   [ComfyUI] [SubprocessWorker] serializing kwargs to shm...
[12:09]   [ComfyUI] [SubprocessWorker] created 0 shm blocks
[12:09]   [ComfyUI] [SubprocessWorker] sending request via socket...
[12:09]   [ComfyUI] [SubprocessWorker] call_id=7 sending call_method
[12:09]   [ComfyUI] [worker:ComfyUI-SAM3DBody] [comfy-env] _from_shm got dict with keys: ['__type__', 'strategy', 'manager_path', 'storage_key', 'storage_size']
[12:09]   [ComfyUI] [worker:ComfyUI-SAM3DBody] [comfy-env] DESERIALIZE TensorRef: tensor_size=[1, 497, 1200, 3]
[12:09]   [ComfyUI] [worker:ComfyUI-SAM3DBody] [comfy-env] DESERIALIZED tensor shape: torch.Size([1, 497, 1200, 3])
[12:09]   [ComfyUI] [worker:ComfyUI-SAM3DBody] [comfy-env] _from_shm got dict with keys: ['__type__', 'strategy', 'manager_path', 'storage_key', 'storage_size']
[12:09]   [ComfyUI] [worker:ComfyUI-SAM3DBody] [comfy-env] DESERIALIZE TensorRef: tensor_size=[11, 497, 1200]
[12:09]   [ComfyUI] [worker:ComfyUI-SAM3DBody] [comfy-env] DESERIALIZED tensor shape: torch.Size([11, 497, 1200])
[12:09]   [ComfyUI] [worker:ComfyUI-SAM3DBody] [comfy-env] _from_shm got dict with keys: ['__type__', 'strategy', 'manager_path', 'storage_key', 'storage_size']
[12:09]   [ComfyUI] [worker:ComfyUI-SAM3DBody] [comfy-env] DESERIALIZE TensorRef: tensor_size=[1, 496, 1200, 3]
[12:09]   [ComfyUI] [worker:ComfyUI-SAM3DBody] [comfy-env] DESERIALIZED tensor shape: torch.Size([1, 496, 1200, 3])
[12:09]   [ComfyUI] [worker:ComfyUI-SAM3DBody] [comfy-env] _from_shm got dict with keys: ['__type__', 'strategy', 'manager_path', 'storage_key', 'storage_size']
[12:09]   [ComfyUI] [worker:ComfyUI-SAM3DBody] [comfy-env] DESERIALIZE TensorRef: tensor_size=[1, 4, 4]
[12:09]   [ComfyUI] [worker:ComfyUI-SAM3DBody] [comfy-env] DESERIALIZED tensor shape: torch.Size([1, 4, 4])
[12:09]   [ComfyUI] [worker:ComfyUI-SAM3DBody] [comfy-env] _from_shm got dict with keys: ['__type__', 'strategy', 'manager_path', 'storage_key', 'storage_size']
[12:09]   [ComfyUI] [worker:ComfyUI-SAM3DBody] [comfy-env] DESERIALIZE TensorRef: tensor_size=[1, 496, 1200, 3]
[12:09]   [ComfyUI] [worker:ComfyUI-SAM3DBody] [comfy-env] DESERIALIZED tensor shape: torch.Size([1, 496, 1200, 3])
[12:11]   [ComfyUI] C:\workspaces\SAM3DBody-0354\portable-comfyui\ComfyUI_windows_portable\ComfyUI\custom_nodes\ComfyUI-SAM3DBody\nodes\sam_3d_body\heads.py:40: UserWarning: Momentum is not enabled
[12:11]   [ComfyUI]   warnings.warn("Momentum is not enabled")
[12:11]   Frame 20 saved (frame_019.jpg, t=93.0s)
[12:11]   [capture-periodic] freeze=4ms shot=139ms unfreeze=5ms saved=True
[12:11]   [ComfyUI] [worker:ComfyUI-SAM3DBody] WARNING: No comfy kitchen, using old apply_rope functions.
[12:13]   [capture-loop] iter=750 t=94.4s state={'complete': False, 'error': None, 'executedCount': 4, 'wsState': 1} eval_ms=5 ram=12.6/31.9GB (39%) swap=0.6/5.0GB (12%) cpu=11% browser_rss=1.03GB
[12:14]   [ComfyUI] [SubprocessWorker] callback 'request_vram_budget' from call_id=7
[12:14]   [ComfyUI] [comfy-env] VRAM request: 3.30GB, free before eviction: 11.79GB
[12:14]   [ComfyUI] [comfy-env] VRAM after eviction: 11.79GB
[12:14]   [ComfyUI] [worker:ComfyUI-SAM3DBody] [VRAM] +633MB (now 633MB) reserved=640MB peak=633MB
[12:15]   [ComfyUI] [worker:ComfyUI-SAM3DBody] [VRAM] +1721MB (now 2354MB) reserved=2368MB peak=2354MB
[12:16]   [ComfyUI] [SubprocessWorker] callback 'report_progress' from call_id=7
[12:16]   [ComfyUI] [SubprocessWorker] callback 'report_progress' from call_id=7
[12:16]   [ComfyUI] [worker:ComfyUI-SAM3DBody] [VRAM] +788MB (now 3143MB) reserved=3168MB peak=3143MB
[12:18]   Frame 21 saved (frame_020.jpg, t=99.7s)
[12:18]   [capture-periodic] freeze=4ms shot=156ms unfreeze=7ms saved=True
[12:19]   [capture-loop] iter=800 t=100.7s state={'complete': False, 'error': None, 'executedCount': 4, 'wsState': 1} eval_ms=4 ram=12.3/31.9GB (38%) swap=0.6/5.0GB (12%) cpu=18% browser_rss=1.03GB
[12:20]   [ComfyUI] [worker:ComfyUI-SAM3DBody] [VRAM] +238MB (now 3381MB) reserved=3968MB peak=3760MB
[12:23]   [ComfyUI] [worker:ComfyUI-SAM3DBody] [VRAM] +283MB (now 3664MB) reserved=4160MB peak=3767MB
[12:24]   [ComfyUI] [worker:ComfyUI-SAM3DBody] [VRAM] -250MB (now 3415MB) reserved=4160MB peak=3830MB
[12:25]   [capture-loop] iter=850 t=106.8s state={'complete': False, 'error': None, 'executedCount': 4, 'wsState': 1} eval_ms=4 ram=12.2/31.9GB (38%) swap=0.6/5.0GB (12%) cpu=12% browser_rss=1.03GB
[12:25]   [ComfyUI] [SubprocessWorker] callback 'report_progress' from call_id=7
[12:25]   [ComfyUI] [SubprocessWorker] callback 'report_progress' from call_id=7
[12:25]   [ComfyUI] [SubprocessWorker] callback 'report_progress' from call_id=7
[12:25]   [ComfyUI] [worker:ComfyUI-SAM3DBody] [VRAM] -264MB (now 3152MB) reserved=4160MB peak=3830MB
[12:25]   [ComfyUI] [SubprocessWorker] callback 'report_progress' from call_id=7
[12:25]   [ComfyUI] [SubprocessWorker] callback 'report_progress' from call_id=7
[12:25]   [ComfyUI] [SubprocessWorker] callback 'report_progress' from call_id=7
[12:26]   [ComfyUI] [SubprocessWorker] got response: ok
[12:26]   [ComfyUI] [comfy-env] Created 1 model patchers: ['SAM3DBody_1']
[12:26]   [ComfyUI] [comfy-env] SAM3DBodyProcessMultiple done (16.40s): result: NodeOutput
[12:26]   [ComfyUI] [VRAM] After SAM3DBodyProcessMultiple: 5115 / 12287 MB
[12:26]   [ComfyUI] [VRAM] Loaded: SubprocessModel (3143 MB), SubprocessModel (2585 MB)
[12:26]   [ComfyUI] [comfy-env] Running SAM3DBodyExportMultipleFBX: output_filename: 'sam3d_multi_rigged.fbx', combine: True, multi_mesh_data: dict
[12:26]   [ComfyUI] [VRAM] Before SAM3DBodyExportMultipleFBX: 5115 / 12287 MB
[12:26]   [ComfyUI] [VRAM] Loaded: SubprocessModel (3143 MB), SubprocessModel (2585 MB)
[12:26]   [ComfyUI] [SubprocessWorker] call_method: nodes.export.SAM3DBodyExportMultipleFBX.EXECUTE_NORMALIZED
[12:26]   [ComfyUI] [SubprocessWorker] acquired lock, ensuring started...
[12:26]   [ComfyUI] [ComfyUI-SAM3DBody] Health check: ping (timeout=5.0s)...
[12:26]   [ComfyUI] [ComfyUI-SAM3DBody] Health check: ok
[12:26]   [ComfyUI] [SubprocessWorker] worker started/confirmed
[12:26]   [ComfyUI] [SubprocessWorker] serializing kwargs to shm...
[12:26]   [ComfyUI] [SubprocessWorker] created 0 shm blocks
[12:26]   [ComfyUI] [SubprocessWorker] sending request via socket...
[12:26]   [ComfyUI] [SubprocessWorker] call_id=8 sending call_method
[12:26]   [ComfyUI] [worker:ComfyUI-SAM3DBody] [comfy-env] _from_shm got dict with keys: ['__type__', 'strategy', 'manager_path', 'storage_key', 'storage_size']
[12:26]   [ComfyUI] [worker:ComfyUI-SAM3DBody] [comfy-env] DESERIALIZE TensorRef: tensor_size=[4]
[12:26]   [ComfyUI] [worker:ComfyUI-SAM3DBody] [comfy-env] DESERIALIZED tensor shape: torch.Size([4])
[12:26]   [ComfyUI] [worker:ComfyUI-SAM3DBody] [comfy-env] _from_shm got dict with keys: ['__type__', 'strategy', 'manager_path', 'storage_key', 'storage_size']
[12:26]   [ComfyUI] [worker:ComfyUI-SAM3DBody] [comfy-env] DESERIALIZE TensorRef: tensor_size=[70, 3]
[12:26]   [ComfyUI] [worker:ComfyUI-SAM3DBody] [comfy-env] DESERIALIZED tensor shape: torch.Size([70, 3])
[12:26]   [ComfyUI] [worker:ComfyUI-SAM3DBody] [comfy-env] _from_shm got dict with keys: ['__type__', 'strategy', 'manager_path', 'storage_key', 'storage_size']
[12:26]   [ComfyUI] [worker:ComfyUI-SAM3DBody] [comfy-env] DESERIALIZE TensorRef: tensor_size=[70, 2]
[12:26]   [ComfyUI] [worker:ComfyUI-SAM3DBody] [comfy-env] DESERIALIZED tensor shape: torch.Size([70, 2])
[12:26]   [ComfyUI] [worker:ComfyUI-SAM3DBody] [comfy-env] _from_shm got dict with keys: ['__type__', 'strategy', 'manager_path', 'storage_key', 'storage_size']
[12:26]   [ComfyUI] [worker:ComfyUI-SAM3DBody] [comfy-env] DESERIALIZE TensorRef: tensor_size=[18439, 3]
[12:26]   [ComfyUI] [worker:ComfyUI-SAM3DBody] [comfy-env] DESERIALIZED tensor shape: torch.Size([18439, 3])
[12:26]   [ComfyUI] [worker:ComfyUI-SAM3DBody] [comfy-env] _from_shm got dict with keys: ['__type__', 'strategy', 'manager_path', 'storage_key', 'storage_size']
[12:26]   [ComfyUI] [worker:ComfyUI-SAM3DBody] [comfy-env] DESERIALIZE TensorRef: tensor_size=[3]
[12:26]   [ComfyUI] [worker:ComfyUI-SAM3DBody] [comfy-env] DESERIALIZED tensor shape: torch.Size([3])
[12:26]   [ComfyUI] [worker:ComfyUI-SAM3DBody] [comfy-env] _from_shm got dict with keys: ['__type__', 'strategy', 'manager_path', 'storage_key', 'storage_size']
[12:26]   [ComfyUI] [worker:ComfyUI-SAM3DBody] [comfy-env] DESERIALIZE TensorRef: tensor_size=[266]
[12:26]   [ComfyUI] [worker:ComfyUI-SAM3DBody] [comfy-env] DESERIALIZED tensor shape: torch.Size([266])
[12:26]   [ComfyUI] [worker:ComfyUI-SAM3DBody] [comfy-env] _from_shm got dict with keys: ['__type__', 'strategy', 'manager_path', 'storage_key', 'storage_size']
[12:26]   [ComfyUI] [worker:ComfyUI-SAM3DBody] [comfy-env] DESERIALIZE TensorRef: tensor_size=[3]
[12:26]   [ComfyUI] [worker:ComfyUI-SAM3DBody] [comfy-env] DESERIALIZED tensor shape: torch.Size([3])
[12:26]   [ComfyUI] [worker:ComfyUI-SAM3DBody] [comfy-env] _from_shm got dict with keys: ['__type__', 'strategy', 'manager_path', 'storage_key', 'storage_size']
[12:26]   [ComfyUI] [worker:ComfyUI-SAM3DBody] [comfy-env] DESERIALIZE TensorRef: tensor_size=[133]
[12:26]   [ComfyUI] [worker:ComfyUI-SAM3DBody] [comfy-env] DESERIALIZED tensor shape: torch.Size([133])
[12:26]   [ComfyUI] [worker:ComfyUI-SAM3DBody] [comfy-env] _from_shm got dict with keys: ['__type__', 'strategy', 'manager_path', 'storage_key', 'storage_size']
[12:26]   [ComfyUI] [worker:ComfyUI-SAM3DBody] [comfy-env] DESERIALIZE TensorRef: tensor_size=[108]
[12:26]   [ComfyUI] [worker:ComfyUI-SAM3DBody] [comfy-env] DESERIALIZED tensor shape: torch.Size([108])
[12:26]   [ComfyUI] [worker:ComfyUI-SAM3DBody] [comfy-env] _from_shm got dict with keys: ['__type__', 'strategy', 'manager_path', 'storage_key', 'storage_size']
[12:26]   [ComfyUI] [worker:ComfyUI-SAM3DBody] [comfy-env] DESERIALIZE TensorRef: tensor_size=[28]
[12:26]   [ComfyUI] [worker:ComfyUI-SAM3DBody] [comfy-env] DESERIALIZED tensor shape: torch.Size([28])
[12:26]   [ComfyUI] [worker:ComfyUI-SAM3DBody] [comfy-env] _from_shm got dict with keys: ['__type__', 'strategy', 'manager_path', 'storage_key', 'storage_size']
[12:26]   [ComfyUI] [worker:ComfyUI-SAM3DBody] [comfy-env] DESERIALIZE TensorRef: tensor_size=[45]
[12:26]   [ComfyUI] [worker:ComfyUI-SAM3DBody] [comfy-env] DESERIALIZED tensor shape: torch.Size([45])
[12:26]   [ComfyUI] [worker:ComfyUI-SAM3DBody] [comfy-env] _from_shm got dict with keys: ['__type__', 'strategy', 'manager_path', 'storage_key', 'storage_size']
[12:26]   [ComfyUI] [worker:ComfyUI-SAM3DBody] [comfy-env] DESERIALIZE TensorRef: tensor_size=[72]
[12:26]   [ComfyUI] [worker:ComfyUI-SAM3DBody] [comfy-env] DESERIALIZED tensor shape: torch.Size([72])
[12:26]   [ComfyUI] [worker:ComfyUI-SAM3DBody] [comfy-env] _from_shm got dict with keys: ['__type__', 'strategy', 'manager_path', 'storage_key', 'storage_size']
[12:26]   [ComfyUI] [worker:ComfyUI-SAM3DBody] [comfy-env] DESERIALIZE TensorRef: tensor_size=[497, 1200, 1]
[12:26]   [ComfyUI] [worker:ComfyUI-SAM3DBody] [comfy-env] DESERIALIZED tensor shape: torch.Size([497, 1200, 1])
[12:26]   [ComfyUI] [worker:ComfyUI-SAM3DBody] [comfy-env] _from_shm got dict with keys: ['__type__', 'strategy', 'manager_path', 'storage_key', 'storage_size']
[12:26]   [ComfyUI] [worker:ComfyUI-SAM3DBody] [comfy-env] DESERIALIZE TensorRef: tensor_size=[127, 3]
[12:26]   [ComfyUI] [worker:ComfyUI-SAM3DBody] [comfy-env] DESERIALIZED tensor shape: torch.Size([127, 3])
[12:26]   [ComfyUI] [worker:ComfyUI-SAM3DBody] [comfy-env] _from_shm got dict with keys: ['__type__', 'strategy', 'manager_path', 'storage_key', 'storage_size']
[12:26]   [ComfyUI] [worker:ComfyUI-SAM3DBody] [comfy-env] DESERIALIZE TensorRef: tensor_size=[127, 3, 3]
[12:26]   [ComfyUI] [worker:ComfyUI-SAM3DBody] [comfy-env] DESERIALIZED tensor shape: torch.Size([127, 3, 3])
[12:26]   [ComfyUI] [worker:ComfyUI-SAM3DBody] [comfy-env] _from_shm got dict with keys: ['__type__', 'strategy', 'manager_path', 'storage_key', 'storage_size']
[12:26]   [ComfyUI] [worker:ComfyUI-SAM3DBody] [comfy-env] DESERIALIZE TensorRef: tensor_size=[4]
[12:26]   [ComfyUI] [worker:ComfyUI-SAM3DBody] [comfy-env] DESERIALIZED tensor shape: torch.Size([4])
[12:26]   [ComfyUI] [worker:ComfyUI-SAM3DBody] [comfy-env] _from_shm got dict with keys: ['__type__', 'strategy', 'manager_path', 'storage_key', 'storage_size']
[12:26]   [ComfyUI] [worker:ComfyUI-SAM3DBody] [comfy-env] DESERIALIZE TensorRef: tensor_size=[4]
[12:26]   [ComfyUI] [worker:ComfyUI-SAM3DBody] [comfy-env] DESERIALIZED tensor shape: torch.Size([4])
[12:26]   [ComfyUI] [worker:ComfyUI-SAM3DBody] [comfy-env] _from_shm got dict with keys: ['__type__', 'strategy', 'manager_path', 'storage_key', 'storage_size']
[12:26]   [ComfyUI] [worker:ComfyUI-SAM3DBody] [comfy-env] DESERIALIZE TensorRef: tensor_size=[4]
[12:26]   [ComfyUI] [worker:ComfyUI-SAM3DBody] [comfy-env] DESERIALIZED tensor shape: torch.Size([4])
[12:26]   [ComfyUI] [worker:ComfyUI-SAM3DBody] [comfy-env] _from_shm got dict with keys: ['__type__', 'strategy', 'manager_path', 'storage_key', 'storage_size']
[12:26]   [ComfyUI] [worker:ComfyUI-SAM3DBody] [comfy-env] DESERIALIZE TensorRef: tensor_size=[70, 3]
[12:26]   [ComfyUI] [worker:ComfyUI-SAM3DBody] [comfy-env] DESERIALIZED tensor shape: torch.Size([70, 3])
[12:26]   [ComfyUI] [worker:ComfyUI-SAM3DBody] [comfy-env] _from_shm got dict with keys: ['__type__', 'strategy', 'manager_path', 'storage_key', 'storage_size']
[12:26]   [ComfyUI] [worker:ComfyUI-SAM3DBody] [comfy-env] DESERIALIZE TensorRef: tensor_size=[70, 2]
[12:26]   [ComfyUI] [worker:ComfyUI-SAM3DBody] [comfy-env] DESERIALIZED tensor shape: torch.Size([70, 2])
[12:26]   [ComfyUI] [worker:ComfyUI-SAM3DBody] [comfy-env] _from_shm got dict with keys: ['__type__', 'strategy', 'manager_path', 'storage_key', 'storage_size']
[12:26]   [ComfyUI] [worker:ComfyUI-SAM3DBody] [comfy-env] DESERIALIZE TensorRef: tensor_size=[18439, 3]
[12:26]   [ComfyUI] [worker:ComfyUI-SAM3DBody] [comfy-env] DESERIALIZED tensor shape: torch.Size([18439, 3])
[12:26]   [ComfyUI] [worker:ComfyUI-SAM3DBody] [comfy-env] _from_shm got dict with keys: ['__type__', 'strategy', 'manager_path', 'storage_key', 'storage_size']
[12:26]   [ComfyUI] [worker:ComfyUI-SAM3DBody] [comfy-env] DESERIALIZE TensorRef: tensor_size=[3]
[12:26]   [ComfyUI] [worker:ComfyUI-SAM3DBody] [comfy-env] DESERIALIZED tensor shape: torch.Size([3])
[12:26]   [ComfyUI] [worker:ComfyUI-SAM3DBody] [comfy-env] _from_shm got dict with keys: ['__type__', 'strategy', 'manager_path', 'storage_key', 'storage_size']
[12:26]   [ComfyUI] [worker:ComfyUI-SAM3DBody] [comfy-env] DESERIALIZE TensorRef: tensor_size=[266]
[12:26]   [ComfyUI] [worker:ComfyUI-SAM3DBody] [comfy-env] DESERIALIZED tensor shape: torch.Size([266])
[12:26]   [ComfyUI] [worker:ComfyUI-SAM3DBody] [comfy-env] _from_shm got dict with keys: ['__type__', 'strategy', 'manager_path', 'storage_key', 'storage_size']
[12:26]   [ComfyUI] [worker:ComfyUI-SAM3DBody] [comfy-env] DESERIALIZE TensorRef: tensor_size=[3]
[12:26]   [ComfyUI] [worker:ComfyUI-SAM3DBody] [comfy-env] DESERIALIZED tensor shape: torch.Size([3])
[12:26]   [ComfyUI] [worker:ComfyUI-SAM3DBody] [comfy-env] _from_shm got dict with keys: ['__type__', 'strategy', 'manager_path', 'storage_key', 'storage_size']
[12:26]   [ComfyUI] [worker:ComfyUI-SAM3DBody] [comfy-env] DESERIALIZE TensorRef: tensor_size=[133]
[12:26]   [ComfyUI] [worker:ComfyUI-SAM3DBody] [comfy-env] DESERIALIZED tensor shape: torch.Size([133])
[12:26]   [ComfyUI] [worker:ComfyUI-SAM3DBody] [comfy-env] _from_shm got dict with keys: ['__type__', 'strategy', 'manager_path', 'storage_key', 'storage_size']
[12:26]   [ComfyUI] [worker:ComfyUI-SAM3DBody] [comfy-env] DESERIALIZE TensorRef: tensor_size=[108]
[12:26]   [ComfyUI] [worker:ComfyUI-SAM3DBody] [comfy-env] DESERIALIZED tensor shape: torch.Size([108])
[12:26]   [ComfyUI] [worker:ComfyUI-SAM3DBody] [comfy-env] _from_shm got dict with keys: ['__type__', 'strategy', 'manager_path', 'storage_key', 'storage_size']
[12:26]   [ComfyUI] [worker:ComfyUI-SAM3DBody] [comfy-env] DESERIALIZE TensorRef: tensor_size=[28]
[12:26]   [ComfyUI] [worker:ComfyUI-SAM3DBody] [comfy-env] DESERIALIZED tensor shape: torch.Size([28])
[12:26]   [ComfyUI] [worker:ComfyUI-SAM3DBody] [comfy-env] _from_shm got dict with keys: ['__type__', 'strategy', 'manager_path', 'storage_key', 'storage_size']
[12:26]   [ComfyUI] [worker:ComfyUI-SAM3DBody] [comfy-env] DESERIALIZE TensorRef: tensor_size=[45]
[12:26]   [ComfyUI] [worker:ComfyUI-SAM3DBody] [comfy-env] DESERIALIZED tensor shape: torch.Size([45])
[12:26]   [ComfyUI] [worker:ComfyUI-SAM3DBody] [comfy-env] _from_shm got dict with keys: ['__type__', 'strategy', 'manager_path', 'storage_key', 'storage_size']
[12:26]   [ComfyUI] [worker:ComfyUI-SAM3DBody] [comfy-env] DESERIALIZE TensorRef: tensor_size=[72]
[12:26]   [ComfyUI] [worker:ComfyUI-SAM3DBody] [comfy-env] DESERIALIZED tensor shape: torch.Size([72])
[12:26]   [ComfyUI] [worker:ComfyUI-SAM3DBody] [comfy-env] _from_shm got dict with keys: ['__type__', 'strategy', 'manager_path', 'storage_key', 'storage_size']
[12:26]   [ComfyUI] [worker:ComfyUI-SAM3DBody] [comfy-env] DESERIALIZE TensorRef: tensor_size=[497, 1200, 1]
[12:26]   [ComfyUI] [worker:ComfyUI-SAM3DBody] [comfy-env] DESERIALIZED tensor shape: torch.Size([497, 1200, 1])
[12:26]   [ComfyUI] [worker:ComfyUI-SAM3DBody] [comfy-env] _from_shm got dict with keys: ['__type__', 'strategy', 'manager_path', 'storage_key', 'storage_size']
[12:26]   [ComfyUI] [worker:ComfyUI-SAM3DBody] [comfy-env] DESERIALIZE TensorRef: tensor_size=[127, 3]
[12:26]   [ComfyUI] [worker:ComfyUI-SAM3DBody] [comfy-env] DESERIALIZED tensor shape: torch.Size([127, 3])
[12:26]   [ComfyUI] [worker:ComfyUI-SAM3DBody] [comfy-env] _from_shm got dict with keys: ['__type__', 'strategy', 'manager_path', 'storage_key', 'storage_size']
[12:26]   [ComfyUI] [worker:ComfyUI-SAM3DBody] [comfy-env] DESERIALIZE TensorRef: tensor_size=[127, 3, 3]
[12:26]   [ComfyUI] [worker:ComfyUI-SAM3DBody] [comfy-env] DESERIALIZED tensor shape: torch.Size([127, 3, 3])
[12:26]   [ComfyUI] [worker:ComfyUI-SAM3DBody] [comfy-env] _from_shm got dict with keys: ['__type__', 'strategy', 'manager_path', 'storage_key', 'storage_size']
[12:26]   [ComfyUI] [worker:ComfyUI-SAM3DBody] [comfy-env] DESERIALIZE TensorRef: tensor_size=[4]
[12:26]   [ComfyUI] [worker:ComfyUI-SAM3DBody] [comfy-env] DESERIALIZED tensor shape: torch.Size([4])
[12:26]   [ComfyUI] [worker:ComfyUI-SAM3DBody] [comfy-env] _from_shm got dict with keys: ['__type__', 'strategy', 'manager_path', 'storage_key', 'storage_size']
[12:26]   [ComfyUI] [worker:ComfyUI-SAM3DBody] [comfy-env] DESERIALIZE TensorRef: tensor_size=[4]
[12:26]   [ComfyUI] [worker:ComfyUI-SAM3DBody] [comfy-env] DESERIALIZED tensor shape: torch.Size([4])
[12:26]   [ComfyUI] [worker:ComfyUI-SAM3DBody] [comfy-env] _from_shm got dict with keys: ['__type__', 'strategy', 'manager_path', 'storage_key', 'storage_size']
[12:26]   [ComfyUI] [worker:ComfyUI-SAM3DBody] [comfy-env] DESERIALIZE TensorRef: tensor_size=[4]
[12:26]   [ComfyUI] [worker:ComfyUI-SAM3DBody] [comfy-env] DESERIALIZED tensor shape: torch.Size([4])
[12:26]   [ComfyUI] [worker:ComfyUI-SAM3DBody] [comfy-env] _from_shm got dict with keys: ['__type__', 'strategy', 'manager_path', 'storage_key', 'storage_size']
[12:26]   [ComfyUI] [worker:ComfyUI-SAM3DBody] [comfy-env] DESERIALIZE TensorRef: tensor_size=[70, 3]
[12:26]   [ComfyUI] [worker:ComfyUI-SAM3DBody] [comfy-env] DESERIALIZED tensor shape: torch.Size([70, 3])
[12:26]   [ComfyUI] [worker:ComfyUI-SAM3DBody] [comfy-env] _from_shm got dict with keys: ['__type__', 'strategy', 'manager_path', 'storage_key', 'storage_size']
[12:26]   [ComfyUI] [worker:ComfyUI-SAM3DBody] [comfy-env] DESERIALIZE TensorRef: tensor_size=[70, 2]
[12:26]   [ComfyUI] [worker:ComfyUI-SAM3DBody] [comfy-env] DESERIALIZED tensor shape: torch.Size([70, 2])
[12:26]   [ComfyUI] [worker:ComfyUI-SAM3DBody] [comfy-env] _from_shm got dict with keys: ['__type__', 'strategy', 'manager_path', 'storage_key', 'storage_size']
[12:26]   [ComfyUI] [worker:ComfyUI-SAM3DBody] [comfy-env] DESERIALIZE TensorRef: tensor_size=[18439, 3]
[12:26]   [ComfyUI] [worker:ComfyUI-SAM3DBody] [comfy-env] DESERIALIZED tensor shape: torch.Size([18439, 3])
[12:26]   [ComfyUI] [worker:ComfyUI-SAM3DBody] [comfy-env] _from_shm got dict with keys: ['__type__', 'strategy', 'manager_path', 'storage_key', 'storage_size']
[12:26]   [ComfyUI] [worker:ComfyUI-SAM3DBody] [comfy-env] DESERIALIZE TensorRef: tensor_size=[3]
[12:26]   [ComfyUI] [worker:ComfyUI-SAM3DBody] [comfy-env] DESERIALIZED tensor shape: torch.Size([3])
[12:26]   [ComfyUI] [worker:ComfyUI-SAM3DBody] [comfy-env] _from_shm got dict with keys: ['__type__', 'strategy', 'manager_path', 'storage_key', 'storage_size']
[12:26]   [ComfyUI] [worker:ComfyUI-SAM3DBody] [comfy-env] DESERIALIZE TensorRef: tensor_size=[266]
[12:26]   [ComfyUI] [worker:ComfyUI-SAM3DBody] [comfy-env] DESERIALIZED tensor shape: torch.Size([266])
[12:26]   [ComfyUI] [worker:ComfyUI-SAM3DBody] [comfy-env] _from_shm got dict with keys: ['__type__', 'strategy', 'manager_path', 'storage_key', 'storage_size']
[12:26]   [ComfyUI] [worker:ComfyUI-SAM3DBody] [comfy-env] DESERIALIZE TensorRef: tensor_size=[3]
[12:26]   [ComfyUI] [worker:ComfyUI-SAM3DBody] [comfy-env] DESERIALIZED tensor shape: torch.Size([3])
[12:26]   [ComfyUI] [worker:ComfyUI-SAM3DBody] [comfy-env] _from_shm got dict with keys: ['__type__', 'strategy', 'manager_path', 'storage_key', 'storage_size']
[12:26]   [ComfyUI] [worker:ComfyUI-SAM3DBody] [comfy-env] DESERIALIZE TensorRef: tensor_size=[133]
[12:26]   [ComfyUI] [worker:ComfyUI-SAM3DBody] [comfy-env] DESERIALIZED tensor shape: torch.Size([133])
[12:26]   [ComfyUI] [worker:ComfyUI-SAM3DBody] [comfy-env] _from_shm got dict with keys: ['__type__', 'strategy', 'manager_path', 'storage_key', 'storage_size']
[12:26]   [ComfyUI] [worker:ComfyUI-SAM3DBody] [comfy-env] DESERIALIZE TensorRef: tensor_size=[108]
[12:26]   [ComfyUI] [worker:ComfyUI-SAM3DBody] [comfy-env] DESERIALIZED tensor shape: torch.Size([108])
[12:26]   [ComfyUI] [worker:ComfyUI-SAM3DBody] [comfy-env] _from_shm got dict with keys: ['__type__', 'strategy', 'manager_path', 'storage_key', 'storage_size']
[12:26]   [ComfyUI] [worker:ComfyUI-SAM3DBody] [comfy-env] DESERIALIZE TensorRef: tensor_size=[28]
[12:26]   [ComfyUI] [worker:ComfyUI-SAM3DBody] [comfy-env] DESERIALIZED tensor shape: torch.Size([28])
[12:26]   [ComfyUI] [worker:ComfyUI-SAM3DBody] [comfy-env] _from_shm got dict with keys: ['__type__', 'strategy', 'manager_path', 'storage_key', 'storage_size']
[12:26]   [ComfyUI] [worker:ComfyUI-SAM3DBody] [comfy-env] DESERIALIZE TensorRef: tensor_size=[45]
[12:26]   [ComfyUI] [worker:ComfyUI-SAM3DBody] [comfy-env] DESERIALIZED tensor shape: torch.Size([45])
[12:26]   [ComfyUI] [worker:ComfyUI-SAM3DBody] [comfy-env] _from_shm got dict with keys: ['__type__', 'strategy', 'manager_path', 'storage_key', 'storage_size']
[12:26]   [ComfyUI] [worker:ComfyUI-SAM3DBody] [comfy-env] DESERIALIZE TensorRef: tensor_size=[72]
[12:26]   [ComfyUI] [worker:ComfyUI-SAM3DBody] [comfy-env] DESERIALIZED tensor shape: torch.Size([72])
[12:26]   [ComfyUI] [worker:ComfyUI-SAM3DBody] [comfy-env] _from_shm got dict with keys: ['__type__', 'strategy', 'manager_path', 'storage_key', 'storage_size']
[12:26]   [ComfyUI] [worker:ComfyUI-SAM3DBody] [comfy-env] DESERIALIZE TensorRef: tensor_size=[497, 1200, 1]
[12:26]   [ComfyUI] [worker:ComfyUI-SAM3DBody] [comfy-env] DESERIALIZED tensor shape: torch.Size([497, 1200, 1])
[12:26]   [ComfyUI] [worker:ComfyUI-SAM3DBody] [comfy-env] _from_shm got dict with keys: ['__type__', 'strategy', 'manager_path', 'storage_key', 'storage_size']
[12:26]   [ComfyUI] [worker:ComfyUI-SAM3DBody] [comfy-env] DESERIALIZE TensorRef: tensor_size=[127, 3]
[12:26]   [ComfyUI] [worker:ComfyUI-SAM3DBody] [comfy-env] DESERIALIZED tensor shape: torch.Size([127, 3])
[12:26]   [ComfyUI] [worker:ComfyUI-SAM3DBody] [comfy-env] _from_shm got dict with keys: ['__type__', 'strategy', 'manager_path', 'storage_key', 'storage_size']
[12:26]   [ComfyUI] [worker:ComfyUI-SAM3DBody] [comfy-env] DESERIALIZE TensorRef: tensor_size=[127, 3, 3]
[12:26]   [ComfyUI] [worker:ComfyUI-SAM3DBody] [comfy-env] DESERIALIZED tensor shape: torch.Size([127, 3, 3])
[12:27]   [ComfyUI] [worker:ComfyUI-SAM3DBody] [comfy-env] _from_shm got dict with keys: ['__type__', 'strategy', 'manager_path', 'storage_key', 'storage_size']
[12:27]   [ComfyUI] [worker:ComfyUI-SAM3DBody] [comfy-env] DESERIALIZE TensorRef: tensor_size=[4]
[12:27]   [ComfyUI] [worker:ComfyUI-SAM3DBody] [comfy-env] DESERIALIZED tensor shape: torch.Size([4])
[12:27]   [ComfyUI] [worker:ComfyUI-SAM3DBody] [comfy-env] _from_shm got dict with keys: ['__type__', 'strategy', 'manager_path', 'storage_key', 'storage_size']
[12:27]   [ComfyUI] [worker:ComfyUI-SAM3DBody] [comfy-env] DESERIALIZE TensorRef: tensor_size=[4]
[12:27]   [ComfyUI] [worker:ComfyUI-SAM3DBody] [comfy-env] DESERIALIZED tensor shape: torch.Size([4])
[12:27]   [ComfyUI] [worker:ComfyUI-SAM3DBody] [comfy-env] _from_shm got dict with keys: ['__type__', 'strategy', 'manager_path', 'storage_key', 'storage_size']
[12:27]   [ComfyUI] [worker:ComfyUI-SAM3DBody] [comfy-env] DESERIALIZE TensorRef: tensor_size=[4]
[12:27]   [ComfyUI] [worker:ComfyUI-SAM3DBody] [comfy-env] DESERIALIZED tensor shape: torch.Size([4])
[12:27]   [ComfyUI] [worker:ComfyUI-SAM3DBody] [comfy-env] _from_shm got dict with keys: ['__type__', 'strategy', 'manager_path', 'storage_key', 'storage_size']
[12:27]   [ComfyUI] [worker:ComfyUI-SAM3DBody] [comfy-env] DESERIALIZE TensorRef: tensor_size=[70, 3]
[12:27]   [ComfyUI] [worker:ComfyUI-SAM3DBody] [comfy-env] DESERIALIZED tensor shape: torch.Size([70, 3])
[12:27]   [ComfyUI] [worker:ComfyUI-SAM3DBody] [comfy-env] _from_shm got dict with keys: ['__type__', 'strategy', 'manager_path', 'storage_key', 'storage_size']
[12:27]   [ComfyUI] [worker:ComfyUI-SAM3DBody] [comfy-env] DESERIALIZE TensorRef: tensor_size=[70, 2]
[12:27]   [ComfyUI] [worker:ComfyUI-SAM3DBody] [comfy-env] DESERIALIZED tensor shape: torch.Size([70, 2])
[12:27]   [ComfyUI] [worker:ComfyUI-SAM3DBody] [comfy-env] _from_shm got dict with keys: ['__type__', 'strategy', 'manager_path', 'storage_key', 'storage_size']
[12:27]   [ComfyUI] [worker:ComfyUI-SAM3DBody] [comfy-env] DESERIALIZE TensorRef: tensor_size=[18439, 3]
[12:27]   [ComfyUI] [worker:ComfyUI-SAM3DBody] [comfy-env] DESERIALIZED tensor shape: torch.Size([18439, 3])
[12:27]   [ComfyUI] [worker:ComfyUI-SAM3DBody] [comfy-env] _from_shm got dict with keys: ['__type__', 'strategy', 'manager_path', 'storage_key', 'storage_size']
[12:27]   [ComfyUI] [worker:ComfyUI-SAM3DBody] [comfy-env] DESERIALIZE TensorRef: tensor_size=[3]
[12:27]   [ComfyUI] [worker:ComfyUI-SAM3DBody] [comfy-env] DESERIALIZED tensor shape: torch.Size([3])
[12:27]   [ComfyUI] [worker:ComfyUI-SAM3DBody] [comfy-env] _from_shm got dict with keys: ['__type__', 'strategy', 'manager_path', 'storage_key', 'storage_size']
[12:27]   [ComfyUI] [worker:ComfyUI-SAM3DBody] [comfy-env] DESERIALIZE TensorRef: tensor_size=[266]
[12:27]   [ComfyUI] [worker:ComfyUI-SAM3DBody] [comfy-env] DESERIALIZED tensor shape: torch.Size([266])
[12:27]   [ComfyUI] [worker:ComfyUI-SAM3DBody] [comfy-env] _from_shm got dict with keys: ['__type__', 'strategy', 'manager_path', 'storage_key', 'storage_size']
[12:27]   [ComfyUI] [worker:ComfyUI-SAM3DBody] [comfy-env] DESERIALIZE TensorRef: tensor_size=[3]
[12:27]   [ComfyUI] [worker:ComfyUI-SAM3DBody] [comfy-env] DESERIALIZED tensor shape: torch.Size([3])
[12:27]   [ComfyUI] [worker:ComfyUI-SAM3DBody] [comfy-env] _from_shm got dict with keys: ['__type__', 'strategy', 'manager_path', 'storage_key', 'storage_size']
[12:27]   [ComfyUI] [worker:ComfyUI-SAM3DBody] [comfy-env] DESERIALIZE TensorRef: tensor_size=[133]
[12:27]   [ComfyUI] [worker:ComfyUI-SAM3DBody] [comfy-env] DESERIALIZED tensor shape: torch.Size([133])
[12:27]   [ComfyUI] [worker:ComfyUI-SAM3DBody] [comfy-env] _from_shm got dict with keys: ['__type__', 'strategy', 'manager_path', 'storage_key', 'storage_size']
[12:27]   [ComfyUI] [worker:ComfyUI-SAM3DBody] [comfy-env] DESERIALIZE TensorRef: tensor_size=[108]
[12:27]   [ComfyUI] [worker:ComfyUI-SAM3DBody] [comfy-env] DESERIALIZED tensor shape: torch.Size([108])
[12:27]   [ComfyUI] [worker:ComfyUI-SAM3DBody] [comfy-env] _from_shm got dict with keys: ['__type__', 'strategy', 'manager_path', 'storage_key', 'storage_size']
[12:27]   [ComfyUI] [worker:ComfyUI-SAM3DBody] [comfy-env] DESERIALIZE TensorRef: tensor_size=[28]
[12:27]   [ComfyUI] [worker:ComfyUI-SAM3DBody] [comfy-env] DESERIALIZED tensor shape: torch.Size([28])
[12:27]   [ComfyUI] [worker:ComfyUI-SAM3DBody] [comfy-env] _from_shm got dict with keys: ['__type__', 'strategy', 'manager_path', 'storage_key', 'storage_size']
[12:27]   [ComfyUI] [worker:ComfyUI-SAM3DBody] [comfy-env] DESERIALIZE TensorRef: tensor_size=[45]
[12:27]   [ComfyUI] [worker:ComfyUI-SAM3DBody] [comfy-env] DESERIALIZED tensor shape: torch.Size([45])
[12:27]   [ComfyUI] [worker:ComfyUI-SAM3DBody] [comfy-env] _from_shm got dict with keys: ['__type__', 'strategy', 'manager_path', 'storage_key', 'storage_size']
[12:27]   [ComfyUI] [worker:ComfyUI-SAM3DBody] [comfy-env] DESERIALIZE TensorRef: tensor_size=[72]
[12:27]   [ComfyUI] [worker:ComfyUI-SAM3DBody] [comfy-env] DESERIALIZED tensor shape: torch.Size([72])
[12:27]   [ComfyUI] [worker:ComfyUI-SAM3DBody] [comfy-env] _from_shm got dict with keys: ['__type__', 'strategy', 'manager_path', 'storage_key', 'storage_size']
[12:27]   [ComfyUI] [worker:ComfyUI-SAM3DBody] [comfy-env] DESERIALIZE TensorRef: tensor_size=[497, 1200, 1]
[12:27]   [ComfyUI] [worker:ComfyUI-SAM3DBody] [comfy-env] DESERIALIZED tensor shape: torch.Size([497, 1200, 1])
[12:27]   [ComfyUI] [worker:ComfyUI-SAM3DBody] [comfy-env] _from_shm got dict with keys: ['__type__', 'strategy', 'manager_path', 'storage_key', 'storage_size']
[12:27]   [ComfyUI] [worker:ComfyUI-SAM3DBody] [comfy-env] DESERIALIZE TensorRef: tensor_size=[127, 3]
[12:27]   [ComfyUI] [worker:ComfyUI-SAM3DBody] [comfy-env] DESERIALIZED tensor shape: torch.Size([127, 3])
[12:27]   [ComfyUI] [worker:ComfyUI-SAM3DBody] [comfy-env] _from_shm got dict with keys: ['__type__', 'strategy', 'manager_path', 'storage_key', 'storage_size']
[12:27]   [ComfyUI] [worker:ComfyUI-SAM3DBody] [comfy-env] DESERIALIZE TensorRef: tensor_size=[127, 3, 3]
[12:27]   [ComfyUI] [worker:ComfyUI-SAM3DBody] [comfy-env] DESERIALIZED tensor shape: torch.Size([127, 3, 3])
[12:27]   [ComfyUI] [worker:ComfyUI-SAM3DBody] [comfy-env] _from_shm got dict with keys: ['__type__', 'strategy', 'manager_path', 'storage_key', 'storage_size']
[12:27]   [ComfyUI] [worker:ComfyUI-SAM3DBody] [comfy-env] DESERIALIZE TensorRef: tensor_size=[4]
[12:27]   [ComfyUI] [worker:ComfyUI-SAM3DBody] [comfy-env] DESERIALIZED tensor shape: torch.Size([4])
[12:27]   [ComfyUI] [worker:ComfyUI-SAM3DBody] [comfy-env] _from_shm got dict with keys: ['__type__', 'strategy', 'manager_path', 'storage_key', 'storage_size']
[12:27]   [ComfyUI] [worker:ComfyUI-SAM3DBody] [comfy-env] DESERIALIZE TensorRef: tensor_size=[4]
[12:27]   [ComfyUI] [worker:ComfyUI-SAM3DBody] [comfy-env] DESERIALIZED tensor shape: torch.Size([4])
[12:27]   [ComfyUI] [worker:ComfyUI-SAM3DBody] [comfy-env] _from_shm got dict with keys: ['__type__', 'strategy', 'manager_path', 'storage_key', 'storage_size']
[12:27]   [ComfyUI] [worker:ComfyUI-SAM3DBody] [comfy-env] DESERIALIZE TensorRef: tensor_size=[4]
[12:27]   [ComfyUI] [worker:ComfyUI-SAM3DBody] [comfy-env] DESERIALIZED tensor shape: torch.Size([4])
[12:27]   [ComfyUI] [worker:ComfyUI-SAM3DBody] [comfy-env] _from_shm got dict with keys: ['__type__', 'strategy', 'manager_path', 'storage_key', 'storage_size']
[12:27]   [ComfyUI] [worker:ComfyUI-SAM3DBody] [comfy-env] DESERIALIZE TensorRef: tensor_size=[70, 3]
[12:27]   [ComfyUI] [worker:ComfyUI-SAM3DBody] [comfy-env] DESERIALIZED tensor shape: torch.Size([70, 3])
[12:27]   [ComfyUI] [worker:ComfyUI-SAM3DBody] [comfy-env] _from_shm got dict with keys: ['__type__', 'strategy', 'manager_path', 'storage_key', 'storage_size']
[12:27]   [ComfyUI] [worker:ComfyUI-SAM3DBody] [comfy-env] DESERIALIZE TensorRef: tensor_size=[70, 2]
[12:27]   [ComfyUI] [worker:ComfyUI-SAM3DBody] [comfy-env] DESERIALIZED tensor shape: torch.Size([70, 2])
[12:27]   [ComfyUI] [worker:ComfyUI-SAM3DBody] [comfy-env] _from_shm got dict with keys: ['__type__', 'strategy', 'manager_path', 'storage_key', 'storage_size']
[12:27]   [ComfyUI] [worker:ComfyUI-SAM3DBody] [comfy-env] DESERIALIZE TensorRef: tensor_size=[18439, 3]
[12:27]   [ComfyUI] [worker:ComfyUI-SAM3DBody] [comfy-env] DESERIALIZED tensor shape: torch.Size([18439, 3])
[12:27]   [ComfyUI] [worker:ComfyUI-SAM3DBody] [comfy-env] _from_shm got dict with keys: ['__type__', 'strategy', 'manager_path', 'storage_key', 'storage_size']
[12:27]   [ComfyUI] [worker:ComfyUI-SAM3DBody] [comfy-env] DESERIALIZE TensorRef: tensor_size=[3]
[12:27]   [ComfyUI] [worker:ComfyUI-SAM3DBody] [comfy-env] DESERIALIZED tensor shape: torch.Size([3])
[12:27]   [ComfyUI] [worker:ComfyUI-SAM3DBody] [comfy-env] _from_shm got dict with keys: ['__type__', 'strategy', 'manager_path', 'storage_key', 'storage_size']
[12:27]   [ComfyUI] [worker:ComfyUI-SAM3DBody] [comfy-env] DESERIALIZE TensorRef: tensor_size=[266]
[12:27]   [ComfyUI] [worker:ComfyUI-SAM3DBody] [comfy-env] DESERIALIZED tensor shape: torch.Size([266])
[12:27]   [ComfyUI] [worker:ComfyUI-SAM3DBody] [comfy-env] _from_shm got dict with keys: ['__type__', 'strategy', 'manager_path', 'storage_key', 'storage_size']
[12:27]   [ComfyUI] [worker:ComfyUI-SAM3DBody] [comfy-env] DESERIALIZE TensorRef: tensor_size=[3]
[12:27]   Frame 22 saved (frame_021.jpg, t=108.5s)
[12:27]   [capture-periodic] freeze=5ms shot=146ms unfreeze=6ms saved=True
[12:27]   [ComfyUI] [worker:ComfyUI-SAM3DBody] [comfy-env] DESERIALIZED tensor shape: torch.Size([3])
[12:27]   [ComfyUI] [worker:ComfyUI-SAM3DBody] [comfy-env] _from_shm got dict with keys: ['__type__', 'strategy', 'manager_path', 'storage_key', 'storage_size']
[12:27]   [ComfyUI] [worker:ComfyUI-SAM3DBody] [comfy-env] DESERIALIZE TensorRef: tensor_size=[133]
[12:27]   [ComfyUI] [worker:ComfyUI-SAM3DBody] [comfy-env] DESERIALIZED tensor shape: torch.Size([133])
[12:27]   [ComfyUI] [worker:ComfyUI-SAM3DBody] [comfy-env] _from_shm got dict with keys: ['__type__', 'strategy', 'manager_path', 'storage_key', 'storage_size']
[12:27]   [ComfyUI] [worker:ComfyUI-SAM3DBody] [comfy-env] DESERIALIZE TensorRef: tensor_size=[108]
[12:27]   [ComfyUI] [worker:ComfyUI-SAM3DBody] [comfy-env] DESERIALIZED tensor shape: torch.Size([108])
[12:27]   [ComfyUI] [worker:ComfyUI-SAM3DBody] [comfy-env] _from_shm got dict with keys: ['__type__', 'strategy', 'manager_path', 'storage_key', 'storage_size']
[12:27]   [ComfyUI] [worker:ComfyUI-SAM3DBody] [comfy-env] DESERIALIZE TensorRef: tensor_size=[28]
[12:27]   [ComfyUI] [worker:ComfyUI-SAM3DBody] [comfy-env] DESERIALIZED tensor shape: torch.Size([28])
[12:27]   [ComfyUI] [worker:ComfyUI-SAM3DBody] [comfy-env] _from_shm got dict with keys: ['__type__', 'strategy', 'manager_path', 'storage_key', 'storage_size']
[12:27]   [ComfyUI] [worker:ComfyUI-SAM3DBody] [comfy-env] DESERIALIZE TensorRef: tensor_size=[45]
[12:27]   [ComfyUI] [worker:ComfyUI-SAM3DBody] [comfy-env] DESERIALIZED tensor shape: torch.Size([45])
[12:27]   [ComfyUI] [worker:ComfyUI-SAM3DBody] [comfy-env] _from_shm got dict with keys: ['__type__', 'strategy', 'manager_path', 'storage_key', 'storage_size']
[12:27]   [ComfyUI] [worker:ComfyUI-SAM3DBody] [comfy-env] DESERIALIZE TensorRef: tensor_size=[72]
[12:27]   [ComfyUI] [worker:ComfyUI-SAM3DBody] [comfy-env] DESERIALIZED tensor shape: torch.Size([72])
[12:27]   [ComfyUI] [worker:ComfyUI-SAM3DBody] [comfy-env] _from_shm got dict with keys: ['__type__', 'strategy', 'manager_path', 'storage_key', 'storage_size']
[12:27]   [ComfyUI] [worker:ComfyUI-SAM3DBody] [comfy-env] DESERIALIZE TensorRef: tensor_size=[497, 1200, 1]
[12:27]   [ComfyUI] [worker:ComfyUI-SAM3DBody] [comfy-env] DESERIALIZED tensor shape: torch.Size([497, 1200, 1])
[12:27]   [ComfyUI] [worker:ComfyUI-SAM3DBody] [comfy-env] _from_shm got dict with keys: ['__type__', 'strategy', 'manager_path', 'storage_key', 'storage_size']
[12:27]   [ComfyUI] [worker:ComfyUI-SAM3DBody] [comfy-env] DESERIALIZE TensorRef: tensor_size=[127, 3]
[12:27]   [ComfyUI] [worker:ComfyUI-SAM3DBody] [comfy-env] DESERIALIZED tensor shape: torch.Size([127, 3])
[12:27]   [ComfyUI] [worker:ComfyUI-SAM3DBody] [comfy-env] _from_shm got dict with keys: ['__type__', 'strategy', 'manager_path', 'storage_key', 'storage_size']
[12:27]   [ComfyUI] [worker:ComfyUI-SAM3DBody] [comfy-env] DESERIALIZE TensorRef: tensor_size=[127, 3, 3]
[12:27]   [ComfyUI] [worker:ComfyUI-SAM3DBody] [comfy-env] DESERIALIZED tensor shape: torch.Size([127, 3, 3])
[12:27]   [ComfyUI] [worker:ComfyUI-SAM3DBody] [comfy-env] _from_shm got dict with keys: ['__type__', 'strategy', 'manager_path', 'storage_key', 'storage_size']
[12:27]   [ComfyUI] [worker:ComfyUI-SAM3DBody] [comfy-env] DESERIALIZE TensorRef: tensor_size=[4]
[12:27]   [ComfyUI] [worker:ComfyUI-SAM3DBody] [comfy-env] DESERIALIZED tensor shape: torch.Size([4])
[12:27]   [ComfyUI] [worker:ComfyUI-SAM3DBody] [comfy-env] _from_shm got dict with keys: ['__type__', 'strategy', 'manager_path', 'storage_key', 'storage_size']
[12:27]   [ComfyUI] [worker:ComfyUI-SAM3DBody] [comfy-env] DESERIALIZE TensorRef: tensor_size=[4]
[12:27]   [ComfyUI] [worker:ComfyUI-SAM3DBody] [comfy-env] DESERIALIZED tensor shape: torch.Size([4])
[12:27]   [ComfyUI] [worker:ComfyUI-SAM3DBody] [comfy-env] _from_shm got dict with keys: ['__type__', 'strategy', 'manager_path', 'storage_key', 'storage_size']
[12:27]   [ComfyUI] [worker:ComfyUI-SAM3DBody] [comfy-env] DESERIALIZE TensorRef: tensor_size=[4]
[12:27]   [ComfyUI] [worker:ComfyUI-SAM3DBody] [comfy-env] DESERIALIZED tensor shape: torch.Size([4])
[12:27]   [ComfyUI] [worker:ComfyUI-SAM3DBody] [comfy-env] _from_shm got dict with keys: ['__type__', 'strategy', 'manager_path', 'storage_key', 'storage_size']
[12:27]   [ComfyUI] [worker:ComfyUI-SAM3DBody] [comfy-env] DESERIALIZE TensorRef: tensor_size=[70, 3]
[12:27]   [ComfyUI] [worker:ComfyUI-SAM3DBody] [comfy-env] DESERIALIZED tensor shape: torch.Size([70, 3])
[12:27]   [ComfyUI] [worker:ComfyUI-SAM3DBody] [comfy-env] _from_shm got dict with keys: ['__type__', 'strategy', 'manager_path', 'storage_key', 'storage_size']
[12:27]   [ComfyUI] [worker:ComfyUI-SAM3DBody] [comfy-env] DESERIALIZE TensorRef: tensor_size=[70, 2]
[12:27]   [ComfyUI] [worker:ComfyUI-SAM3DBody] [comfy-env] DESERIALIZED tensor shape: torch.Size([70, 2])
[12:27]   [ComfyUI] [worker:ComfyUI-SAM3DBody] [comfy-env] _from_shm got dict with keys: ['__type__', 'strategy', 'manager_path', 'storage_key', 'storage_size']
[12:27]   [ComfyUI] [worker:ComfyUI-SAM3DBody] [comfy-env] DESERIALIZE TensorRef: tensor_size=[18439, 3]
[12:27]   [ComfyUI] [worker:ComfyUI-SAM3DBody] [comfy-env] DESERIALIZED tensor shape: torch.Size([18439, 3])
[12:27]   [ComfyUI] [worker:ComfyUI-SAM3DBody] [comfy-env] _from_shm got dict with keys: ['__type__', 'strategy', 'manager_path', 'storage_key', 'storage_size']
[12:27]   [ComfyUI] [worker:ComfyUI-SAM3DBody] [comfy-env] DESERIALIZE TensorRef: tensor_size=[3]
[12:27]   [ComfyUI] [worker:ComfyUI-SAM3DBody] [comfy-env] DESERIALIZED tensor shape: torch.Size([3])
[12:27]   [ComfyUI] [worker:ComfyUI-SAM3DBody] [comfy-env] _from_shm got dict with keys: ['__type__', 'strategy', 'manager_path', 'storage_key', 'storage_size']
[12:27]   [ComfyUI] [worker:ComfyUI-SAM3DBody] [comfy-env] DESERIALIZE TensorRef: tensor_size=[266]
[12:27]   [ComfyUI] [worker:ComfyUI-SAM3DBody] [comfy-env] DESERIALIZED tensor shape: torch.Size([266])
[12:27]   [ComfyUI] [worker:ComfyUI-SAM3DBody] [comfy-env] _from_shm got dict with keys: ['__type__', 'strategy', 'manager_path', 'storage_key', 'storage_size']
[12:27]   [ComfyUI] [worker:ComfyUI-SAM3DBody] [comfy-env] DESERIALIZE TensorRef: tensor_size=[3]
[12:27]   [ComfyUI] [worker:ComfyUI-SAM3DBody] [comfy-env] DESERIALIZED tensor shape: torch.Size([3])
[12:27]   [ComfyUI] [worker:ComfyUI-SAM3DBody] [comfy-env] _from_shm got dict with keys: ['__type__', 'strategy', 'manager_path', 'storage_key', 'storage_size']
[12:27]   [ComfyUI] [worker:ComfyUI-SAM3DBody] [comfy-env] DESERIALIZE TensorRef: tensor_size=[133]
[12:27]   [ComfyUI] [worker:ComfyUI-SAM3DBody] [comfy-env] DESERIALIZED tensor shape: torch.Size([133])
[12:27]   [ComfyUI] [worker:ComfyUI-SAM3DBody] [comfy-env] _from_shm got dict with keys: ['__type__', 'strategy', 'manager_path', 'storage_key', 'storage_size']
[12:27]   [ComfyUI] [worker:ComfyUI-SAM3DBody] [comfy-env] DESERIALIZE TensorRef: tensor_size=[108]
[12:27]   [ComfyUI] [worker:ComfyUI-SAM3DBody] [comfy-env] DESERIALIZED tensor shape: torch.Size([108])
[12:27]   [ComfyUI] [worker:ComfyUI-SAM3DBody] [comfy-env] _from_shm got dict with keys: ['__type__', 'strategy', 'manager_path', 'storage_key', 'storage_size']
[12:27]   [ComfyUI] [worker:ComfyUI-SAM3DBody] [comfy-env] DESERIALIZE TensorRef: tensor_size=[28]
[12:27]   [ComfyUI] [worker:ComfyUI-SAM3DBody] [comfy-env] DESERIALIZED tensor shape: torch.Size([28])
[12:27]   [ComfyUI] [worker:ComfyUI-SAM3DBody] [comfy-env] _from_shm got dict with keys: ['__type__', 'strategy', 'manager_path', 'storage_key', 'storage_size']
[12:27]   [ComfyUI] [worker:ComfyUI-SAM3DBody] [comfy-env] DESERIALIZE TensorRef: tensor_size=[45]
[12:27]   [ComfyUI] [worker:ComfyUI-SAM3DBody] [comfy-env] DESERIALIZED tensor shape: torch.Size([45])
[12:27]   [ComfyUI] [worker:ComfyUI-SAM3DBody] [comfy-env] _from_shm got dict with keys: ['__type__', 'strategy', 'manager_path', 'storage_key', 'storage_size']
[12:27]   [ComfyUI] [worker:ComfyUI-SAM3DBody] [comfy-env] DESERIALIZE TensorRef: tensor_size=[72]
[12:27]   [ComfyUI] [worker:ComfyUI-SAM3DBody] [comfy-env] DESERIALIZED tensor shape: torch.Size([72])
[12:27]   [ComfyUI] [worker:ComfyUI-SAM3DBody] [comfy-env] _from_shm got dict with keys: ['__type__', 'strategy', 'manager_path', 'storage_key', 'storage_size']
[12:27]   [ComfyUI] [worker:ComfyUI-SAM3DBody] [comfy-env] DESERIALIZE TensorRef: tensor_size=[497, 1200, 1]
[12:27]   [ComfyUI] [worker:ComfyUI-SAM3DBody] [comfy-env] DESERIALIZED tensor shape: torch.Size([497, 1200, 1])
[12:27]   [ComfyUI] [worker:ComfyUI-SAM3DBody] [comfy-env] _from_shm got dict with keys: ['__type__', 'strategy', 'manager_path', 'storage_key', 'storage_size']
[12:27]   [ComfyUI] [worker:ComfyUI-SAM3DBody] [comfy-env] DESERIALIZE TensorRef: tensor_size=[127, 3]
[12:27]   [ComfyUI] [worker:ComfyUI-SAM3DBody] [comfy-env] DESERIALIZED tensor shape: torch.Size([127, 3])
[12:27]   [ComfyUI] [worker:ComfyUI-SAM3DBody] [comfy-env] _from_shm got dict with keys: ['__type__', 'strategy', 'manager_path', 'storage_key', 'storage_size']
[12:27]   [ComfyUI] [worker:ComfyUI-SAM3DBody] [comfy-env] DESERIALIZE TensorRef: tensor_size=[127, 3, 3]
[12:27]   [ComfyUI] [worker:ComfyUI-SAM3DBody] [comfy-env] DESERIALIZED tensor shape: torch.Size([127, 3, 3])
[12:27]   [ComfyUI] [worker:ComfyUI-SAM3DBody] [comfy-env] _from_shm got dict with keys: ['__type__', 'strategy', 'manager_path', 'storage_key', 'storage_size']
[12:27]   [ComfyUI] [worker:ComfyUI-SAM3DBody] [comfy-env] DESERIALIZE TensorRef: tensor_size=[4]
[12:27]   [ComfyUI] [worker:ComfyUI-SAM3DBody] [comfy-env] DESERIALIZED tensor shape: torch.Size([4])
[12:27]   [ComfyUI] [worker:ComfyUI-SAM3DBody] [comfy-env] _from_shm got dict with keys: ['__type__', 'strategy', 'manager_path', 'storage_key', 'storage_size']
[12:27]   [ComfyUI] [worker:ComfyUI-SAM3DBody] [comfy-env] DESERIALIZE TensorRef: tensor_size=[4]
[12:27]   [ComfyUI] [worker:ComfyUI-SAM3DBody] [comfy-env] DESERIALIZED tensor shape: torch.Size([4])
[12:27]   [ComfyUI] [worker:ComfyUI-SAM3DBody] [comfy-env] _from_shm got dict with keys: ['__type__', 'strategy', 'manager_path', 'storage_key', 'storage_size']
[12:27]   [ComfyUI] [worker:ComfyUI-SAM3DBody] [comfy-env] DESERIALIZE TensorRef: tensor_size=[4]
[12:27]   [ComfyUI] [worker:ComfyUI-SAM3DBody] [comfy-env] DESERIALIZED tensor shape: torch.Size([4])
[12:28]   [ComfyUI] [worker:ComfyUI-SAM3DBody] [comfy-env] _from_shm got dict with keys: ['__type__', 'strategy', 'manager_path', 'storage_key', 'storage_size']
[12:28]   [ComfyUI] [worker:ComfyUI-SAM3DBody] [comfy-env] DESERIALIZE TensorRef: tensor_size=[70, 3]
[12:28]   [ComfyUI] [worker:ComfyUI-SAM3DBody] [comfy-env] DESERIALIZED tensor shape: torch.Size([70, 3])
[12:28]   [ComfyUI] [worker:ComfyUI-SAM3DBody] [comfy-env] _from_shm got dict with keys: ['__type__', 'strategy', 'manager_path', 'storage_key', 'storage_size']
[12:28]   [ComfyUI] [worker:ComfyUI-SAM3DBody] [comfy-env] DESERIALIZE TensorRef: tensor_size=[70, 2]
[12:28]   [ComfyUI] [worker:ComfyUI-SAM3DBody] [comfy-env] DESERIALIZED tensor shape: torch.Size([70, 2])
[12:28]   [ComfyUI] [worker:ComfyUI-SAM3DBody] [comfy-env] _from_shm got dict with keys: ['__type__', 'strategy', 'manager_path', 'storage_key', 'storage_size']
[12:28]   [ComfyUI] [worker:ComfyUI-SAM3DBody] [comfy-env] DESERIALIZE TensorRef: tensor_size=[18439, 3]
[12:28]   [ComfyUI] [worker:ComfyUI-SAM3DBody] [comfy-env] DESERIALIZED tensor shape: torch.Size([18439, 3])
[12:28]   [ComfyUI] [worker:ComfyUI-SAM3DBody] [comfy-env] _from_shm got dict with keys: ['__type__', 'strategy', 'manager_path', 'storage_key', 'storage_size']
[12:28]   [ComfyUI] [worker:ComfyUI-SAM3DBody] [comfy-env] DESERIALIZE TensorRef: tensor_size=[3]
[12:28]   [ComfyUI] [worker:ComfyUI-SAM3DBody] [comfy-env] DESERIALIZED tensor shape: torch.Size([3])
[12:28]   [ComfyUI] [worker:ComfyUI-SAM3DBody] [comfy-env] _from_shm got dict with keys: ['__type__', 'strategy', 'manager_path', 'storage_key', 'storage_size']
[12:28]   [ComfyUI] [worker:ComfyUI-SAM3DBody] [comfy-env] DESERIALIZE TensorRef: tensor_size=[266]
[12:28]   [ComfyUI] [worker:ComfyUI-SAM3DBody] [comfy-env] DESERIALIZED tensor shape: torch.Size([266])
[12:28]   [ComfyUI] [worker:ComfyUI-SAM3DBody] [comfy-env] _from_shm got dict with keys: ['__type__', 'strategy', 'manager_path', 'storage_key', 'storage_size']
[12:28]   [ComfyUI] [worker:ComfyUI-SAM3DBody] [comfy-env] DESERIALIZE TensorRef: tensor_size=[3]
[12:28]   [ComfyUI] [worker:ComfyUI-SAM3DBody] [comfy-env] DESERIALIZED tensor shape: torch.Size([3])
[12:28]   [ComfyUI] [worker:ComfyUI-SAM3DBody] [comfy-env] _from_shm got dict with keys: ['__type__', 'strategy', 'manager_path', 'storage_key', 'storage_size']
[12:28]   [ComfyUI] [worker:ComfyUI-SAM3DBody] [comfy-env] DESERIALIZE TensorRef: tensor_size=[133]
[12:28]   [ComfyUI] [worker:ComfyUI-SAM3DBody] [comfy-env] DESERIALIZED tensor shape: torch.Size([133])
[12:28]   [ComfyUI] [worker:ComfyUI-SAM3DBody] [comfy-env] _from_shm got dict with keys: ['__type__', 'strategy', 'manager_path', 'storage_key', 'storage_size']
[12:28]   [ComfyUI] [worker:ComfyUI-SAM3DBody] [comfy-env] DESERIALIZE TensorRef: tensor_size=[108]
[12:28]   [ComfyUI] [worker:ComfyUI-SAM3DBody] [comfy-env] DESERIALIZED tensor shape: torch.Size([108])
[12:28]   [ComfyUI] [worker:ComfyUI-SAM3DBody] [comfy-env] _from_shm got dict with keys: ['__type__', 'strategy', 'manager_path', 'storage_key', 'storage_size']
[12:28]   [ComfyUI] [worker:ComfyUI-SAM3DBody] [comfy-env] DESERIALIZE TensorRef: tensor_size=[28]
[12:28]   [ComfyUI] [worker:ComfyUI-SAM3DBody] [comfy-env] DESERIALIZED tensor shape: torch.Size([28])
[12:28]   [ComfyUI] [worker:ComfyUI-SAM3DBody] [comfy-env] _from_shm got dict with keys: ['__type__', 'strategy', 'manager_path', 'storage_key', 'storage_size']
[12:28]   [ComfyUI] [worker:ComfyUI-SAM3DBody] [comfy-env] DESERIALIZE TensorRef: tensor_size=[45]
[12:28]   [ComfyUI] [worker:ComfyUI-SAM3DBody] [comfy-env] DESERIALIZED tensor shape: torch.Size([45])
[12:28]   [ComfyUI] [worker:ComfyUI-SAM3DBody] [comfy-env] _from_shm got dict with keys: ['__type__', 'strategy', 'manager_path', 'storage_key', 'storage_size']
[12:28]   [ComfyUI] [worker:ComfyUI-SAM3DBody] [comfy-env] DESERIALIZE TensorRef: tensor_size=[72]
[12:28]   [ComfyUI] [worker:ComfyUI-SAM3DBody] [comfy-env] DESERIALIZED tensor shape: torch.Size([72])
[12:28]   [ComfyUI] [worker:ComfyUI-SAM3DBody] [comfy-env] _from_shm got dict with keys: ['__type__', 'strategy', 'manager_path', 'storage_key', 'storage_size']
[12:28]   [ComfyUI] [worker:ComfyUI-SAM3DBody] [comfy-env] DESERIALIZE TensorRef: tensor_size=[497, 1200, 1]
[12:28]   [ComfyUI] [worker:ComfyUI-SAM3DBody] [comfy-env] DESERIALIZED tensor shape: torch.Size([497, 1200, 1])
[12:28]   [ComfyUI] [worker:ComfyUI-SAM3DBody] [comfy-env] _from_shm got dict with keys: ['__type__', 'strategy', 'manager_path', 'storage_key', 'storage_size']
[12:28]   [ComfyUI] [worker:ComfyUI-SAM3DBody] [comfy-env] DESERIALIZE TensorRef: tensor_size=[127, 3]
[12:28]   [ComfyUI] [worker:ComfyUI-SAM3DBody] [comfy-env] DESERIALIZED tensor shape: torch.Size([127, 3])
[12:28]   [ComfyUI] [worker:ComfyUI-SAM3DBody] [comfy-env] _from_shm got dict with keys: ['__type__', 'strategy', 'manager_path', 'storage_key', 'storage_size']
[12:28]   [ComfyUI] [worker:ComfyUI-SAM3DBody] [comfy-env] DESERIALIZE TensorRef: tensor_size=[127, 3, 3]
[12:28]   [ComfyUI] [worker:ComfyUI-SAM3DBody] [comfy-env] DESERIALIZED tensor shape: torch.Size([127, 3, 3])
[12:28]   [ComfyUI] [worker:ComfyUI-SAM3DBody] [comfy-env] _from_shm got dict with keys: ['__type__', 'strategy', 'manager_path', 'storage_key', 'storage_size']
[12:28]   [ComfyUI] [worker:ComfyUI-SAM3DBody] [comfy-env] DESERIALIZE TensorRef: tensor_size=[4]
[12:28]   [ComfyUI] [worker:ComfyUI-SAM3DBody] [comfy-env] DESERIALIZED tensor shape: torch.Size([4])
[12:28]   [ComfyUI] [worker:ComfyUI-SAM3DBody] [comfy-env] _from_shm got dict with keys: ['__type__', 'strategy', 'manager_path', 'storage_key', 'storage_size']
[12:28]   [ComfyUI] [worker:ComfyUI-SAM3DBody] [comfy-env] DESERIALIZE TensorRef: tensor_size=[4]
[12:28]   [ComfyUI] [worker:ComfyUI-SAM3DBody] [comfy-env] DESERIALIZED tensor shape: torch.Size([4])
[12:28]   [ComfyUI] [worker:ComfyUI-SAM3DBody] [comfy-env] _from_shm got dict with keys: ['__type__', 'strategy', 'manager_path', 'storage_key', 'storage_size']
[12:28]   [ComfyUI] [worker:ComfyUI-SAM3DBody] [comfy-env] DESERIALIZE TensorRef: tensor_size=[4]
[12:28]   [ComfyUI] [worker:ComfyUI-SAM3DBody] [comfy-env] DESERIALIZED tensor shape: torch.Size([4])
[12:28]   [ComfyUI] [worker:ComfyUI-SAM3DBody] [comfy-env] _from_shm got dict with keys: ['__type__', 'strategy', 'manager_path', 'storage_key', 'storage_size']
[12:28]   [ComfyUI] [worker:ComfyUI-SAM3DBody] [comfy-env] DESERIALIZE TensorRef: tensor_size=[70, 3]
[12:28]   [ComfyUI] [worker:ComfyUI-SAM3DBody] [comfy-env] DESERIALIZED tensor shape: torch.Size([70, 3])
[12:28]   [ComfyUI] [worker:ComfyUI-SAM3DBody] [comfy-env] _from_shm got dict with keys: ['__type__', 'strategy', 'manager_path', 'storage_key', 'storage_size']
[12:28]   [ComfyUI] [worker:ComfyUI-SAM3DBody] [comfy-env] DESERIALIZE TensorRef: tensor_size=[70, 2]
[12:28]   [ComfyUI] [worker:ComfyUI-SAM3DBody] [comfy-env] DESERIALIZED tensor shape: torch.Size([70, 2])
[12:28]   [ComfyUI] [worker:ComfyUI-SAM3DBody] [comfy-env] _from_shm got dict with keys: ['__type__', 'strategy', 'manager_path', 'storage_key', 'storage_size']
[12:28]   [ComfyUI] [worker:ComfyUI-SAM3DBody] [comfy-env] DESERIALIZE TensorRef: tensor_size=[18439, 3]
[12:28]   [ComfyUI] [worker:ComfyUI-SAM3DBody] [comfy-env] DESERIALIZED tensor shape: torch.Size([18439, 3])
[12:28]   [ComfyUI] [worker:ComfyUI-SAM3DBody] [comfy-env] _from_shm got dict with keys: ['__type__', 'strategy', 'manager_path', 'storage_key', 'storage_size']
[12:28]   [ComfyUI] [worker:ComfyUI-SAM3DBody] [comfy-env] DESERIALIZE TensorRef: tensor_size=[3]
[12:28]   [ComfyUI] [worker:ComfyUI-SAM3DBody] [comfy-env] DESERIALIZED tensor shape: torch.Size([3])
[12:28]   [ComfyUI] [worker:ComfyUI-SAM3DBody] [comfy-env] _from_shm got dict with keys: ['__type__', 'strategy', 'manager_path', 'storage_key', 'storage_size']
[12:28]   [ComfyUI] [worker:ComfyUI-SAM3DBody] [comfy-env] DESERIALIZE TensorRef: tensor_size=[266]
[12:28]   [ComfyUI] [worker:ComfyUI-SAM3DBody] [comfy-env] DESERIALIZED tensor shape: torch.Size([266])
[12:28]   [ComfyUI] [worker:ComfyUI-SAM3DBody] [comfy-env] _from_shm got dict with keys: ['__type__', 'strategy', 'manager_path', 'storage_key', 'storage_size']
[12:28]   [ComfyUI] [worker:ComfyUI-SAM3DBody] [comfy-env] DESERIALIZE TensorRef: tensor_size=[3]
[12:28]   [ComfyUI] [worker:ComfyUI-SAM3DBody] [comfy-env] DESERIALIZED tensor shape: torch.Size([3])
[12:28]   [ComfyUI] [worker:ComfyUI-SAM3DBody] [comfy-env] _from_shm got dict with keys: ['__type__', 'strategy', 'manager_path', 'storage_key', 'storage_size']
[12:28]   [ComfyUI] [worker:ComfyUI-SAM3DBody] [comfy-env] DESERIALIZE TensorRef: tensor_size=[133]
[12:28]   [ComfyUI] [worker:ComfyUI-SAM3DBody] [comfy-env] DESERIALIZED tensor shape: torch.Size([133])
[12:28]   [ComfyUI] [worker:ComfyUI-SAM3DBody] [comfy-env] _from_shm got dict with keys: ['__type__', 'strategy', 'manager_path', 'storage_key', 'storage_size']
[12:28]   [ComfyUI] [worker:ComfyUI-SAM3DBody] [comfy-env] DESERIALIZE TensorRef: tensor_size=[108]
[12:28]   [ComfyUI] [worker:ComfyUI-SAM3DBody] [comfy-env] DESERIALIZED tensor shape: torch.Size([108])
[12:28]   [ComfyUI] [worker:ComfyUI-SAM3DBody] [comfy-env] _from_shm got dict with keys: ['__type__', 'strategy', 'manager_path', 'storage_key', 'storage_size']
[12:28]   [ComfyUI] [worker:ComfyUI-SAM3DBody] [comfy-env] DESERIALIZE TensorRef: tensor_size=[28]
[12:28]   [ComfyUI] [worker:ComfyUI-SAM3DBody] [comfy-env] DESERIALIZED tensor shape: torch.Size([28])
[12:28]   [ComfyUI] [worker:ComfyUI-SAM3DBody] [comfy-env] _from_shm got dict with keys: ['__type__', 'strategy', 'manager_path', 'storage_key', 'storage_size']
[12:28]   [ComfyUI] [worker:ComfyUI-SAM3DBody] [comfy-env] DESERIALIZE TensorRef: tensor_size=[45]
[12:28]   [ComfyUI] [worker:ComfyUI-SAM3DBody] [comfy-env] DESERIALIZED tensor shape: torch.Size([45])
[12:28]   [ComfyUI] [worker:ComfyUI-SAM3DBody] [comfy-env] _from_shm got dict with keys: ['__type__', 'strategy', 'manager_path', 'storage_key', 'storage_size']
[12:28]   [ComfyUI] [worker:ComfyUI-SAM3DBody] [comfy-env] DESERIALIZE TensorRef: tensor_size=[72]
[12:28]   [ComfyUI] [worker:ComfyUI-SAM3DBody] [comfy-env] DESERIALIZED tensor shape: torch.Size([72])
[12:28]   [ComfyUI] [worker:ComfyUI-SAM3DBody] [comfy-env] _from_shm got dict with keys: ['__type__', 'strategy', 'manager_path', 'storage_key', 'storage_size']
[12:28]   [ComfyUI] [worker:ComfyUI-SAM3DBody] [comfy-env] DESERIALIZE TensorRef: tensor_size=[497, 1200, 1]
[12:28]   [ComfyUI] [worker:ComfyUI-SAM3DBody] [comfy-env] DESERIALIZED tensor shape: torch.Size([497, 1200, 1])
[12:28]   [ComfyUI] [worker:ComfyUI-SAM3DBody] [comfy-env] _from_shm got dict with keys: ['__type__', 'strategy', 'manager_path', 'storage_key', 'storage_size']
[12:28]   [ComfyUI] [worker:ComfyUI-SAM3DBody] [comfy-env] DESERIALIZE TensorRef: tensor_size=[127, 3]
[12:28]   [ComfyUI] [worker:ComfyUI-SAM3DBody] [comfy-env] DESERIALIZED tensor shape: torch.Size([127, 3])
[12:28]   [ComfyUI] [worker:ComfyUI-SAM3DBody] [comfy-env] _from_shm got dict with keys: ['__type__', 'strategy', 'manager_path', 'storage_key', 'storage_size']
[12:28]   [ComfyUI] [worker:ComfyUI-SAM3DBody] [comfy-env] DESERIALIZE TensorRef: tensor_size=[127, 3, 3]
[12:28]   [ComfyUI] [worker:ComfyUI-SAM3DBody] [comfy-env] DESERIALIZED tensor shape: torch.Size([127, 3, 3])
[12:28]   [ComfyUI] [worker:ComfyUI-SAM3DBody] [comfy-env] _from_shm got dict with keys: ['__type__', 'strategy', 'manager_path', 'storage_key', 'storage_size']
[12:28]   [ComfyUI] [worker:ComfyUI-SAM3DBody] [comfy-env] DESERIALIZE TensorRef: tensor_size=[4]
[12:28]   [ComfyUI] [worker:ComfyUI-SAM3DBody] [comfy-env] DESERIALIZED tensor shape: torch.Size([4])
[12:28]   [ComfyUI] [worker:ComfyUI-SAM3DBody] [comfy-env] _from_shm got dict with keys: ['__type__', 'strategy', 'manager_path', 'storage_key', 'storage_size']
[12:28]   [ComfyUI] [worker:ComfyUI-SAM3DBody] [comfy-env] DESERIALIZE TensorRef: tensor_size=[4]
[12:28]   [ComfyUI] [worker:ComfyUI-SAM3DBody] [comfy-env] DESERIALIZED tensor shape: torch.Size([4])
[12:28]   [ComfyUI] [worker:ComfyUI-SAM3DBody] [comfy-env] _from_shm got dict with keys: ['__type__', 'strategy', 'manager_path', 'storage_key', 'storage_size']
[12:28]   [ComfyUI] [worker:ComfyUI-SAM3DBody] [comfy-env] DESERIALIZE TensorRef: tensor_size=[4]
[12:28]   [ComfyUI] [worker:ComfyUI-SAM3DBody] [comfy-env] DESERIALIZED tensor shape: torch.Size([4])
[12:28]   [ComfyUI] [worker:ComfyUI-SAM3DBody] [comfy-env] _from_shm got dict with keys: ['__type__', 'strategy', 'manager_path', 'storage_key', 'storage_size']
[12:28]   [ComfyUI] [worker:ComfyUI-SAM3DBody] [comfy-env] DESERIALIZE TensorRef: tensor_size=[70, 3]
[12:28]   [ComfyUI] [worker:ComfyUI-SAM3DBody] [comfy-env] DESERIALIZED tensor shape: torch.Size([70, 3])
[12:28]   [ComfyUI] [worker:ComfyUI-SAM3DBody] [comfy-env] _from_shm got dict with keys: ['__type__', 'strategy', 'manager_path', 'storage_key', 'storage_size']
[12:28]   [ComfyUI] [worker:ComfyUI-SAM3DBody] [comfy-env] DESERIALIZE TensorRef: tensor_size=[70, 2]
[12:28]   [ComfyUI] [worker:ComfyUI-SAM3DBody] [comfy-env] DESERIALIZED tensor shape: torch.Size([70, 2])
[12:28]   [ComfyUI] [worker:ComfyUI-SAM3DBody] [comfy-env] _from_shm got dict with keys: ['__type__', 'strategy', 'manager_path', 'storage_key', 'storage_size']
[12:28]   [ComfyUI] [worker:ComfyUI-SAM3DBody] [comfy-env] DESERIALIZE TensorRef: tensor_size=[18439, 3]
[12:28]   [ComfyUI] [worker:ComfyUI-SAM3DBody] [comfy-env] DESERIALIZED tensor shape: torch.Size([18439, 3])
[12:28]   [ComfyUI] [worker:ComfyUI-SAM3DBody] [comfy-env] _from_shm got dict with keys: ['__type__', 'strategy', 'manager_path', 'storage_key', 'storage_size']
[12:28]   [ComfyUI] [worker:ComfyUI-SAM3DBody] [comfy-env] DESERIALIZE TensorRef: tensor_size=[3]
[12:28]   [ComfyUI] [worker:ComfyUI-SAM3DBody] [comfy-env] DESERIALIZED tensor shape: torch.Size([3])
[12:28]   [ComfyUI] [worker:ComfyUI-SAM3DBody] [comfy-env] _from_shm got dict with keys: ['__type__', 'strategy', 'manager_path', 'storage_key', 'storage_size']
[12:28]   [ComfyUI] [worker:ComfyUI-SAM3DBody] [comfy-env] DESERIALIZE TensorRef: tensor_size=[266]
[12:28]   [ComfyUI] [worker:ComfyUI-SAM3DBody] [comfy-env] DESERIALIZED tensor shape: torch.Size([266])
[12:28]   [ComfyUI] [worker:ComfyUI-SAM3DBody] [comfy-env] _from_shm got dict with keys: ['__type__', 'strategy', 'manager_path', 'storage_key', 'storage_size']
[12:28]   [ComfyUI] [worker:ComfyUI-SAM3DBody] [comfy-env] DESERIALIZE TensorRef: tensor_size=[3]
[12:28]   [ComfyUI] [worker:ComfyUI-SAM3DBody] [comfy-env] DESERIALIZED tensor shape: torch.Size([3])
[12:28]   [ComfyUI] [worker:ComfyUI-SAM3DBody] [comfy-env] _from_shm got dict with keys: ['__type__', 'strategy', 'manager_path', 'storage_key', 'storage_size']
[12:28]   [ComfyUI] [worker:ComfyUI-SAM3DBody] [comfy-env] DESERIALIZE TensorRef: tensor_size=[133]
[12:28]   [ComfyUI] [worker:ComfyUI-SAM3DBody] [comfy-env] DESERIALIZED tensor shape: torch.Size([133])
[12:28]   [ComfyUI] [worker:ComfyUI-SAM3DBody] [comfy-env] _from_shm got dict with keys: ['__type__', 'strategy', 'manager_path', 'storage_key', 'storage_size']
[12:28]   [ComfyUI] [worker:ComfyUI-SAM3DBody] [comfy-env] DESERIALIZE TensorRef: tensor_size=[108]
[12:28]   [ComfyUI] [worker:ComfyUI-SAM3DBody] [comfy-env] DESERIALIZED tensor shape: torch.Size([108])
[12:28]   [ComfyUI] [worker:ComfyUI-SAM3DBody] [comfy-env] _from_shm got dict with keys: ['__type__', 'strategy', 'manager_path', 'storage_key', 'storage_size']
[12:28]   [ComfyUI] [worker:ComfyUI-SAM3DBody] [comfy-env] DESERIALIZE TensorRef: tensor_size=[28]
[12:28]   [ComfyUI] [worker:ComfyUI-SAM3DBody] [comfy-env] DESERIALIZED tensor shape: torch.Size([28])
[12:28]   [ComfyUI] [worker:ComfyUI-SAM3DBody] [comfy-env] _from_shm got dict with keys: ['__type__', 'strategy', 'manager_path', 'storage_key', 'storage_size']
[12:28]   [ComfyUI] [worker:ComfyUI-SAM3DBody] [comfy-env] DESERIALIZE TensorRef: tensor_size=[45]
[12:28]   [ComfyUI] [worker:ComfyUI-SAM3DBody] [comfy-env] DESERIALIZED tensor shape: torch.Size([45])
[12:28]   [ComfyUI] [worker:ComfyUI-SAM3DBody] [comfy-env] _from_shm got dict with keys: ['__type__', 'strategy', 'manager_path', 'storage_key', 'storage_size']
[12:28]   [ComfyUI] [worker:ComfyUI-SAM3DBody] [comfy-env] DESERIALIZE TensorRef: tensor_size=[72]
[12:28]   [ComfyUI] [worker:ComfyUI-SAM3DBody] [comfy-env] DESERIALIZED tensor shape: torch.Size([72])
[12:28]   [ComfyUI] [worker:ComfyUI-SAM3DBody] [comfy-env] _from_shm got dict with keys: ['__type__', 'strategy', 'manager_path', 'storage_key', 'storage_size']
[12:28]   [ComfyUI] [worker:ComfyUI-SAM3DBody] [comfy-env] DESERIALIZE TensorRef: tensor_size=[497, 1200, 1]
[12:28]   [ComfyUI] [worker:ComfyUI-SAM3DBody] [comfy-env] DESERIALIZED tensor shape: torch.Size([497, 1200, 1])
[12:28]   [ComfyUI] [worker:ComfyUI-SAM3DBody] [comfy-env] _from_shm got dict with keys: ['__type__', 'strategy', 'manager_path', 'storage_key', 'storage_size']
[12:28]   [ComfyUI] [worker:ComfyUI-SAM3DBody] [comfy-env] DESERIALIZE TensorRef: tensor_size=[127, 3]
[12:28]   [ComfyUI] [worker:ComfyUI-SAM3DBody] [comfy-env] DESERIALIZED tensor shape: torch.Size([127, 3])
[12:28]   [ComfyUI] [worker:ComfyUI-SAM3DBody] [comfy-env] _from_shm got dict with keys: ['__type__', 'strategy', 'manager_path', 'storage_key', 'storage_size']
[12:28]   [ComfyUI] [worker:ComfyUI-SAM3DBody] [comfy-env] DESERIALIZE TensorRef: tensor_size=[127, 3, 3]
[12:28]   [ComfyUI] [worker:ComfyUI-SAM3DBody] [comfy-env] DESERIALIZED tensor shape: torch.Size([127, 3, 3])
[12:28]   [ComfyUI] [worker:ComfyUI-SAM3DBody] [comfy-env] _from_shm got dict with keys: ['__type__', 'strategy', 'manager_path', 'storage_key', 'storage_size']
[12:28]   [ComfyUI] [worker:ComfyUI-SAM3DBody] [comfy-env] DESERIALIZE TensorRef: tensor_size=[4]
[12:28]   [ComfyUI] [worker:ComfyUI-SAM3DBody] [comfy-env] DESERIALIZED tensor shape: torch.Size([4])
[12:28]   [ComfyUI] [worker:ComfyUI-SAM3DBody] [comfy-env] _from_shm got dict with keys: ['__type__', 'strategy', 'manager_path', 'storage_key', 'storage_size']
[12:28]   [ComfyUI] [worker:ComfyUI-SAM3DBody] [comfy-env] DESERIALIZE TensorRef: tensor_size=[4]
[12:28]   [ComfyUI] [worker:ComfyUI-SAM3DBody] [comfy-env] DESERIALIZED tensor shape: torch.Size([4])
[12:28]   [ComfyUI] [worker:ComfyUI-SAM3DBody] [comfy-env] _from_shm got dict with keys: ['__type__', 'strategy', 'manager_path', 'storage_key', 'storage_size']
[12:28]   [ComfyUI] [worker:ComfyUI-SAM3DBody] [comfy-env] DESERIALIZE TensorRef: tensor_size=[4]
[12:28]   [ComfyUI] [worker:ComfyUI-SAM3DBody] [comfy-env] DESERIALIZED tensor shape: torch.Size([4])
[12:28]   [ComfyUI] [worker:ComfyUI-SAM3DBody] [comfy-env] _from_shm got dict with keys: ['__type__', 'strategy', 'manager_path', 'storage_key', 'storage_size']
[12:28]   [ComfyUI] [worker:ComfyUI-SAM3DBody] [comfy-env] DESERIALIZE TensorRef: tensor_size=[70, 3]
[12:28]   [ComfyUI] [worker:ComfyUI-SAM3DBody] [comfy-env] DESERIALIZED tensor shape: torch.Size([70, 3])
[12:28]   [ComfyUI] [worker:ComfyUI-SAM3DBody] [comfy-env] _from_shm got dict with keys: ['__type__', 'strategy', 'manager_path', 'storage_key', 'storage_size']
[12:28]   [ComfyUI] [worker:ComfyUI-SAM3DBody] [comfy-env] DESERIALIZE TensorRef: tensor_size=[70, 2]
[12:28]   [ComfyUI] [worker:ComfyUI-SAM3DBody] [comfy-env] DESERIALIZED tensor shape: torch.Size([70, 2])
[12:28]   [ComfyUI] [worker:ComfyUI-SAM3DBody] [comfy-env] _from_shm got dict with keys: ['__type__', 'strategy', 'manager_path', 'storage_key', 'storage_size']
[12:29]   [ComfyUI] [worker:ComfyUI-SAM3DBody] [comfy-env] DESERIALIZE TensorRef: tensor_size=[18439, 3]
[12:29]   [ComfyUI] [worker:ComfyUI-SAM3DBody] [comfy-env] DESERIALIZED tensor shape: torch.Size([18439, 3])
[12:29]   [ComfyUI] [worker:ComfyUI-SAM3DBody] [comfy-env] _from_shm got dict with keys: ['__type__', 'strategy', 'manager_path', 'storage_key', 'storage_size']
[12:29]   [ComfyUI] [worker:ComfyUI-SAM3DBody] [comfy-env] DESERIALIZE TensorRef: tensor_size=[3]
[12:29]   [ComfyUI] [worker:ComfyUI-SAM3DBody] [comfy-env] DESERIALIZED tensor shape: torch.Size([3])
[12:29]   [ComfyUI] [worker:ComfyUI-SAM3DBody] [comfy-env] _from_shm got dict with keys: ['__type__', 'strategy', 'manager_path', 'storage_key', 'storage_size']
[12:29]   [ComfyUI] [worker:ComfyUI-SAM3DBody] [comfy-env] DESERIALIZE TensorRef: tensor_size=[266]
[12:29]   [ComfyUI] [worker:ComfyUI-SAM3DBody] [comfy-env] DESERIALIZED tensor shape: torch.Size([266])
[12:29]   [ComfyUI] [worker:ComfyUI-SAM3DBody] [comfy-env] _from_shm got dict with keys: ['__type__', 'strategy', 'manager_path', 'storage_key', 'storage_size']
[12:29]   [ComfyUI] [worker:ComfyUI-SAM3DBody] [comfy-env] DESERIALIZE TensorRef: tensor_size=[3]
[12:29]   [ComfyUI] [worker:ComfyUI-SAM3DBody] [comfy-env] DESERIALIZED tensor shape: torch.Size([3])
[12:29]   [ComfyUI] [worker:ComfyUI-SAM3DBody] [comfy-env] _from_shm got dict with keys: ['__type__', 'strategy', 'manager_path', 'storage_key', 'storage_size']
[12:29]   [ComfyUI] [worker:ComfyUI-SAM3DBody] [comfy-env] DESERIALIZE TensorRef: tensor_size=[133]
[12:29]   [ComfyUI] [worker:ComfyUI-SAM3DBody] [comfy-env] DESERIALIZED tensor shape: torch.Size([133])
[12:29]   [ComfyUI] [worker:ComfyUI-SAM3DBody] [comfy-env] _from_shm got dict with keys: ['__type__', 'strategy', 'manager_path', 'storage_key', 'storage_size']
[12:29]   [ComfyUI] [worker:ComfyUI-SAM3DBody] [comfy-env] DESERIALIZE TensorRef: tensor_size=[108]
[12:29]   [ComfyUI] [worker:ComfyUI-SAM3DBody] [comfy-env] DESERIALIZED tensor shape: torch.Size([108])
[12:29]   [ComfyUI] [worker:ComfyUI-SAM3DBody] [comfy-env] _from_shm got dict with keys: ['__type__', 'strategy', 'manager_path', 'storage_key', 'storage_size']
[12:29]   [ComfyUI] [worker:ComfyUI-SAM3DBody] [comfy-env] DESERIALIZE TensorRef: tensor_size=[28]
[12:29]   [ComfyUI] [worker:ComfyUI-SAM3DBody] [comfy-env] DESERIALIZED tensor shape: torch.Size([28])
[12:29]   [ComfyUI] [worker:ComfyUI-SAM3DBody] [comfy-env] _from_shm got dict with keys: ['__type__', 'strategy', 'manager_path', 'storage_key', 'storage_size']
[12:29]   [ComfyUI] [worker:ComfyUI-SAM3DBody] [comfy-env] DESERIALIZE TensorRef: tensor_size=[45]
[12:29]   [ComfyUI] [worker:ComfyUI-SAM3DBody] [comfy-env] DESERIALIZED tensor shape: torch.Size([45])
[12:29]   [ComfyUI] [worker:ComfyUI-SAM3DBody] [comfy-env] _from_shm got dict with keys: ['__type__', 'strategy', 'manager_path', 'storage_key', 'storage_size']
[12:29]   [ComfyUI] [worker:ComfyUI-SAM3DBody] [comfy-env] DESERIALIZE TensorRef: tensor_size=[72]
[12:29]   [ComfyUI] [worker:ComfyUI-SAM3DBody] [comfy-env] DESERIALIZED tensor shape: torch.Size([72])
[12:29]   [ComfyUI] [worker:ComfyUI-SAM3DBody] [comfy-env] _from_shm got dict with keys: ['__type__', 'strategy', 'manager_path', 'storage_key', 'storage_size']
[12:29]   [ComfyUI] [worker:ComfyUI-SAM3DBody] [comfy-env] DESERIALIZE TensorRef: tensor_size=[497, 1200, 1]
[12:29]   [ComfyUI] [worker:ComfyUI-SAM3DBody] [comfy-env] DESERIALIZED tensor shape: torch.Size([497, 1200, 1])
[12:29]   [ComfyUI] [worker:ComfyUI-SAM3DBody] [comfy-env] _from_shm got dict with keys: ['__type__', 'strategy', 'manager_path', 'storage_key', 'storage_size']
[12:29]   [ComfyUI] [worker:ComfyUI-SAM3DBody] [comfy-env] DESERIALIZE TensorRef: tensor_size=[127, 3]
[12:29]   [ComfyUI] [worker:ComfyUI-SAM3DBody] [comfy-env] DESERIALIZED tensor shape: torch.Size([127, 3])
[12:29]   [ComfyUI] [worker:ComfyUI-SAM3DBody] [comfy-env] _from_shm got dict with keys: ['__type__', 'strategy', 'manager_path', 'storage_key', 'storage_size']
[12:29]   [ComfyUI] [worker:ComfyUI-SAM3DBody] [comfy-env] DESERIALIZE TensorRef: tensor_size=[127, 3, 3]
[12:29]   [ComfyUI] [worker:ComfyUI-SAM3DBody] [comfy-env] DESERIALIZED tensor shape: torch.Size([127, 3, 3])
[12:29]   [ComfyUI] [worker:ComfyUI-SAM3DBody] [comfy-env] _from_shm got dict with keys: ['__type__', 'strategy', 'manager_path', 'storage_key', 'storage_size']
[12:29]   [ComfyUI] [worker:ComfyUI-SAM3DBody] [comfy-env] DESERIALIZE TensorRef: tensor_size=[4]
[12:29]   [ComfyUI] [worker:ComfyUI-SAM3DBody] [comfy-env] DESERIALIZED tensor shape: torch.Size([4])
[12:29]   [ComfyUI] [worker:ComfyUI-SAM3DBody] [comfy-env] _from_shm got dict with keys: ['__type__', 'strategy', 'manager_path', 'storage_key', 'storage_size']
[12:29]   [ComfyUI] [worker:ComfyUI-SAM3DBody] [comfy-env] DESERIALIZE TensorRef: tensor_size=[4]
[12:29]   [ComfyUI] [worker:ComfyUI-SAM3DBody] [comfy-env] DESERIALIZED tensor shape: torch.Size([4])
[12:29]   [ComfyUI] [worker:ComfyUI-SAM3DBody] [comfy-env] _from_shm got dict with keys: ['__type__', 'strategy', 'manager_path', 'storage_key', 'storage_size']
[12:29]   [ComfyUI] [worker:ComfyUI-SAM3DBody] [comfy-env] DESERIALIZE TensorRef: tensor_size=[4]
[12:29]   [ComfyUI] [worker:ComfyUI-SAM3DBody] [comfy-env] DESERIALIZED tensor shape: torch.Size([4])
[12:29]   [ComfyUI] [worker:ComfyUI-SAM3DBody] [comfy-env] _from_shm got dict with keys: ['__type__', 'strategy', 'manager_path', 'storage_key', 'storage_size']
[12:29]   [ComfyUI] [worker:ComfyUI-SAM3DBody] [comfy-env] DESERIALIZE TensorRef: tensor_size=[70, 3]
[12:29]   [ComfyUI] [worker:ComfyUI-SAM3DBody] [comfy-env] DESERIALIZED tensor shape: torch.Size([70, 3])
[12:29]   [ComfyUI] [worker:ComfyUI-SAM3DBody] [comfy-env] _from_shm got dict with keys: ['__type__', 'strategy', 'manager_path', 'storage_key', 'storage_size']
[12:29]   [ComfyUI] [worker:ComfyUI-SAM3DBody] [comfy-env] DESERIALIZE TensorRef: tensor_size=[70, 2]
[12:29]   [ComfyUI] [worker:ComfyUI-SAM3DBody] [comfy-env] DESERIALIZED tensor shape: torch.Size([70, 2])
[12:29]   [ComfyUI] [worker:ComfyUI-SAM3DBody] [comfy-env] _from_shm got dict with keys: ['__type__', 'strategy', 'manager_path', 'storage_key', 'storage_size']
[12:29]   [ComfyUI] [worker:ComfyUI-SAM3DBody] [comfy-env] DESERIALIZE TensorRef: tensor_size=[18439, 3]
[12:29]   [ComfyUI] [worker:ComfyUI-SAM3DBody] [comfy-env] DESERIALIZED tensor shape: torch.Size([18439, 3])
[12:29]   [ComfyUI] [worker:ComfyUI-SAM3DBody] [comfy-env] _from_shm got dict with keys: ['__type__', 'strategy', 'manager_path', 'storage_key', 'storage_size']
[12:29]   [ComfyUI] [worker:ComfyUI-SAM3DBody] [comfy-env] DESERIALIZE TensorRef: tensor_size=[3]
[12:29]   [ComfyUI] [worker:ComfyUI-SAM3DBody] [comfy-env] DESERIALIZED tensor shape: torch.Size([3])
[12:29]   [ComfyUI] [worker:ComfyUI-SAM3DBody] [comfy-env] _from_shm got dict with keys: ['__type__', 'strategy', 'manager_path', 'storage_key', 'storage_size']
[12:29]   [ComfyUI] [worker:ComfyUI-SAM3DBody] [comfy-env] DESERIALIZE TensorRef: tensor_size=[266]
[12:29]   [ComfyUI] [worker:ComfyUI-SAM3DBody] [comfy-env] DESERIALIZED tensor shape: torch.Size([266])
[12:29]   [ComfyUI] [worker:ComfyUI-SAM3DBody] [comfy-env] _from_shm got dict with keys: ['__type__', 'strategy', 'manager_path', 'storage_key', 'storage_size']
[12:29]   [ComfyUI] [worker:ComfyUI-SAM3DBody] [comfy-env] DESERIALIZE TensorRef: tensor_size=[3]
[12:29]   [ComfyUI] [worker:ComfyUI-SAM3DBody] [comfy-env] DESERIALIZED tensor shape: torch.Size([3])
[12:29]   [ComfyUI] [worker:ComfyUI-SAM3DBody] [comfy-env] _from_shm got dict with keys: ['__type__', 'strategy', 'manager_path', 'storage_key', 'storage_size']
[12:29]   [ComfyUI] [worker:ComfyUI-SAM3DBody] [comfy-env] DESERIALIZE TensorRef: tensor_size=[133]
[12:29]   [ComfyUI] [worker:ComfyUI-SAM3DBody] [comfy-env] DESERIALIZED tensor shape: torch.Size([133])
[12:29]   [ComfyUI] [worker:ComfyUI-SAM3DBody] [comfy-env] _from_shm got dict with keys: ['__type__', 'strategy', 'manager_path', 'storage_key', 'storage_size']
[12:29]   [ComfyUI] [worker:ComfyUI-SAM3DBody] [comfy-env] DESERIALIZE TensorRef: tensor_size=[108]
[12:29]   [ComfyUI] [worker:ComfyUI-SAM3DBody] [comfy-env] DESERIALIZED tensor shape: torch.Size([108])
[12:29]   [ComfyUI] [worker:ComfyUI-SAM3DBody] [comfy-env] _from_shm got dict with keys: ['__type__', 'strategy', 'manager_path', 'storage_key', 'storage_size']
[12:29]   [ComfyUI] [worker:ComfyUI-SAM3DBody] [comfy-env] DESERIALIZE TensorRef: tensor_size=[28]
[12:29]   [ComfyUI] [worker:ComfyUI-SAM3DBody] [comfy-env] DESERIALIZED tensor shape: torch.Size([28])
[12:29]   [ComfyUI] [worker:ComfyUI-SAM3DBody] [comfy-env] _from_shm got dict with keys: ['__type__', 'strategy', 'manager_path', 'storage_key', 'storage_size']
[12:29]   [ComfyUI] [worker:ComfyUI-SAM3DBody] [comfy-env] DESERIALIZE TensorRef: tensor_size=[45]
[12:29]   [ComfyUI] [worker:ComfyUI-SAM3DBody] [comfy-env] DESERIALIZED tensor shape: torch.Size([45])
[12:29]   [ComfyUI] [worker:ComfyUI-SAM3DBody] [comfy-env] _from_shm got dict with keys: ['__type__', 'strategy', 'manager_path', 'storage_key', 'storage_size']
[12:29]   [ComfyUI] [worker:ComfyUI-SAM3DBody] [comfy-env] DESERIALIZE TensorRef: tensor_size=[72]
[12:29]   [ComfyUI] [worker:ComfyUI-SAM3DBody] [comfy-env] DESERIALIZED tensor shape: torch.Size([72])
[12:29]   [ComfyUI] [worker:ComfyUI-SAM3DBody] [comfy-env] _from_shm got dict with keys: ['__type__', 'strategy', 'manager_path', 'storage_key', 'storage_size']
[12:29]   [ComfyUI] [worker:ComfyUI-SAM3DBody] [comfy-env] DESERIALIZE TensorRef: tensor_size=[497, 1200, 1]
[12:29]   [ComfyUI] [worker:ComfyUI-SAM3DBody] [comfy-env] DESERIALIZED tensor shape: torch.Size([497, 1200, 1])
[12:29]   [ComfyUI] [worker:ComfyUI-SAM3DBody] [comfy-env] _from_shm got dict with keys: ['__type__', 'strategy', 'manager_path', 'storage_key', 'storage_size']
[12:29]   [ComfyUI] [worker:ComfyUI-SAM3DBody] [comfy-env] DESERIALIZE TensorRef: tensor_size=[127, 3]
[12:29]   [ComfyUI] [worker:ComfyUI-SAM3DBody] [comfy-env] DESERIALIZED tensor shape: torch.Size([127, 3])
[12:29]   [ComfyUI] [worker:ComfyUI-SAM3DBody] [comfy-env] _from_shm got dict with keys: ['__type__', 'strategy', 'manager_path', 'storage_key', 'storage_size']
[12:29]   [ComfyUI] [worker:ComfyUI-SAM3DBody] [comfy-env] DESERIALIZE TensorRef: tensor_size=[127, 3, 3]
[12:29]   [ComfyUI] [worker:ComfyUI-SAM3DBody] [comfy-env] DESERIALIZED tensor shape: torch.Size([127, 3, 3])
[12:29]   [ComfyUI] [worker:ComfyUI-SAM3DBody] [comfy-env] _from_shm got dict with keys: ['__type__', 'strategy', 'manager_path', 'storage_key', 'storage_size']
[12:29]   [ComfyUI] [worker:ComfyUI-SAM3DBody] [comfy-env] DESERIALIZE TensorRef: tensor_size=[4]
[12:29]   [ComfyUI] [worker:ComfyUI-SAM3DBody] [comfy-env] DESERIALIZED tensor shape: torch.Size([4])
[12:29]   [ComfyUI] [worker:ComfyUI-SAM3DBody] [comfy-env] _from_shm got dict with keys: ['__type__', 'strategy', 'manager_path', 'storage_key', 'storage_size']
[12:29]   [ComfyUI] [worker:ComfyUI-SAM3DBody] [comfy-env] DESERIALIZE TensorRef: tensor_size=[4]
[12:29]   [ComfyUI] [worker:ComfyUI-SAM3DBody] [comfy-env] DESERIALIZED tensor shape: torch.Size([4])
[12:29]   [ComfyUI] [worker:ComfyUI-SAM3DBody] [comfy-env] _from_shm got dict with keys: ['__type__', 'strategy', 'manager_path', 'storage_key', 'storage_size']
[12:29]   [ComfyUI] [worker:ComfyUI-SAM3DBody] [comfy-env] DESERIALIZE TensorRef: tensor_size=[36874, 3]
[12:29]   [ComfyUI] [worker:ComfyUI-SAM3DBody] [comfy-env] DESERIALIZED tensor shape: torch.Size([36874, 3])
[12:31]   [capture-loop] iter=900 t=112.7s state={'complete': False, 'error': None, 'executedCount': 4, 'wsState': 1} eval_ms=4 ram=12.3/31.9GB (39%) swap=0.6/5.0GB (12%) cpu=11% browser_rss=1.03GB
[12:33]   [ComfyUI] [SubprocessWorker] callback 'report_progress' from call_id=8
[12:33]   [ComfyUI] [SubprocessWorker] callback 'report_progress' from call_id=8
[12:33]   [ComfyUI] [SubprocessWorker] callback 'report_progress' from call_id=8
[12:34]   [ComfyUI] [SubprocessWorker] callback 'report_progress' from call_id=8
[12:34]   Frame 23 saved (frame_022.jpg, t=115.2s)
[12:34]   [capture-periodic] freeze=8ms shot=143ms unfreeze=8ms saved=True
[12:34]   [ComfyUI] [SubprocessWorker] callback 'report_progress' from call_id=8
[12:34]   [ComfyUI] [SubprocessWorker] callback 'report_progress' from call_id=8
[12:34]   [ComfyUI] [SubprocessWorker] callback 'report_progress' from call_id=8
[12:34]   [ComfyUI] [SubprocessWorker] callback 'report_progress' from call_id=8
[12:35]   [ComfyUI] [SubprocessWorker] callback 'report_progress' from call_id=8
[12:35]   [ComfyUI] [SubprocessWorker] callback 'report_progress' from call_id=8
[12:35]   [ComfyUI] [SubprocessWorker] callback 'report_progress' from call_id=8
[12:36]   Frame 24 saved (frame_023.jpg, t=117.4s)
[12:36]   [capture-periodic] freeze=4ms shot=146ms unfreeze=5ms saved=True
[12:37]   [capture-loop] iter=950 t=118.8s state={'complete': False, 'error': None, 'executedCount': 4, 'wsState': 1} eval_ms=4 ram=13.0/31.9GB (41%) swap=0.6/5.0GB (12%) cpu=7% browser_rss=1.03GB
[12:43]   [capture-loop] iter=1000 t=124.8s state={'complete': False, 'error': None, 'executedCount': 4, 'wsState': 1} eval_ms=4 ram=13.0/31.9GB (41%) swap=0.6/5.0GB (12%) cpu=10% browser_rss=1.03GB
[12:47]   [ComfyUI] [worker:ComfyUI-SAM3DBody]
[12:47]   [ComfyUI] FBX export starting... 'C:\\workspaces\\SAM3DBody-0354\\portable-comfyui\\ComfyUI_windows_portable\\ComfyUI\\output\\sam3d_multi_rigged.fbx'
[12:47]   [ComfyUI] [worker:ComfyUI-SAM3DBody] (bpy.data.armatures['SAM3D_Skeleton_0'], 'POSE')
[12:47]   [ComfyUI] [worker:ComfyUI-SAM3DBody] (bpy.data.armatures['SAM3D_Skeleton_1'], 'POSE')
[12:47]   [ComfyUI] [worker:ComfyUI-SAM3DBody] (bpy.data.armatures['SAM3D_Skeleton_10'], 'POSE')
[12:47]   [ComfyUI] [worker:ComfyUI-SAM3DBody] (bpy.data.armatures['SAM3D_Skeleton_2'], 'POSE')
[12:47]   [ComfyUI] [worker:ComfyUI-SAM3DBody] (bpy.data.armatures['SAM3D_Skeleton_3'], 'POSE')
[12:47]   [ComfyUI] [worker:ComfyUI-SAM3DBody] (bpy.data.armatures['SAM3D_Skeleton_4'], 'POSE')
[12:47]   [ComfyUI] [worker:ComfyUI-SAM3DBody] (bpy.data.armatures['SAM3D_Skeleton_5'], 'POSE')
[12:47]   [ComfyUI] [worker:ComfyUI-SAM3DBody] (bpy.data.armatures['SAM3D_Skeleton_6'], 'POSE')
[12:47]   [ComfyUI] [worker:ComfyUI-SAM3DBody] (bpy.data.armatures['SAM3D_Skeleton_7'], 'POSE')
[12:47]   [ComfyUI] [worker:ComfyUI-SAM3DBody] (bpy.data.armatures['SAM3D_Skeleton_8'], 'POSE')
[12:47]   [ComfyUI] [worker:ComfyUI-SAM3DBody] (bpy.data.armatures['SAM3D_Skeleton_9'], 'POSE')
[12:48]   [ComfyUI] [worker:ComfyUI-SAM3DBody]
[12:48]   [ComfyUI] === WATCHDOG TICK 1 ===
[12:48]   [ComfyUI] [worker:ComfyUI-SAM3DBody] Thread 0x00001764 (most recent call first):
[12:48]   [ComfyUI]   File "C:\ce\.pixi\envs\sam3dbody-nodes\Lib\site-packages\bpy\5.1\scripts\addons_core\io_scene_fbx\encode_bin.py", line 74 in insert_compressed_array
[12:48]   [ComfyUI]   File "C:\ce\.pixi\envs\sam3dbody-nodes\Lib\site-packages\bpy\5.1\scripts\addons_core\io_scene_fbx\fbx_utils_threading.py", line 131 in _task_consumer_callable
[12:48]   [ComfyUI]   File "C:\ce\.pixi\envs\sam3dbody-nodes\Lib\concurrent\futures\thread.py", line 59 in run
[12:48]   [ComfyUI]   File "C:\ce\.pixi\envs\sam3dbody-nodes\Lib\concurrent\futures\thread.py", line 93 in _worker
[12:48]   [ComfyUI]   File "C:\ce\.pixi\envs\sam3dbody-nodes\Lib\threading.py", line 995 in run
[12:48]   [ComfyUI]   File "C:\ce\.pixi\envs\sam3dbody-nodes\Lib\threading.py", line 1044 in _bootstrap_inner
[12:48]   [ComfyUI]   File "C:\ce\.pixi\envs\sam3dbody-nodes\Lib\threading.py", line 1015 in _bootstrap
[12:48]   [ComfyUI] 
[12:48]   [ComfyUI] Thread 0x000045a4 (most recent call first):
[12:48]   [ComfyUI]   File "C:\Users\ContainerAdministrator\AppData\Local\Temp\comfyui_pvenv_jmmp98ue\persistent_worker.py", line 106 in _vram_poller
[12:48]   [ComfyUI]   File "C:\ce\.pixi\envs\sam3dbody-nodes\Lib\threading.py", line 995 in run
[12:48]   [ComfyUI]   File "C:\ce\.pixi\envs\sam3dbody-nodes\Lib\threading.py", line 1044 in _bootstrap_inner
[12:48]   [ComfyUI]   File "C:\ce\.pixi\envs\sam3dbody-nodes\Lib\threading.py", line 1015 in _bootstrap
[12:48]   [ComfyUI] 
[12:48]   [ComfyUI] Current thread 0x000026a0 (most recent call first):
[12:48]   [ComfyUI]   File "C:\Users\ContainerAdministrator\AppData\Local\Temp\comfyui_pvenv_jmmp98ue\persistent_worker.py", line 52 in _watchdog
[12:48]   [ComfyUI]   File "C:\ce\.pixi\envs\sam3dbody-nodes\Lib\threading.py", line 995 in run
[12:48]   [ComfyUI]   File "C:\ce\.pixi\envs\sam3dbody-nodes\Lib\threading.py", line 1044 in _bootstrap_inner
[12:48]   [ComfyUI]   File "C:\ce\.pixi\envs\sam3dbody-nodes\Lib\threading.py", line 1015 in _bootstrap
[12:48]   [ComfyUI] 
[12:48]   [ComfyUI] Thread 0x00000970 (most recent call first):
[12:48]   [ComfyUI]   File "C:\ce\.pixi\envs\sam3dbody-nodes\Lib\site-packages\numpy\lib\_arraysetops_impl.py", line 358 in _unique1d
[12:48]   [ComfyUI]   File "C:\ce\.pixi\envs\sam3dbody-nodes\Lib\site-packages\numpy\lib\_arraysetops_impl.py", line 296 in unique
[12:48]   [ComfyUI]   File "C:\ce\.pixi\envs\sam3dbody-nodes\Lib\site-packages\bpy\5.1\scripts\addons_core\io_scene_fbx\fbx_utils.py", line 555 in fast_first_axis_unique
[12:48]   [ComfyUI]   File "C:\ce\.pixi\envs\sam3dbody-nodes\Lib\site-packages\bpy\5.1\scripts\addons_core\io_scene_fbx\export_fbx_bin.py", line 1015 in fbx_data_mesh_elements
[12:48]   [ComfyUI]   File "C:\ce\.pixi\envs\sam3dbody-nodes\Lib\site-packages\bpy\5.1\scripts\addons_core\io_scene_fbx\export_fbx_bin.py", line 3417 in fbx_objects_elements
[12:48]   [ComfyUI]   File "C:\ce\.pixi\envs\sam3dbody-nodes\Lib\site-packages\bpy\5.1\scripts\addons_core\io_scene_fbx\export_fbx_bin.py", line 3623 in save_single
[12:48]   [ComfyUI]   File "C:\ce\.pixi\envs\sam3dbody-nodes\Lib\site-packages\bpy\5.1\scripts\addons_core\io_scene_fbx\export_fbx_bin.py", line 3754 in save
[12:48]   [ComfyUI]   File "C:\ce\.pixi\envs\sam3dbody-nodes\Lib\site-packages\bpy\5.1\scripts\addons_core\io_scene_fbx\__init__.py", line 622 in execute
[12:48]   [ComfyUI]   File "C:\workspaces\SAM3DBody-0354\portable-comfyui\ComfyUI_windows_portable\ComfyUI\custom_nodes\ComfyUI-SAM3DBody\nodes\export.py", line 446 in _export_combined
[12:48]   [ComfyUI]   File "C:\workspaces\SAM3DBody-0354\portable-comfyui\ComfyUI_windows_portable\ComfyUI\custom_nodes\ComfyUI-SAM3DBody\nodes\export.py", line 41 in export
[12:48]   [ComfyUI]   File "C:\workspaces\SAM3DBody-0354\portable-comfyui\ComfyUI_windows_portable\ComfyUI\custom_nodes\ComfyUI-SAM3DBody\nodes\export.py", line 1012 in execute
[12:48]   [ComfyUI]   File "C:\workspaces\SAM3DBody-0354\portable-comfyui\ComfyUI_windows_portable\ComfyUI\comfy_api\latest\_io.py", line 1826 in EXECUTE_NORMALIZED
[12:48]   [ComfyUI]   File "C:\Users\ContainerAdministrator\AppData\Local\Temp\comfyui_pvenv_jmmp98ue\persistent_worker.py", line 1762 in main
[12:48]   [ComfyUI]   File "C:\Users\ContainerAdministrator\AppData\Local\Temp\comfyui_pvenv_jmmp98ue\persistent_worker.py", line 1807 in <module>
[12:48]   [ComfyUI] 
[12:48]   [ComfyUI] [worker:ComfyUI-SAM3DBody] === END ===
[12:48]   [ComfyUI] 
[12:49]   [capture-loop] iter=1050 t=130.7s state={'complete': False, 'error': None, 'executedCount': 4, 'wsState': 1} eval_ms=5 ram=13.1/31.9GB (41%) swap=0.6/5.0GB (12%) cpu=13% browser_rss=1.03GB
[12:51]   [ComfyUI] [worker:ComfyUI-SAM3DBody] export finished in 3.7735 sec.
[12:51]   [ComfyUI] [SubprocessWorker] got response: ok
[12:51]   [ComfyUI] [comfy-env] SAM3DBodyExportMultipleFBX done (25.49s): result: NodeOutput
[12:51]   [ComfyUI] [VRAM] After SAM3DBodyExportMultipleFBX: 5309 / 12287 MB
[12:51]   [ComfyUI] [VRAM] Loaded: SubprocessModel (3143 MB), SubprocessModel (2585 MB)
[12:51]   [ComfyUI] Prompt executed in 132.58 seconds
[12:51]   [ComfyUI] [comfy-env] [VRAM] Before offload 'DepthAnything3Net_1' (2585 MB) -> cpu: 5309 / 12287 MB
[12:51]   [ComfyUI] [ComfyUI-DepthAnythingV3] Health check: ping (timeout=5.0s)...
[12:51]   [ComfyUI] [ComfyUI-DepthAnythingV3] Health check: failed
[12:51]   [ComfyUI] [ComfyUI-DepthAnythingV3] Socket unhealthy, restarting worker...
[12:51]   [ComfyUI] [ComfyUI-DepthAnythingV3] python: C:\ce\.pixi\envs\depthanythingv3-nodes\python.exe
[12:51]   [ComfyUI] [comfy-env] Invalidated 1 stale model patchers (will be cleaned up during next unload)
[12:51]   [ComfyUI] [ComfyUI-DepthAnythingV3] sys_path sent to worker: ['C:\\workspaces\\SAM3DBody-0354\\portable-comfyui\\ComfyUI_windows_portable\\ComfyUI', 'C:\\workspaces\\SAM3DBody-0354\\portable-comfyui\\ComfyUI_windows_portable\\ComfyUI\\custom_nodes\\ComfyUI-DepthAnythingV3', 'C:\\ce\\.pixi\\envs\\depthanythingv3-nodes\\Lib\\site-packages', 'C:\\workspaces\\SAM3DBody-0354\\portable-comfyui\\ComfyUI_windows_portable\\ComfyUI\\custom_nodes\\ComfyUI-DepthAnythingV3']
[12:51]   [ComfyUI] [comfy-env] depthanythingv3-nodes: Library/bin has 235 DLLs
[12:51]   [ComfyUI] [SubprocessWorker] is_pixi=True, python=C:\ce\.pixi\envs\depthanythingv3-nodes\python.exe
[12:51]   [ComfyUI] [SubprocessWorker] launching cmd=['C:\\Users\\ContainerAdministrator\\.pixi\\bin\\pixi.exe', 'run', '--as-is', '--manifest-path', 'C:\\ce\\pixi.toml', '-e', 'depthanythingv3-nodes', 'python', 'C:\\Users\\ContainerAdministrator\\AppData\\Local\\Temp\\comfyui_pvenv_kxie54m0\\persistent_worker.py', 'tcp://127.0.0.1:62246']...
[12:51]   Node executed (5 total), capturing...
[12:55]   [ComfyUI] [worker:ComfyUI-DepthAnythingV3] ERROR: Failed to import comfy_kitchen, Error: No module named 'comfy_kitchen', fp8 and fp4 support will not be available.
[12:55]   [ComfyUI] [SubprocessWorker] call_id=3 sending model_to_device
[12:55]   [ComfyUI] Model 'DepthAnything3Net_1' gone from worker (restarted?), treating as offloaded
[12:55]   [ComfyUI] [comfy-env] [VRAM] After offload 'DepthAnything3Net_1' (2585 MB): 1042 / 12287 MB
[12:55]   [ComfyUI] [comfy-env] [VRAM] Before offload 'SAM3DBody_1' (3143 MB) -> cpu: 1042 / 12287 MB
[12:55]   [ComfyUI] [ComfyUI-SAM3DBody] Health check: ping (timeout=5.0s)...
[12:55]   [ComfyUI] [ComfyUI-SAM3DBody] Health check: ok
[12:55]   [ComfyUI] [SubprocessWorker] call_id=9 sending model_to_device
[12:55]   [ComfyUI] [worker:ComfyUI-SAM3DBody] [VRAM] -303MB (now 2850MB) reserved=4160MB peak=3830MB
[12:56]   [ComfyUI] [worker:ComfyUI-SAM3DBody] [VRAM] -1998MB (now 852MB) reserved=4160MB peak=3830MB
[12:56]   [ComfyUI] [comfy-env] [VRAM] After offload 'SAM3DBody_1' (3143 MB): 1042 / 12287 MB
[13:09]   Frame 25 saved (frame_024.jpg, t=133.0s)
[13:09]   [capture-node] freeze=8567ms shot=8950ms unfreeze=4ms saved=True
[13:09]   Node executed (6 total), capturing...
[13:09]   [capture-node] freeze=4ms shot=153ms unfreeze=0ms saved=False
[13:09]   Execution complete (t=150.9s)
[13:09]   [3d-wait] Phase 1: Waiting for 'Loading 3D Model' text to disappear...
[14:09]   [3d-wait] Phase 1 exception after 60.0s: Page.wait_for_function: Timeout 60000ms exceeded.
[14:09]   [3d-wait] Phase 2: iframes=0
[14:09]   [3d-wait] Total 3D wait: 60.0s
[14:09]   Captured 25 unique frames over 211.06s
[14:09]   [debug] iframes: 0
[14:09]   [timing] trigger_3d_previews: 0.0s
[14:12]   Saved high-quality screenshot: multiple_masks_depthcorrected_executed.png
[14:12]   [timing] final_screenshot: 0.3s
[14:12]   [3/5] SKIPPED (not in gpu list) rigged_mesh_manipulation.json
[14:12] Capturing execution frames: rigging.json
[14:36]   Frame 1 saved (frame_000.jpg, t=0.0s)
[14:36]   Validating workflow...
[14:36]   [ComfyUI] === /validate endpoint called ===
[14:36]   [ComfyUI] Received JSON with keys: ['prompt']
[14:36]   Queuing workflow for execution...
[14:36]   [ComfyUI] Prompt has 6 nodes
[14:36]   [ComfyUI]   Node 3: LoadImage
[14:36]   [ComfyUI]     Inputs: {"image": "masked_dancing.png"}
[14:36]   [ComfyUI]   Node 4: PreviewImage
[14:36]   [ComfyUI]     Inputs: {"images": ["10", 2]}
[14:36]   [ComfyUI]   Node 10: SAM3DBodyProcess
[14:36]   [ComfyUI]     Inputs: {"bbox_threshold": 0.8, "inference_type": "full", "model": ["15", 0], "image": ["3", 0], "mask": ["3", 1]}
[14:36]   [ComfyUI]   Node 12: SAM3DBodyExportFBX
[14:36]   [ComfyUI]     Inputs: {"output_filename": "sam3d_rigged.fbx", "mesh_data": ["10", 0]}
[14:36]   [ComfyUI]   Node 13: SAM3DBodyPreviewRiggedMesh
[14:36]   [ComfyUI]     Inputs: {"fbx_output_path": ["12", 0], "preview": ""}
[14:36]   [ComfyUI]   Node 15: LoadSAM3DBodyModel
[14:36]   [ComfyUI]     Inputs: {"precision": "auto"}
[14:36]   [ComfyUI] Generated prompt_id: efe94f1f-1524-47d1-80b3-e400dac2ec79
[14:36]   [ComfyUI] Calling execution.validate_prompt()...
[14:36]   [ComfyUI] Validation result: valid=True
[14:36]   [ComfyUI] === Validation PASSED ===
[14:36]   [ComfyUI] got prompt
[14:36]   [ComfyUI] [comfy-env] Running LoadSAM3DBodyModel: precision: 'auto'
[14:36]   [ComfyUI] [VRAM] Before LoadSAM3DBodyModel: 1042 / 12287 MB
[14:36]   [ComfyUI] [SubprocessWorker] call_method: nodes.load_model.LoadSAM3DBodyModel.EXECUTE_NORMALIZED
[14:36]   [ComfyUI] [SubprocessWorker] acquired lock, ensuring started...
[14:36]   [ComfyUI] [ComfyUI-SAM3DBody] python: C:\ce\.pixi\envs\sam3dbody-nodes\python.exe
[14:36]   [ComfyUI] [ComfyUI-SAM3DBody] Health check: ping (timeout=5.0s)...
[14:36]   [ComfyUI] [ComfyUI-SAM3DBody] sys_path sent to worker: ['C:\\workspaces\\SAM3DBody-0354\\portable-comfyui\\ComfyUI_windows_portable\\ComfyUI', 'C:\\workspaces\\SAM3DBody-0354\\portable-comfyui\\ComfyUI_windows_portable\\ComfyUI\\custom_nodes\\ComfyUI-SAM3DBody', 'C:\\ce\\.pixi\\envs\\sam3dbody-nodes\\Lib\\site-packages', 'C:\\workspaces\\SAM3DBody-0354\\portable-comfyui\\ComfyUI_windows_portable\\ComfyUI\\custom_nodes\\ComfyUI-SAM3DBody']
[14:36]   [ComfyUI] [ComfyUI-SAM3DBody] Health check: failed
[14:36]   [ComfyUI] [SubprocessWorker] is_pixi=True, python=C:\ce\.pixi\envs\sam3dbody-nodes\python.exe
[14:36]   [ComfyUI] [ComfyUI-SAM3DBody] Socket unhealthy, restarting worker...
[14:36]   [ComfyUI] [SubprocessWorker] launching cmd=['C:\\Users\\ContainerAdministrator\\.pixi\\bin\\pixi.exe', 'run', '--as-is', '--manifest-path', 'C:\\ce\\pixi.toml', '-e', 'sam3dbody-nodes', 'python', 'C:\\Users\\ContainerAdministrator\\AppData\\Local\\Temp\\comfyui_pvenv_jmmp98ue\\persistent_worker.py', 'tcp://127.0.0.1:50464']...
[14:36]   [ComfyUI] [comfy-env] Invalidated 1 stale model patchers (will be cleaned up during next unload)
[14:36]   [ComfyUI] [comfy-env] sam3dbody-nodes: Library/bin has 235 DLLs
[14:38]   Frame 2 saved (frame_001.jpg, t=2.3s)
[14:38]   [capture-periodic] freeze=4ms shot=119ms unfreeze=6ms saved=True
[14:40]   [ComfyUI] [worker:ComfyUI-SAM3DBody] ERROR: Failed to import comfy_kitchen, Error: No module named 'comfy_kitchen', fp8 and fp4 support will not be available.
[14:40]   [ComfyUI] [SubprocessWorker] worker started/confirmed
[14:40]   [ComfyUI] [SubprocessWorker] serializing kwargs to shm...
[14:40]   [ComfyUI] [SubprocessWorker] created 0 shm blocks
[14:40]   [ComfyUI] [SubprocessWorker] sending request via socket...
[14:40]   [ComfyUI] [SubprocessWorker] call_id=10 sending call_method
[14:40]   [ComfyUI] [SubprocessWorker] got response: ok
[14:40]   [ComfyUI] [comfy-env] [VRAM] Before offload 'SAM3DBody_1' (3143 MB) -> cpu: 1042 / 12287 MB
[14:40]   [ComfyUI] [ComfyUI-SAM3DBody] Health check: ping (timeout=5.0s)...
[14:40]   [ComfyUI] [ComfyUI-SAM3DBody] Health check: ok
[14:40]   [ComfyUI] [SubprocessWorker] call_id=11 sending model_to_device
[14:40]   [ComfyUI] Model 'SAM3DBody_1' gone from worker (restarted?), treating as offloaded
[14:40]   [ComfyUI] [comfy-env] [VRAM] After offload 'SAM3DBody_1' (3143 MB): 1042 / 12287 MB
[14:40]   [ComfyUI] [ComfyUI-DepthAnythingV3] python: C:\ce\.pixi\envs\depthanythingv3-nodes\python.exe
[14:40]   [ComfyUI] [comfy-env] [VRAM] Before offload 'DepthAnything3Net_1' (2585 MB) -> cpu: 1042 / 12287 MB
[14:40]   [ComfyUI] [ComfyUI-DepthAnythingV3] sys_path sent to worker: ['C:\\workspaces\\SAM3DBody-0354\\portable-comfyui\\ComfyUI_windows_portable\\ComfyUI', 'C:\\workspaces\\SAM3DBody-0354\\portable-comfyui\\ComfyUI_windows_portable\\ComfyUI\\custom_nodes\\ComfyUI-DepthAnythingV3', 'C:\\ce\\.pixi\\envs\\depthanythingv3-nodes\\Lib\\site-packages', 'C:\\workspaces\\SAM3DBody-0354\\portable-comfyui\\ComfyUI_windows_portable\\ComfyUI\\custom_nodes\\ComfyUI-DepthAnythingV3']
[14:40]   [ComfyUI] [ComfyUI-DepthAnythingV3] Health check: ping (timeout=5.0s)...
[14:40]   [ComfyUI] [SubprocessWorker] is_pixi=True, python=C:\ce\.pixi\envs\depthanythingv3-nodes\python.exe
[14:40]   [ComfyUI] [ComfyUI-DepthAnythingV3] Health check: failed
[14:40]   [ComfyUI] [SubprocessWorker] launching cmd=['C:\\Users\\ContainerAdministrator\\.pixi\\bin\\pixi.exe', 'run', '--as-is', '--manifest-path', 'C:\\ce\\pixi.toml', '-e', 'depthanythingv3-nodes', 'python', 'C:\\Users\\ContainerAdministrator\\AppData\\Local\\Temp\\comfyui_pvenv_kxie54m0\\persistent_worker.py', 'tcp://127.0.0.1:50466']...
[14:40]   [ComfyUI] [ComfyUI-DepthAnythingV3] Socket unhealthy, restarting worker...
[14:40]   [ComfyUI] [comfy-env] depthanythingv3-nodes: Library/bin has 235 DLLs
[14:41]   Frame 3 saved (frame_002.jpg, t=4.5s)
[14:41]   [capture-periodic] freeze=7ms shot=117ms unfreeze=5ms saved=True
[14:42]   [capture-loop] iter=50 t=6.3s state={'complete': False, 'error': None, 'executedCount': 0, 'wsState': 1} eval_ms=9 ram=9.4/31.9GB (29%) swap=0.6/5.0GB (12%) cpu=6% browser_rss=1.17GB
[14:44]   [ComfyUI] [worker:ComfyUI-DepthAnythingV3] ERROR: Failed to import comfy_kitchen, Error: No module named 'comfy_kitchen', fp8 and fp4 support will not be available.
[14:44]   [ComfyUI] [SubprocessWorker] call_id=4 sending model_to_device
[14:44]   [ComfyUI] Model 'DepthAnything3Net_1' gone from worker (restarted?), treating as offloaded
[14:44]   [ComfyUI] [comfy-env] [VRAM] After offload 'DepthAnything3Net_1' (2585 MB): 1042 / 12287 MB
[14:44]   [ComfyUI] [comfy-env] LoadSAM3DBodyModel done (7.55s): result: NodeOutput
[14:44]   [ComfyUI] [VRAM] After LoadSAM3DBodyModel: 1042 / 12287 MB
[14:44]   [ComfyUI] [comfy-env] Running SAM3DBodyProcess: bbox_threshold: 0.8, inference_type: 'full', model: dict, image: torch.float32 [1,1500,2250,3] cpu, mask: torch.float32 [1,1500,2250] cpu
[14:44]   [ComfyUI] [VRAM] Before SAM3DBodyProcess: 1042 / 12287 MB
[14:44]   [ComfyUI] [SubprocessWorker] call_method: nodes.process.SAM3DBodyProcess.EXECUTE_NORMALIZED
[14:44]   [ComfyUI] [SubprocessWorker] acquired lock, ensuring started...
[14:44]   [ComfyUI] [ComfyUI-SAM3DBody] Health check: ping (timeout=5.0s)...
[14:44]   [ComfyUI] [ComfyUI-SAM3DBody] Health check: ok
[14:44]   [ComfyUI] [SubprocessWorker] worker started/confirmed
[14:44]   [ComfyUI] [comfy-env] PRE-SERIALIZE 'image' shape: torch.Size([1, 1500, 2250, 3])
[14:44]   [ComfyUI] [comfy-env] PRE-SERIALIZE 'mask' shape: torch.Size([1, 1500, 2250])
[14:44]   [ComfyUI] [SubprocessWorker] serializing kwargs to shm...
[14:44]   [ComfyUI] [SubprocessWorker] created 0 shm blocks
[14:44]   [ComfyUI] [SubprocessWorker] sending request via socket...
[14:44]   [ComfyUI] [SubprocessWorker] call_id=12 sending call_method
[14:44]   [ComfyUI] [worker:ComfyUI-SAM3DBody] [comfy-env] _from_shm got dict with keys: ['__type__', 'strategy', 'manager_path', 'storage_key', 'storage_size']
[14:44]   [ComfyUI] [worker:ComfyUI-SAM3DBody] [comfy-env] DESERIALIZE TensorRef: tensor_size=[1, 1500, 2250, 3]
[14:44]   [ComfyUI] [worker:ComfyUI-SAM3DBody] [comfy-env] DESERIALIZED tensor shape: torch.Size([1, 1500, 2250, 3])
[14:44]   [ComfyUI] [worker:ComfyUI-SAM3DBody] [comfy-env] _from_shm got dict with keys: ['__type__', 'strategy', 'manager_path', 'storage_key', 'storage_size']
[14:44]   [ComfyUI] [worker:ComfyUI-SAM3DBody] [comfy-env] DESERIALIZE TensorRef: tensor_size=[1, 1500, 2250]
[14:44]   [ComfyUI] [worker:ComfyUI-SAM3DBody] [comfy-env] DESERIALIZED tensor shape: torch.Size([1, 1500, 2250])
[14:45]   Frame 4 saved (frame_003.jpg, t=9.0s)
[14:45]   [capture-periodic] freeze=4ms shot=116ms unfreeze=6ms saved=True
[14:46]   [ComfyUI] C:\workspaces\SAM3DBody-0354\portable-comfyui\ComfyUI_windows_portable\ComfyUI\custom_nodes\ComfyUI-SAM3DBody\nodes\sam_3d_body\heads.py:40: UserWarning: Momentum is not enabled
[14:46]   [ComfyUI]   warnings.warn("Momentum is not enabled")
[14:46]   [ComfyUI] [worker:ComfyUI-SAM3DBody] WARNING: No comfy kitchen, using old apply_rope functions.
[14:48]   [ComfyUI] [SubprocessWorker] callback 'request_vram_budget' from call_id=12
[14:48]   [ComfyUI] [comfy-env] VRAM request: 3.30GB, free before eviction: 11.79GB
[14:48]   [ComfyUI] [comfy-env] VRAM after eviction: 11.79GB
[14:49]   [capture-loop] iter=100 t=12.6s state={'complete': False, 'error': None, 'executedCount': 0, 'wsState': 1} eval_ms=8 ram=11.3/31.9GB (36%) swap=0.6/5.0GB (12%) cpu=16% browser_rss=0.98GB
[14:49]   [ComfyUI] [worker:ComfyUI-SAM3DBody] [VRAM] +633MB (now 633MB) reserved=640MB peak=633MB
[14:50]   [ComfyUI] [worker:ComfyUI-SAM3DBody] [VRAM] +1808MB (now 2441MB) reserved=2464MB peak=2441MB
[14:51]   [ComfyUI] [worker:ComfyUI-SAM3DBody] [VRAM] +705MB (now 3147MB) reserved=3168MB peak=3147MB
[14:55]   [capture-loop] iter=150 t=18.8s state={'complete': False, 'error': None, 'executedCount': 0, 'wsState': 1} eval_ms=5 ram=10.6/31.9GB (33%) swap=0.6/5.0GB (12%) cpu=13% browser_rss=0.98GB
[14:56]   [ComfyUI] [SubprocessWorker] got response: ok
[14:56]   [ComfyUI] [comfy-env] Created 1 model patchers: ['SAM3DBody_1']
[14:56]   [ComfyUI] [comfy-env] SAM3DBodyProcess done (12.31s): result: NodeOutput
[14:56]   [ComfyUI] [VRAM] After SAM3DBodyProcess: 1042 / 12287 MB
[14:56]   [ComfyUI] [VRAM] Loaded: SubprocessModel (3143 MB)
[14:56]   [ComfyUI] [comfy-env] Running SAM3DBodyExportFBX: output_filename: 'sam3d_rigged.fbx', mesh_data: dict
[14:56]   [ComfyUI] [VRAM] Before SAM3DBodyExportFBX: 1042 / 12287 MB
[14:56]   [ComfyUI] [VRAM] Loaded: SubprocessModel (3143 MB)
[14:56]   [ComfyUI] [SubprocessWorker] call_method: nodes.export.SAM3DBodyExportFBX.EXECUTE_NORMALIZED
[14:56]   [ComfyUI] [SubprocessWorker] acquired lock, ensuring started...
[14:56]   [ComfyUI] [ComfyUI-SAM3DBody] Health check: ping (timeout=5.0s)...
[14:56]   [ComfyUI] [ComfyUI-SAM3DBody] Health check: ok
[14:56]   Node executed (1 total), capturing...
[14:56]   [ComfyUI] [SubprocessWorker] worker started/confirmed
[14:56]   [ComfyUI] [SubprocessWorker] serializing kwargs to shm...
[14:56]   [ComfyUI] [SubprocessWorker] created 0 shm blocks
[14:56]   [ComfyUI] [SubprocessWorker] sending request via socket...
[14:57]   [ComfyUI] [SubprocessWorker] call_id=13 sending call_method
[14:57]   [ComfyUI] [worker:ComfyUI-SAM3DBody] [comfy-env] _from_shm got dict with keys: ['__type__', 'strategy', 'manager_path', 'storage_key', 'storage_size']
[14:57]   [ComfyUI] [worker:ComfyUI-SAM3DBody] [comfy-env] DESERIALIZE TensorRef: tensor_size=[18439, 3]
[14:57]   [ComfyUI] [worker:ComfyUI-SAM3DBody] [comfy-env] DESERIALIZED tensor shape: torch.Size([18439, 3])
[14:57]   [ComfyUI] [worker:ComfyUI-SAM3DBody] [comfy-env] _from_shm got dict with keys: ['__type__', 'strategy', 'manager_path', 'storage_key', 'storage_size']
[14:57]   [ComfyUI] [worker:ComfyUI-SAM3DBody] [comfy-env] DESERIALIZE TensorRef: tensor_size=[36874, 3]
[14:57]   [ComfyUI] [worker:ComfyUI-SAM3DBody] [comfy-env] DESERIALIZED tensor shape: torch.Size([36874, 3])
[14:57]   [ComfyUI] [worker:ComfyUI-SAM3DBody] [comfy-env] _from_shm got dict with keys: ['__type__', 'strategy', 'manager_path', 'storage_key', 'storage_size']
[14:57]   [ComfyUI] [worker:ComfyUI-SAM3DBody] [comfy-env] DESERIALIZE TensorRef: tensor_size=[70, 3]
[14:57]   [ComfyUI] [worker:ComfyUI-SAM3DBody] [comfy-env] DESERIALIZED tensor shape: torch.Size([70, 3])
[14:57]   [ComfyUI] [worker:ComfyUI-SAM3DBody] [comfy-env] _from_shm got dict with keys: ['__type__', 'strategy', 'manager_path', 'storage_key', 'storage_size']
[14:57]   [ComfyUI] [worker:ComfyUI-SAM3DBody] [comfy-env] DESERIALIZE TensorRef: tensor_size=[127, 3]
[14:57]   [ComfyUI] [worker:ComfyUI-SAM3DBody] [comfy-env] DESERIALIZED tensor shape: torch.Size([127, 3])
[14:57]   [ComfyUI] [worker:ComfyUI-SAM3DBody] [comfy-env] _from_shm got dict with keys: ['__type__', 'strategy', 'manager_path', 'storage_key', 'storage_size']
[14:57]   [ComfyUI] [worker:ComfyUI-SAM3DBody] [comfy-env] DESERIALIZE TensorRef: tensor_size=[127, 3, 3]
[14:57]   [ComfyUI] [worker:ComfyUI-SAM3DBody] [comfy-env] DESERIALIZED tensor shape: torch.Size([127, 3, 3])
[14:57]   [ComfyUI] [worker:ComfyUI-SAM3DBody] [comfy-env] _from_shm got dict with keys: ['__type__', 'strategy', 'manager_path', 'storage_key', 'storage_size']
[14:57]   [ComfyUI] [worker:ComfyUI-SAM3DBody] [comfy-env] DESERIALIZE TensorRef: tensor_size=[3]
[14:57]   [ComfyUI] [worker:ComfyUI-SAM3DBody] [comfy-env] DESERIALIZED tensor shape: torch.Size([3])
[14:57]   [ComfyUI] [worker:ComfyUI-SAM3DBody] [comfy-env] _from_shm got dict with keys: ['__type__', 'strategy', 'manager_path', 'storage_key', 'storage_size']
[14:57]   [ComfyUI] [worker:ComfyUI-SAM3DBody] [comfy-env] DESERIALIZE TensorRef: tensor_size=[4]
[14:57]   [ComfyUI] [worker:ComfyUI-SAM3DBody] [comfy-env] DESERIALIZED tensor shape: torch.Size([4])
[14:57]   [ComfyUI] [worker:ComfyUI-SAM3DBody] [comfy-env] _from_shm got dict with keys: ['__type__', 'strategy', 'manager_path', 'storage_key', 'storage_size']
[14:57]   [ComfyUI] [worker:ComfyUI-SAM3DBody] [comfy-env] DESERIALIZE TensorRef: tensor_size=[133]
[14:57]   [ComfyUI] [worker:ComfyUI-SAM3DBody] [comfy-env] DESERIALIZED tensor shape: torch.Size([133])
[14:57]   [ComfyUI] [worker:ComfyUI-SAM3DBody] [comfy-env] _from_shm got dict with keys: ['__type__', 'strategy', 'manager_path', 'storage_key', 'storage_size']
[14:57]   [ComfyUI] [worker:ComfyUI-SAM3DBody] [comfy-env] DESERIALIZE TensorRef: tensor_size=[108]
[14:57]   [ComfyUI] [worker:ComfyUI-SAM3DBody] [comfy-env] DESERIALIZED tensor shape: torch.Size([108])
[14:57]   [ComfyUI] [worker:ComfyUI-SAM3DBody] [comfy-env] _from_shm got dict with keys: ['__type__', 'strategy', 'manager_path', 'storage_key', 'storage_size']
[14:57]   [ComfyUI] [worker:ComfyUI-SAM3DBody] [comfy-env] DESERIALIZE TensorRef: tensor_size=[3]
[14:57]   [ComfyUI] [worker:ComfyUI-SAM3DBody] [comfy-env] DESERIALIZED tensor shape: torch.Size([3])
[14:57]   [ComfyUI] [worker:ComfyUI-SAM3DBody] [comfy-env] _from_shm got dict with keys: ['__type__', 'strategy', 'manager_path', 'storage_key', 'storage_size']
[14:57]   [ComfyUI] [worker:ComfyUI-SAM3DBody] [comfy-env] DESERIALIZE TensorRef: tensor_size=[45]
[14:57]   [ComfyUI] [worker:ComfyUI-SAM3DBody] [comfy-env] DESERIALIZED tensor shape: torch.Size([45])
[14:57]   [ComfyUI] [worker:ComfyUI-SAM3DBody] [comfy-env] _from_shm got dict with keys: ['__type__', 'strategy', 'manager_path', 'storage_key', 'storage_size']
[14:57]   [ComfyUI] [worker:ComfyUI-SAM3DBody] [comfy-env] DESERIALIZE TensorRef: tensor_size=[28]
[14:57]   [ComfyUI] [worker:ComfyUI-SAM3DBody] [comfy-env] DESERIALIZED tensor shape: torch.Size([28])
[14:57]   [ComfyUI] [worker:ComfyUI-SAM3DBody] [comfy-env] _from_shm got dict with keys: ['__type__', 'strategy', 'manager_path', 'storage_key', 'storage_size']
[14:57]   [ComfyUI] [worker:ComfyUI-SAM3DBody] [comfy-env] DESERIALIZE TensorRef: tensor_size=[72]
[14:57]   [ComfyUI] [worker:ComfyUI-SAM3DBody] [comfy-env] DESERIALIZED tensor shape: torch.Size([72])
[14:57]   [ComfyUI] [worker:ComfyUI-SAM3DBody] [comfy-env] _from_shm got dict with keys: ['__type__', 'strategy', 'manager_path', 'storage_key', 'storage_size']
[14:57]   [ComfyUI] [worker:ComfyUI-SAM3DBody] [comfy-env] DESERIALIZE TensorRef: tensor_size=[4]
[14:57]   [ComfyUI] [worker:ComfyUI-SAM3DBody] [comfy-env] DESERIALIZED tensor shape: torch.Size([4])
[14:57]   [ComfyUI] [worker:ComfyUI-SAM3DBody] [comfy-env] _from_shm got dict with keys: ['__type__', 'strategy', 'manager_path', 'storage_key', 'storage_size']
[14:57]   [ComfyUI] [worker:ComfyUI-SAM3DBody] [comfy-env] DESERIALIZE TensorRef: tensor_size=[70, 3]
[14:57]   [ComfyUI] [worker:ComfyUI-SAM3DBody] [comfy-env] DESERIALIZED tensor shape: torch.Size([70, 3])
[14:57]   [ComfyUI] [worker:ComfyUI-SAM3DBody] [comfy-env] _from_shm got dict with keys: ['__type__', 'strategy', 'manager_path', 'storage_key', 'storage_size']
[14:57]   [ComfyUI] [worker:ComfyUI-SAM3DBody] [comfy-env] DESERIALIZE TensorRef: tensor_size=[70, 2]
[14:57]   [ComfyUI] [worker:ComfyUI-SAM3DBody] [comfy-env] DESERIALIZED tensor shape: torch.Size([70, 2])
[14:57]   [ComfyUI] [worker:ComfyUI-SAM3DBody] [comfy-env] _from_shm got dict with keys: ['__type__', 'strategy', 'manager_path', 'storage_key', 'storage_size']
[14:57]   [ComfyUI] [worker:ComfyUI-SAM3DBody] [comfy-env] DESERIALIZE TensorRef: tensor_size=[18439, 3]
[14:57]   [ComfyUI] [worker:ComfyUI-SAM3DBody] [comfy-env] DESERIALIZED tensor shape: torch.Size([18439, 3])
[14:57]   [ComfyUI] [worker:ComfyUI-SAM3DBody] [comfy-env] _from_shm got dict with keys: ['__type__', 'strategy', 'manager_path', 'storage_key', 'storage_size']
[14:57]   [ComfyUI] [worker:ComfyUI-SAM3DBody] [comfy-env] DESERIALIZE TensorRef: tensor_size=[3]
[14:57]   [ComfyUI] [worker:ComfyUI-SAM3DBody] [comfy-env] DESERIALIZED tensor shape: torch.Size([3])
[14:57]   [ComfyUI] [worker:ComfyUI-SAM3DBody] [comfy-env] _from_shm got dict with keys: ['__type__', 'strategy', 'manager_path', 'storage_key', 'storage_size']
[14:57]   [ComfyUI] [worker:ComfyUI-SAM3DBody] [comfy-env] DESERIALIZE TensorRef: tensor_size=[266]
[14:57]   [ComfyUI] [worker:ComfyUI-SAM3DBody] [comfy-env] DESERIALIZED tensor shape: torch.Size([266])
[14:57]   Frame 5 saved (frame_004.jpg, t=20.7s)
[14:57]   [ComfyUI] [worker:ComfyUI-SAM3DBody] [comfy-env] _from_shm got dict with keys: ['__type__', 'strategy', 'manager_path', 'storage_key', 'storage_size']
[14:57]   [capture-node] freeze=7ms shot=142ms unfreeze=7ms saved=True
[14:57]   [ComfyUI] [worker:ComfyUI-SAM3DBody] [comfy-env] DESERIALIZE TensorRef: tensor_size=[3]
[14:57]   [ComfyUI] [worker:ComfyUI-SAM3DBody] [comfy-env] DESERIALIZED tensor shape: torch.Size([3])
[14:57]   [ComfyUI] [worker:ComfyUI-SAM3DBody] [comfy-env] _from_shm got dict with keys: ['__type__', 'strategy', 'manager_path', 'storage_key', 'storage_size']
[14:57]   [ComfyUI] [worker:ComfyUI-SAM3DBody] [comfy-env] DESERIALIZE TensorRef: tensor_size=[133]
[14:57]   [ComfyUI] [worker:ComfyUI-SAM3DBody] [comfy-env] DESERIALIZED tensor shape: torch.Size([133])
[14:57]   [ComfyUI] [worker:ComfyUI-SAM3DBody] [comfy-env] _from_shm got dict with keys: ['__type__', 'strategy', 'manager_path', 'storage_key', 'storage_size']
[14:57]   [ComfyUI] [worker:ComfyUI-SAM3DBody] [comfy-env] DESERIALIZE TensorRef: tensor_size=[108]
[14:57]   [ComfyUI] [worker:ComfyUI-SAM3DBody] [comfy-env] DESERIALIZED tensor shape: torch.Size([108])
[14:57]   [ComfyUI] [worker:ComfyUI-SAM3DBody] [comfy-env] _from_shm got dict with keys: ['__type__', 'strategy', 'manager_path', 'storage_key', 'storage_size']
[14:57]   [ComfyUI] [worker:ComfyUI-SAM3DBody] [comfy-env] DESERIALIZE TensorRef: tensor_size=[28]
[14:57]   [ComfyUI] [worker:ComfyUI-SAM3DBody] [comfy-env] DESERIALIZED tensor shape: torch.Size([28])
[14:57]   [ComfyUI] [worker:ComfyUI-SAM3DBody] [comfy-env] _from_shm got dict with keys: ['__type__', 'strategy', 'manager_path', 'storage_key', 'storage_size']
[14:57]   [ComfyUI] [worker:ComfyUI-SAM3DBody] [comfy-env] DESERIALIZE TensorRef: tensor_size=[45]
[14:57]   [ComfyUI] [worker:ComfyUI-SAM3DBody] [comfy-env] DESERIALIZED tensor shape: torch.Size([45])
[14:57]   [ComfyUI] [worker:ComfyUI-SAM3DBody] [comfy-env] _from_shm got dict with keys: ['__type__', 'strategy', 'manager_path', 'storage_key', 'storage_size']
[14:57]   [ComfyUI] [worker:ComfyUI-SAM3DBody] [comfy-env] DESERIALIZE TensorRef: tensor_size=[72]
[14:57]   [ComfyUI] [worker:ComfyUI-SAM3DBody] [comfy-env] DESERIALIZED tensor shape: torch.Size([72])
[14:57]   [ComfyUI] [worker:ComfyUI-SAM3DBody] [comfy-env] _from_shm got dict with keys: ['__type__', 'strategy', 'manager_path', 'storage_key', 'storage_size']
[14:57]   [ComfyUI] [worker:ComfyUI-SAM3DBody] [comfy-env] DESERIALIZE TensorRef: tensor_size=[1500, 2250, 1]
[14:57]   [ComfyUI] [worker:ComfyUI-SAM3DBody] [comfy-env] DESERIALIZED tensor shape: torch.Size([1500, 2250, 1])
[14:57]   [ComfyUI] [worker:ComfyUI-SAM3DBody] [comfy-env] _from_shm got dict with keys: ['__type__', 'strategy', 'manager_path', 'storage_key', 'storage_size']
[14:57]   [ComfyUI] [worker:ComfyUI-SAM3DBody] [comfy-env] DESERIALIZE TensorRef: tensor_size=[127, 3]
[14:57]   [ComfyUI] [worker:ComfyUI-SAM3DBody] [comfy-env] DESERIALIZED tensor shape: torch.Size([127, 3])
[14:57]   [ComfyUI] [worker:ComfyUI-SAM3DBody] [comfy-env] _from_shm got dict with keys: ['__type__', 'strategy', 'manager_path', 'storage_key', 'storage_size']
[14:57]   [ComfyUI] [worker:ComfyUI-SAM3DBody] [comfy-env] DESERIALIZE TensorRef: tensor_size=[127, 3, 3]
[14:57]   [ComfyUI] [worker:ComfyUI-SAM3DBody] [comfy-env] DESERIALIZED tensor shape: torch.Size([127, 3, 3])
[14:57]   [ComfyUI] [worker:ComfyUI-SAM3DBody] [comfy-env] _from_shm got dict with keys: ['__type__', 'strategy', 'manager_path', 'storage_key', 'storage_size']
[14:57]   [ComfyUI] [worker:ComfyUI-SAM3DBody] [comfy-env] DESERIALIZE TensorRef: tensor_size=[4]
[14:57]   [ComfyUI] [worker:ComfyUI-SAM3DBody] [comfy-env] DESERIALIZED tensor shape: torch.Size([4])
[14:57]   [ComfyUI] [worker:ComfyUI-SAM3DBody] [comfy-env] _from_shm got dict with keys: ['__type__', 'strategy', 'manager_path', 'storage_key', 'storage_size']
[14:57]   [ComfyUI] [worker:ComfyUI-SAM3DBody] [comfy-env] DESERIALIZE TensorRef: tensor_size=[4]
[14:57]   [ComfyUI] [worker:ComfyUI-SAM3DBody] [comfy-env] DESERIALIZED tensor shape: torch.Size([4])
[14:57]   [ComfyUI] [worker:ComfyUI-SAM3DBody] [comfy-env] _from_shm got dict with keys: ['__type__', 'strategy', 'manager_path', 'storage_key', 'storage_size']
[14:57]   [ComfyUI] [worker:ComfyUI-SAM3DBody] [comfy-env] DESERIALIZE TensorRef: tensor_size=[4]
[14:57]   [ComfyUI] [worker:ComfyUI-SAM3DBody] [comfy-env] DESERIALIZED tensor shape: torch.Size([4])
[14:57]   [ComfyUI] [worker:ComfyUI-SAM3DBody] [comfy-env] _from_shm got dict with keys: ['__type__', 'strategy', 'manager_path', 'storage_key', 'storage_size']
[14:57]   [ComfyUI] [worker:ComfyUI-SAM3DBody] [comfy-env] DESERIALIZE TensorRef: tensor_size=[70, 3]
[14:57]   [ComfyUI] [worker:ComfyUI-SAM3DBody] [comfy-env] DESERIALIZED tensor shape: torch.Size([70, 3])
[14:57]   [ComfyUI] [worker:ComfyUI-SAM3DBody] [comfy-env] _from_shm got dict with keys: ['__type__', 'strategy', 'manager_path', 'storage_key', 'storage_size']
[14:57]   [ComfyUI] [worker:ComfyUI-SAM3DBody] [comfy-env] DESERIALIZE TensorRef: tensor_size=[70, 2]
[14:57]   [ComfyUI] [worker:ComfyUI-SAM3DBody] [comfy-env] DESERIALIZED tensor shape: torch.Size([70, 2])
[14:57]   [ComfyUI] [worker:ComfyUI-SAM3DBody] [comfy-env] _from_shm got dict with keys: ['__type__', 'strategy', 'manager_path', 'storage_key', 'storage_size']
[14:57]   [ComfyUI] [worker:ComfyUI-SAM3DBody] [comfy-env] DESERIALIZE TensorRef: tensor_size=[18439, 3]
[14:57]   [ComfyUI] [worker:ComfyUI-SAM3DBody] [comfy-env] DESERIALIZED tensor shape: torch.Size([18439, 3])
[14:57]   [ComfyUI] [worker:ComfyUI-SAM3DBody] [comfy-env] _from_shm got dict with keys: ['__type__', 'strategy', 'manager_path', 'storage_key', 'storage_size']
[14:57]   [ComfyUI] [worker:ComfyUI-SAM3DBody] [comfy-env] DESERIALIZE TensorRef: tensor_size=[3]
[14:57]   [ComfyUI] [worker:ComfyUI-SAM3DBody] [comfy-env] DESERIALIZED tensor shape: torch.Size([3])
[14:57]   [ComfyUI] [worker:ComfyUI-SAM3DBody] [comfy-env] _from_shm got dict with keys: ['__type__', 'strategy', 'manager_path', 'storage_key', 'storage_size']
[14:57]   [ComfyUI] [worker:ComfyUI-SAM3DBody] [comfy-env] DESERIALIZE TensorRef: tensor_size=[266]
[14:57]   [ComfyUI] [worker:ComfyUI-SAM3DBody] [comfy-env] DESERIALIZED tensor shape: torch.Size([266])
[14:57]   [ComfyUI] [worker:ComfyUI-SAM3DBody] [comfy-env] _from_shm got dict with keys: ['__type__', 'strategy', 'manager_path', 'storage_key', 'storage_size']
[14:57]   [ComfyUI] [worker:ComfyUI-SAM3DBody] [comfy-env] DESERIALIZE TensorRef: tensor_size=[3]
[14:57]   [ComfyUI] [worker:ComfyUI-SAM3DBody] [comfy-env] DESERIALIZED tensor shape: torch.Size([3])
[14:57]   [ComfyUI] [worker:ComfyUI-SAM3DBody] [comfy-env] _from_shm got dict with keys: ['__type__', 'strategy', 'manager_path', 'storage_key', 'storage_size']
[14:57]   [ComfyUI] [worker:ComfyUI-SAM3DBody] [comfy-env] DESERIALIZE TensorRef: tensor_size=[133]
[14:57]   [ComfyUI] [worker:ComfyUI-SAM3DBody] [comfy-env] DESERIALIZED tensor shape: torch.Size([133])
[14:57]   [ComfyUI] [worker:ComfyUI-SAM3DBody] [comfy-env] _from_shm got dict with keys: ['__type__', 'strategy', 'manager_path', 'storage_key', 'storage_size']
[14:57]   [ComfyUI] [worker:ComfyUI-SAM3DBody] [comfy-env] DESERIALIZE TensorRef: tensor_size=[108]
[14:57]   [ComfyUI] [worker:ComfyUI-SAM3DBody] [comfy-env] DESERIALIZED tensor shape: torch.Size([108])
[14:57]   [ComfyUI] [worker:ComfyUI-SAM3DBody] [comfy-env] _from_shm got dict with keys: ['__type__', 'strategy', 'manager_path', 'storage_key', 'storage_size']
[14:57]   [ComfyUI] [worker:ComfyUI-SAM3DBody] [comfy-env] DESERIALIZE TensorRef: tensor_size=[28]
[14:57]   [ComfyUI] [worker:ComfyUI-SAM3DBody] [comfy-env] DESERIALIZED tensor shape: torch.Size([28])
[14:57]   [ComfyUI] [worker:ComfyUI-SAM3DBody] [comfy-env] _from_shm got dict with keys: ['__type__', 'strategy', 'manager_path', 'storage_key', 'storage_size']
[14:57]   [ComfyUI] [worker:ComfyUI-SAM3DBody] [comfy-env] DESERIALIZE TensorRef: tensor_size=[45]
[14:57]   [ComfyUI] [worker:ComfyUI-SAM3DBody] [comfy-env] DESERIALIZED tensor shape: torch.Size([45])
[14:57]   [ComfyUI] [worker:ComfyUI-SAM3DBody] [comfy-env] _from_shm got dict with keys: ['__type__', 'strategy', 'manager_path', 'storage_key', 'storage_size']
[14:57]   [ComfyUI] [worker:ComfyUI-SAM3DBody] [comfy-env] DESERIALIZE TensorRef: tensor_size=[72]
[14:57]   [ComfyUI] [worker:ComfyUI-SAM3DBody] [comfy-env] DESERIALIZED tensor shape: torch.Size([72])
[14:57]   [ComfyUI] [worker:ComfyUI-SAM3DBody] [comfy-env] _from_shm got dict with keys: ['__type__', 'strategy', 'manager_path', 'storage_key', 'storage_size']
[14:57]   [ComfyUI] [worker:ComfyUI-SAM3DBody] [comfy-env] DESERIALIZE TensorRef: tensor_size=[1500, 2250, 1]
[14:57]   [ComfyUI] [worker:ComfyUI-SAM3DBody] [comfy-env] DESERIALIZED tensor shape: torch.Size([1500, 2250, 1])
[14:57]   [ComfyUI] [worker:ComfyUI-SAM3DBody] [comfy-env] _from_shm got dict with keys: ['__type__', 'strategy', 'manager_path', 'storage_key', 'storage_size']
[14:57]   [ComfyUI] [worker:ComfyUI-SAM3DBody] [comfy-env] DESERIALIZE TensorRef: tensor_size=[127, 3]
[14:57]   [ComfyUI] [worker:ComfyUI-SAM3DBody] [comfy-env] DESERIALIZED tensor shape: torch.Size([127, 3])
[14:57]   [ComfyUI] [worker:ComfyUI-SAM3DBody] [comfy-env] _from_shm got dict with keys: ['__type__', 'strategy', 'manager_path', 'storage_key', 'storage_size']
[14:57]   [ComfyUI] [worker:ComfyUI-SAM3DBody] [comfy-env] DESERIALIZE TensorRef: tensor_size=[127, 3, 3]
[14:57]   [ComfyUI] [worker:ComfyUI-SAM3DBody] [comfy-env] DESERIALIZED tensor shape: torch.Size([127, 3, 3])
[14:57]   [ComfyUI] [worker:ComfyUI-SAM3DBody] [comfy-env] _from_shm got dict with keys: ['__type__', 'strategy', 'manager_path', 'storage_key', 'storage_size']
[14:57]   [ComfyUI] [worker:ComfyUI-SAM3DBody] [comfy-env] DESERIALIZE TensorRef: tensor_size=[4]
[14:57]   [ComfyUI] [worker:ComfyUI-SAM3DBody] [comfy-env] DESERIALIZED tensor shape: torch.Size([4])
[14:57]   [ComfyUI] [worker:ComfyUI-SAM3DBody] [comfy-env] _from_shm got dict with keys: ['__type__', 'strategy', 'manager_path', 'storage_key', 'storage_size']
[14:57]   [ComfyUI] [worker:ComfyUI-SAM3DBody] [comfy-env] DESERIALIZE TensorRef: tensor_size=[4]
[14:57]   [ComfyUI] [worker:ComfyUI-SAM3DBody] [comfy-env] DESERIALIZED tensor shape: torch.Size([4])
[15:01]   [capture-loop] iter=200 t=25.4s state={'complete': False, 'error': None, 'executedCount': 1, 'wsState': 1} eval_ms=7 ram=11.4/31.9GB (36%) swap=0.6/5.0GB (12%) cpu=12% browser_rss=1.02GB
[15:03]   [ComfyUI] [worker:ComfyUI-SAM3DBody]
[15:03]   [ComfyUI] FBX export starting... 'C:\\workspaces\\SAM3DBody-0354\\portable-comfyui\\ComfyUI_windows_portable\\ComfyUI\\output\\sam3d_rigged.fbx'
[15:03]   [ComfyUI] [worker:ComfyUI-SAM3DBody] (bpy.data.armatures['SAM3D_Skeleton'], 'POSE')
[15:03]   [ComfyUI] [worker:ComfyUI-SAM3DBody] export finished in 0.3413 sec.
[15:03]   [ComfyUI] [SubprocessWorker] got response: ok
[15:03]   [ComfyUI] [comfy-env] SAM3DBodyExportFBX done (6.91s): result: NodeOutput
[15:03]   [ComfyUI] [VRAM] After SAM3DBodyExportFBX: 1042 / 12287 MB
[15:03]   [ComfyUI] [VRAM] Loaded: SubprocessModel (3143 MB)
[15:03]   [ComfyUI] [comfy-env] Running SAM3DBodyPreviewRiggedMesh: fbx_output_path: 'C:\\workspaces\\SAM3DBody-0354\\portable-comfyui\\ComfyU...
[15:03]   [ComfyUI] [VRAM] Before SAM3DBodyPreviewRiggedMesh: 1042 / 12287 MB
[15:03]   [ComfyUI] [VRAM] Loaded: SubprocessModel (3143 MB)
[15:03]   [ComfyUI] [SubprocessWorker] call_method: nodes.preview.SAM3DBodyPreviewRiggedMesh.EXECUTE_NORMALIZED
[15:03]   [ComfyUI] [SubprocessWorker] acquired lock, ensuring started...
[15:03]   [ComfyUI] [ComfyUI-SAM3DBody] Health check: ping (timeout=5.0s)...
[15:03]   [ComfyUI] [ComfyUI-SAM3DBody] Health check: ok
[15:03]   [ComfyUI] [SubprocessWorker] worker started/confirmed
[15:03]   [ComfyUI] [SubprocessWorker] serializing kwargs to shm...
[15:03]   [ComfyUI] [SubprocessWorker] created 0 shm blocks
[15:03]   [ComfyUI] [SubprocessWorker] sending request via socket...
[15:03]   [ComfyUI] [SubprocessWorker] call_id=14 sending call_method
[15:03]   [ComfyUI] [SubprocessWorker] got response: ok
[15:03]   [ComfyUI] [comfy-env] SAM3DBodyPreviewRiggedMesh done (0.06s): result: NodeOutput
[15:03]   [ComfyUI] [VRAM] After SAM3DBodyPreviewRiggedMesh: 1042 / 12287 MB
[15:03]   [ComfyUI] [VRAM] Loaded: SubprocessModel (3143 MB)
[15:03]   [ComfyUI] Prompt executed in 27.30 seconds
[15:04]   Node executed (2 total), capturing...
[15:05]   Frame 6 saved (frame_005.jpg, t=27.8s)
[15:05]   [capture-node] freeze=10ms shot=879ms unfreeze=0ms saved=True
[15:05]   Execution complete (t=27.8s)
[15:05]   [3d-wait] Phase 1: Waiting for 'Loading 3D Model' text to disappear...
[15:05]   [3d-wait] Phase 1 done in 0.0s
[15:05]   [3d-wait] Phase 2: iframes=1
[15:05]   [3d-wait] iframe viewer_ready=True (matched 1 console logs)
[15:05]   [3d-wait] Unfrozen in 0.004s, rendering for 5s...
[15:10]   [3d-wait] JS halted via CDP after 5.0s
[15:11]   [3d-wait] Re-frozen in 6.1s
[15:11]   [3d-wait] Total 3D wait: 6.1s
[15:11]   Captured 6 unique frames over 34.78s
[15:11]   [debug] iframes: 1
[15:11]   [debug]   iframe[0]: src=http://127.0.0.1:41882/extensions/ComfyUI-GeometryPack/viewer_fbx.html?v=1778465, canvas=486x710, rafFrozen=True
[15:11]   [timing] trigger_3d_previews: 0.0s
[15:13]   Saved high-quality screenshot: rigging_executed.png
[15:13]   [timing] final_screenshot: 0.2s
[15:13]   [ComfyUI] [comfy-env] [VRAM] Before offload 'SAM3DBody_1' (3143 MB) -> cpu: 1042 / 12287 MB
[15:13]   [ComfyUI] [ComfyUI-SAM3DBody] Health check: ping (timeout=5.0s)...
[15:13] Capturing execution frames: workflow.json
[15:13]   [ComfyUI] [ComfyUI-SAM3DBody] Health check: ok
[15:13]   [ComfyUI] [SubprocessWorker] call_id=15 sending model_to_device
[15:13]   [ComfyUI] [worker:ComfyUI-SAM3DBody] [VRAM] -410MB (now 2737MB) reserved=3264MB peak=3219MB
[15:14]   [ComfyUI] [comfy-env] [VRAM] After offload 'SAM3DBody_1' (3143 MB): 1042 / 12287 MB
[15:20]   Frame 1 saved (frame_000.jpg, t=0.0s)
[15:20]   Validating workflow...
[15:20]   [ComfyUI] === /validate endpoint called ===
[15:20]   [ComfyUI] Received JSON with keys: ['prompt']
[15:20]   Queuing workflow for execution...
[15:20]   [ComfyUI] Prompt has 6 nodes
[15:20]   [ComfyUI]   Node 3: LoadImage
[15:20]   [ComfyUI]     Inputs: {"image": "masked_dancing.png"}
[15:20]   [ComfyUI]   Node 4: PreviewImage
[15:20]   [ComfyUI]     Inputs: {"images": ["13", 2]}
[15:20]   [ComfyUI]   Node 10: Preview3D
[15:20]   [ComfyUI]     Inputs: {"model_file": ["15", 0], "image": ""}
[15:20]   [ComfyUI]   Node 12: LoadSAM3DBodyModel
[15:20]   [ComfyUI]     Inputs: {"precision": "auto"}
[15:20]   [ComfyUI]   Node 13: SAM3DBodyProcess
[15:20]   [ComfyUI]     Inputs: {"bbox_threshold": 0.8, "inference_type": "full", "model": ["12", 0], "image": ["3", 0], "mask": ["3", 1]}
[15:20]   [ComfyUI]   Node 15: SAM3DBodyExportMesh
[15:20]   [ComfyUI]     Inputs: {"filename": "output_mesh.stl", "mesh_data": ["13", 0]}
[15:20]   [ComfyUI] Generated prompt_id: 581c0435-8a79-4e64-a49f-475e410ee706
[15:20]   [ComfyUI] Calling execution.validate_prompt()...
[15:20]   [ComfyUI] Validation result: valid=True
[15:20]   [ComfyUI] === Validation PASSED ===
[15:20]   [ComfyUI] got prompt
[15:21]   [ComfyUI] [comfy-env] Running LoadSAM3DBodyModel: precision: 'auto'
[15:21]   [ComfyUI] [VRAM] Before LoadSAM3DBodyModel: 1042 / 12287 MB
[15:21]   [ComfyUI] [SubprocessWorker] call_method: nodes.load_model.LoadSAM3DBodyModel.EXECUTE_NORMALIZED
[15:21]   [ComfyUI] [SubprocessWorker] acquired lock, ensuring started...
[15:21]   [ComfyUI] [ComfyUI-SAM3DBody] Health check: ping (timeout=5.0s)...
[15:21]   [ComfyUI] [ComfyUI-SAM3DBody] Health check: failed
[15:21]   [ComfyUI] [ComfyUI-SAM3DBody] Socket unhealthy, restarting worker...
[15:21]   [ComfyUI] [ComfyUI-SAM3DBody] python: C:\ce\.pixi\envs\sam3dbody-nodes\python.exe
[15:21]   [ComfyUI] [comfy-env] Invalidated 1 stale model patchers (will be cleaned up during next unload)
[15:21]   [ComfyUI] [ComfyUI-SAM3DBody] sys_path sent to worker: ['C:\\workspaces\\SAM3DBody-0354\\portable-comfyui\\ComfyUI_windows_portable\\ComfyUI', 'C:\\workspaces\\SAM3DBody-0354\\portable-comfyui\\ComfyUI_windows_portable\\ComfyUI\\custom_nodes\\ComfyUI-SAM3DBody', 'C:\\ce\\.pixi\\envs\\sam3dbody-nodes\\Lib\\site-packages', 'C:\\workspaces\\SAM3DBody-0354\\portable-comfyui\\ComfyUI_windows_portable\\ComfyUI\\custom_nodes\\ComfyUI-SAM3DBody']
[15:21]   [ComfyUI] [comfy-env] sam3dbody-nodes: Library/bin has 235 DLLs
[15:21]   [ComfyUI] [SubprocessWorker] is_pixi=True, python=C:\ce\.pixi\envs\sam3dbody-nodes\python.exe
[15:21]   [ComfyUI] [SubprocessWorker] launching cmd=['C:\\Users\\ContainerAdministrator\\.pixi\\bin\\pixi.exe', 'run', '--as-is', '--manifest-path', 'C:\\ce\\pixi.toml', '-e', 'sam3dbody-nodes', 'python', 'C:\\Users\\ContainerAdministrator\\AppData\\Local\\Temp\\comfyui_pvenv_jmmp98ue\\persistent_worker.py', 'tcp://127.0.0.1:53434']...
[15:23]   Frame 2 saved (frame_001.jpg, t=2.3s)
[15:23]   [capture-periodic] freeze=4ms shot=121ms unfreeze=5ms saved=True
[15:24]   [ComfyUI] [worker:ComfyUI-SAM3DBody] ERROR: Failed to import comfy_kitchen, Error: No module named 'comfy_kitchen', fp8 and fp4 support will not be available.
[15:24]   [ComfyUI] [SubprocessWorker] worker started/confirmed
[15:24]   [ComfyUI] [SubprocessWorker] serializing kwargs to shm...
[15:24]   [ComfyUI] [SubprocessWorker] created 0 shm blocks
[15:24]   [ComfyUI] [SubprocessWorker] sending request via socket...
[15:24]   [ComfyUI] [SubprocessWorker] call_id=16 sending call_method
[15:24]   [ComfyUI] [SubprocessWorker] got response: ok
[15:24]   [ComfyUI] [comfy-env] [VRAM] Before offload 'SAM3DBody_1' (3143 MB) -> cpu: 1042 / 12287 MB
[15:24]   [ComfyUI] [ComfyUI-SAM3DBody] Health check: ping (timeout=5.0s)...
[15:24]   [ComfyUI] [ComfyUI-SAM3DBody] Health check: ok
[15:24]   [ComfyUI] [SubprocessWorker] call_id=17 sending model_to_device
[15:24]   [ComfyUI] Model 'SAM3DBody_1' gone from worker (restarted?), treating as offloaded
[15:24]   [ComfyUI] [comfy-env] [VRAM] After offload 'SAM3DBody_1' (3143 MB): 1042 / 12287 MB
[15:24]   [ComfyUI] [comfy-env] LoadSAM3DBodyModel done (3.51s): result: NodeOutput
[15:24]   [ComfyUI] [VRAM] After LoadSAM3DBodyModel: 1042 / 12287 MB
[15:24]   [ComfyUI] [comfy-env] Running SAM3DBodyProcess: bbox_threshold: 0.8, inference_type: 'full', model: dict, image: torch.float32 [1,1500,2250,3] cpu, mask: torch.float32 [1,1500,2250] cpu
[15:24]   [ComfyUI] [VRAM] Before SAM3DBodyProcess: 1042 / 12287 MB
[15:24]   [ComfyUI] [SubprocessWorker] call_method: nodes.process.SAM3DBodyProcess.EXECUTE_NORMALIZED
[15:24]   [ComfyUI] [SubprocessWorker] acquired lock, ensuring started...
[15:24]   [ComfyUI] [ComfyUI-SAM3DBody] Health check: ping (timeout=5.0s)...
[15:24]   [ComfyUI] [ComfyUI-SAM3DBody] Health check: ok
[15:24]   [ComfyUI] [SubprocessWorker] worker started/confirmed
[15:24]   [ComfyUI] [comfy-env] PRE-SERIALIZE 'image' shape: torch.Size([1, 1500, 2250, 3])
[15:24]   [ComfyUI] [comfy-env] PRE-SERIALIZE 'mask' shape: torch.Size([1, 1500, 2250])
[15:24]   [ComfyUI] [SubprocessWorker] serializing kwargs to shm...
[15:24]   [ComfyUI] [SubprocessWorker] created 0 shm blocks
[15:24]   [ComfyUI] [SubprocessWorker] sending request via socket...
[15:24]   [ComfyUI] [SubprocessWorker] call_id=18 sending call_method
[15:24]   [ComfyUI] [worker:ComfyUI-SAM3DBody] [comfy-env] _from_shm got dict with keys: ['__type__', 'strategy', 'manager_path', 'storage_key', 'storage_size']
[15:24]   [ComfyUI] [worker:ComfyUI-SAM3DBody] [comfy-env] DESERIALIZE TensorRef: tensor_size=[1, 1500, 2250, 3]
[15:24]   [ComfyUI] [worker:ComfyUI-SAM3DBody] [comfy-env] DESERIALIZED tensor shape: torch.Size([1, 1500, 2250, 3])
[15:24]   [ComfyUI] [worker:ComfyUI-SAM3DBody] [comfy-env] _from_shm got dict with keys: ['__type__', 'strategy', 'manager_path', 'storage_key', 'storage_size']
[15:24]   [ComfyUI] [worker:ComfyUI-SAM3DBody] [comfy-env] DESERIALIZE TensorRef: tensor_size=[1, 1500, 2250]
[15:24]   [ComfyUI] [worker:ComfyUI-SAM3DBody] [comfy-env] DESERIALIZED tensor shape: torch.Size([1, 1500, 2250])
[15:25]   Frame 3 saved (frame_002.jpg, t=4.4s)
[15:25]   [capture-periodic] freeze=4ms shot=118ms unfreeze=5ms saved=True
[15:26]   [ComfyUI] C:\workspaces\SAM3DBody-0354\portable-comfyui\ComfyUI_windows_portable\ComfyUI\custom_nodes\ComfyUI-SAM3DBody\nodes\sam_3d_body\heads.py:40: UserWarning: Momentum is not enabled
[15:26]   [ComfyUI]   warnings.warn("Momentum is not enabled")
[15:26]   [ComfyUI] [worker:ComfyUI-SAM3DBody] WARNING: No comfy kitchen, using old apply_rope functions.
[15:26]   [capture-loop] iter=50 t=6.0s state={'complete': False, 'error': None, 'executedCount': 0, 'wsState': 1} eval_ms=4 ram=9.4/31.9GB (30%) swap=0.6/5.0GB (12%) cpu=13% browser_rss=0.92GB
[15:28]   [ComfyUI] [SubprocessWorker] callback 'request_vram_budget' from call_id=18
[15:28]   [ComfyUI] [comfy-env] VRAM request: 3.30GB, free before eviction: 11.79GB
[15:28]   [ComfyUI] [comfy-env] VRAM after eviction: 11.79GB
[15:28]   [ComfyUI] [worker:ComfyUI-SAM3DBody] [VRAM] +633MB (now 633MB) reserved=640MB peak=633MB
[15:30]   [ComfyUI] [worker:ComfyUI-SAM3DBody] [VRAM] +1993MB (now 2626MB) reserved=2656MB peak=2626MB
[15:31]   [ComfyUI] [worker:ComfyUI-SAM3DBody] [VRAM] +526MB (now 3153MB) reserved=3168MB peak=3153MB
[15:32]   [capture-loop] iter=100 t=12.1s state={'complete': False, 'error': None, 'executedCount': 0, 'wsState': 1} eval_ms=4 ram=10.4/31.9GB (33%) swap=0.6/5.0GB (12%) cpu=12% browser_rss=0.83GB
[15:35]   [ComfyUI] [SubprocessWorker] got response: ok
[15:35]   [ComfyUI] [comfy-env] Created 1 model patchers: ['SAM3DBody_1']
[15:35]   [ComfyUI] [comfy-env] SAM3DBodyProcess done (10.91s): result: NodeOutput
[15:35]   [ComfyUI] [VRAM] After SAM3DBodyProcess: 1042 / 12287 MB
[15:35]   [ComfyUI] [VRAM] Loaded: SubprocessModel (3143 MB)
[15:35]   [ComfyUI] [comfy-env] Running SAM3DBodyExportMesh: filename: 'output_mesh.stl', mesh_data: dict
[15:35]   [ComfyUI] [VRAM] Before SAM3DBodyExportMesh: 1042 / 12287 MB
[15:35]   [ComfyUI] [VRAM] Loaded: SubprocessModel (3143 MB)
[15:35]   [ComfyUI] [SubprocessWorker] call_method: nodes.visualize.SAM3DBodyExportMesh.EXECUTE_NORMALIZED
[15:35]   [ComfyUI] [SubprocessWorker] acquired lock, ensuring started...
[15:35]   [ComfyUI] [ComfyUI-SAM3DBody] Health check: ping (timeout=5.0s)...
[15:35]   [ComfyUI] [ComfyUI-SAM3DBody] Health check: ok
[15:35]   [ComfyUI] [SubprocessWorker] worker started/confirmed
[15:35]   [ComfyUI] [SubprocessWorker] serializing kwargs to shm...
[15:35]   [ComfyUI] [SubprocessWorker] created 0 shm blocks
[15:35]   Node executed (1 total), capturing...
[15:35]   [ComfyUI] [SubprocessWorker] sending request via socket...
[15:35]   [ComfyUI] [SubprocessWorker] call_id=19 sending call_method
[15:35]   [ComfyUI] [worker:ComfyUI-SAM3DBody] [comfy-env] _from_shm got dict with keys: ['__type__', 'strategy', 'manager_path', 'storage_key', 'storage_size']
[15:35]   [ComfyUI] [worker:ComfyUI-SAM3DBody] [comfy-env] DESERIALIZE TensorRef: tensor_size=[18439, 3]
[15:35]   [ComfyUI] [worker:ComfyUI-SAM3DBody] [comfy-env] DESERIALIZED tensor shape: torch.Size([18439, 3])
[15:35]   [ComfyUI] [worker:ComfyUI-SAM3DBody] [comfy-env] _from_shm got dict with keys: ['__type__', 'strategy', 'manager_path', 'storage_key', 'storage_size']
[15:35]   [ComfyUI] [worker:ComfyUI-SAM3DBody] [comfy-env] DESERIALIZE TensorRef: tensor_size=[36874, 3]
[15:35]   [ComfyUI] [worker:ComfyUI-SAM3DBody] [comfy-env] DESERIALIZED tensor shape: torch.Size([36874, 3])
[15:35]   [ComfyUI] [worker:ComfyUI-SAM3DBody] [comfy-env] _from_shm got dict with keys: ['__type__', 'strategy', 'manager_path', 'storage_key', 'storage_size']
[15:35]   [ComfyUI] [worker:ComfyUI-SAM3DBody] [comfy-env] DESERIALIZE TensorRef: tensor_size=[70, 3]
[15:35]   [ComfyUI] [worker:ComfyUI-SAM3DBody] [comfy-env] DESERIALIZED tensor shape: torch.Size([70, 3])
[15:35]   [ComfyUI] [worker:ComfyUI-SAM3DBody] [comfy-env] _from_shm got dict with keys: ['__type__', 'strategy', 'manager_path', 'storage_key', 'storage_size']
[15:35]   [ComfyUI] [worker:ComfyUI-SAM3DBody] [comfy-env] DESERIALIZE TensorRef: tensor_size=[127, 3]
[15:35]   [ComfyUI] [worker:ComfyUI-SAM3DBody] [comfy-env] DESERIALIZED tensor shape: torch.Size([127, 3])
[15:35]   [ComfyUI] [worker:ComfyUI-SAM3DBody] [comfy-env] _from_shm got dict with keys: ['__type__', 'strategy', 'manager_path', 'storage_key', 'storage_size']
[15:35]   [ComfyUI] [worker:ComfyUI-SAM3DBody] [comfy-env] DESERIALIZE TensorRef: tensor_size=[127, 3, 3]
[15:35]   [ComfyUI] [worker:ComfyUI-SAM3DBody] [comfy-env] DESERIALIZED tensor shape: torch.Size([127, 3, 3])
[15:35]   [ComfyUI] [worker:ComfyUI-SAM3DBody] [comfy-env] _from_shm got dict with keys: ['__type__', 'strategy', 'manager_path', 'storage_key', 'storage_size']
[15:35]   [ComfyUI] [worker:ComfyUI-SAM3DBody] [comfy-env] DESERIALIZE TensorRef: tensor_size=[3]
[15:35]   [ComfyUI] [worker:ComfyUI-SAM3DBody] [comfy-env] DESERIALIZED tensor shape: torch.Size([3])
[15:35]   [ComfyUI] [worker:ComfyUI-SAM3DBody] [comfy-env] _from_shm got dict with keys: ['__type__', 'strategy', 'manager_path', 'storage_key', 'storage_size']
[15:35]   [ComfyUI] [worker:ComfyUI-SAM3DBody] [comfy-env] DESERIALIZE TensorRef: tensor_size=[4]
[15:35]   [ComfyUI] [worker:ComfyUI-SAM3DBody] [comfy-env] DESERIALIZED tensor shape: torch.Size([4])
[15:35]   [ComfyUI] [worker:ComfyUI-SAM3DBody] [comfy-env] _from_shm got dict with keys: ['__type__', 'strategy', 'manager_path', 'storage_key', 'storage_size']
[15:35]   [ComfyUI] [worker:ComfyUI-SAM3DBody] [comfy-env] DESERIALIZE TensorRef: tensor_size=[133]
[15:35]   [ComfyUI] [worker:ComfyUI-SAM3DBody] [comfy-env] DESERIALIZED tensor shape: torch.Size([133])
[15:35]   [ComfyUI] [worker:ComfyUI-SAM3DBody] [comfy-env] _from_shm got dict with keys: ['__type__', 'strategy', 'manager_path', 'storage_key', 'storage_size']
[15:35]   [ComfyUI] [worker:ComfyUI-SAM3DBody] [comfy-env] DESERIALIZE TensorRef: tensor_size=[108]
[15:35]   [ComfyUI] [worker:ComfyUI-SAM3DBody] [comfy-env] DESERIALIZED tensor shape: torch.Size([108])
[15:35]   [ComfyUI] [worker:ComfyUI-SAM3DBody] [comfy-env] _from_shm got dict with keys: ['__type__', 'strategy', 'manager_path', 'storage_key', 'storage_size']
[15:35]   [ComfyUI] [worker:ComfyUI-SAM3DBody] [comfy-env] DESERIALIZE TensorRef: tensor_size=[3]
[15:35]   [ComfyUI] [worker:ComfyUI-SAM3DBody] [comfy-env] DESERIALIZED tensor shape: torch.Size([3])
[15:35]   [ComfyUI] [worker:ComfyUI-SAM3DBody] [comfy-env] _from_shm got dict with keys: ['__type__', 'strategy', 'manager_path', 'storage_key', 'storage_size']
[15:35]   [ComfyUI] [worker:ComfyUI-SAM3DBody] [comfy-env] DESERIALIZE TensorRef: tensor_size=[45]
[15:35]   [ComfyUI] [worker:ComfyUI-SAM3DBody] [comfy-env] DESERIALIZED tensor shape: torch.Size([45])
[15:35]   [ComfyUI] [worker:ComfyUI-SAM3DBody] [comfy-env] _from_shm got dict with keys: ['__type__', 'strategy', 'manager_path', 'storage_key', 'storage_size']
[15:35]   [ComfyUI] [worker:ComfyUI-SAM3DBody] [comfy-env] DESERIALIZE TensorRef: tensor_size=[28]
[15:35]   [ComfyUI] [worker:ComfyUI-SAM3DBody] [comfy-env] DESERIALIZED tensor shape: torch.Size([28])
[15:35]   [ComfyUI] [worker:ComfyUI-SAM3DBody] [comfy-env] _from_shm got dict with keys: ['__type__', 'strategy', 'manager_path', 'storage_key', 'storage_size']
[15:35]   [ComfyUI] [worker:ComfyUI-SAM3DBody] [comfy-env] DESERIALIZE TensorRef: tensor_size=[72]
[15:35]   [ComfyUI] [worker:ComfyUI-SAM3DBody] [comfy-env] DESERIALIZED tensor shape: torch.Size([72])
[15:35]   [ComfyUI] [worker:ComfyUI-SAM3DBody] [comfy-env] _from_shm got dict with keys: ['__type__', 'strategy', 'manager_path', 'storage_key', 'storage_size']
[15:35]   [ComfyUI] [worker:ComfyUI-SAM3DBody] [comfy-env] DESERIALIZE TensorRef: tensor_size=[4]
[15:35]   [ComfyUI] [worker:ComfyUI-SAM3DBody] [comfy-env] DESERIALIZED tensor shape: torch.Size([4])
[15:35]   [ComfyUI] [worker:ComfyUI-SAM3DBody] [comfy-env] _from_shm got dict with keys: ['__type__', 'strategy', 'manager_path', 'storage_key', 'storage_size']
[15:35]   [ComfyUI] [worker:ComfyUI-SAM3DBody] [comfy-env] DESERIALIZE TensorRef: tensor_size=[70, 3]
[15:35]   [ComfyUI] [worker:ComfyUI-SAM3DBody] [comfy-env] DESERIALIZED tensor shape: torch.Size([70, 3])
[15:35]   [ComfyUI] [worker:ComfyUI-SAM3DBody] [comfy-env] _from_shm got dict with keys: ['__type__', 'strategy', 'manager_path', 'storage_key', 'storage_size']
[15:35]   [ComfyUI] [worker:ComfyUI-SAM3DBody] [comfy-env] DESERIALIZE TensorRef: tensor_size=[70, 2]
[15:35]   [ComfyUI] [worker:ComfyUI-SAM3DBody] [comfy-env] DESERIALIZED tensor shape: torch.Size([70, 2])
[15:35]   [ComfyUI] [worker:ComfyUI-SAM3DBody] [comfy-env] _from_shm got dict with keys: ['__type__', 'strategy', 'manager_path', 'storage_key', 'storage_size']
[15:36]   [ComfyUI] [worker:ComfyUI-SAM3DBody] [comfy-env] DESERIALIZE TensorRef: tensor_size=[18439, 3]
[15:36]   [ComfyUI] [worker:ComfyUI-SAM3DBody] [comfy-env] DESERIALIZED tensor shape: torch.Size([18439, 3])
[15:36]   [ComfyUI] [worker:ComfyUI-SAM3DBody] [comfy-env] _from_shm got dict with keys: ['__type__', 'strategy', 'manager_path', 'storage_key', 'storage_size']
[15:36]   [ComfyUI] [worker:ComfyUI-SAM3DBody] [comfy-env] DESERIALIZE TensorRef: tensor_size=[3]
[15:36]   [ComfyUI] [worker:ComfyUI-SAM3DBody] [comfy-env] DESERIALIZED tensor shape: torch.Size([3])
[15:36]   [ComfyUI] [worker:ComfyUI-SAM3DBody] [comfy-env] _from_shm got dict with keys: ['__type__', 'strategy', 'manager_path', 'storage_key', 'storage_size']
[15:36]   [ComfyUI] [worker:ComfyUI-SAM3DBody] [comfy-env] DESERIALIZE TensorRef: tensor_size=[266]
[15:36]   [ComfyUI] [worker:ComfyUI-SAM3DBody] [comfy-env] DESERIALIZED tensor shape: torch.Size([266])
[15:36]   [ComfyUI] [worker:ComfyUI-SAM3DBody] [comfy-env] _from_shm got dict with keys: ['__type__', 'strategy', 'manager_path', 'storage_key', 'storage_size']
[15:36]   [ComfyUI] [worker:ComfyUI-SAM3DBody] [comfy-env] DESERIALIZE TensorRef: tensor_size=[3]
[15:36]   [ComfyUI] [worker:ComfyUI-SAM3DBody] [comfy-env] DESERIALIZED tensor shape: torch.Size([3])
[15:36]   [ComfyUI] [worker:ComfyUI-SAM3DBody] [comfy-env] _from_shm got dict with keys: ['__type__', 'strategy', 'manager_path', 'storage_key', 'storage_size']
[15:36]   Frame 4 saved (frame_003.jpg, t=15.3s)
[15:36]   [ComfyUI] [worker:ComfyUI-SAM3DBody] [comfy-env] DESERIALIZE TensorRef: tensor_size=[133]
[15:36]   [capture-node] freeze=4ms shot=135ms unfreeze=4ms saved=True
[15:36]   [ComfyUI] [worker:ComfyUI-SAM3DBody] [comfy-env] DESERIALIZED tensor shape: torch.Size([133])
[15:36]   [ComfyUI] [worker:ComfyUI-SAM3DBody] [comfy-env] _from_shm got dict with keys: ['__type__', 'strategy', 'manager_path', 'storage_key', 'storage_size']
[15:36]   [ComfyUI] [worker:ComfyUI-SAM3DBody] [comfy-env] DESERIALIZE TensorRef: tensor_size=[108]
[15:36]   [ComfyUI] [worker:ComfyUI-SAM3DBody] [comfy-env] DESERIALIZED tensor shape: torch.Size([108])
[15:36]   [ComfyUI] [worker:ComfyUI-SAM3DBody] [comfy-env] _from_shm got dict with keys: ['__type__', 'strategy', 'manager_path', 'storage_key', 'storage_size']
[15:36]   [ComfyUI] [worker:ComfyUI-SAM3DBody] [comfy-env] DESERIALIZE TensorRef: tensor_size=[28]
[15:36]   [ComfyUI] [worker:ComfyUI-SAM3DBody] [comfy-env] DESERIALIZED tensor shape: torch.Size([28])
[15:36]   [ComfyUI] [worker:ComfyUI-SAM3DBody] [comfy-env] _from_shm got dict with keys: ['__type__', 'strategy', 'manager_path', 'storage_key', 'storage_size']
[15:36]   [ComfyUI] [worker:ComfyUI-SAM3DBody] [comfy-env] DESERIALIZE TensorRef: tensor_size=[45]
[15:36]   [ComfyUI] [worker:ComfyUI-SAM3DBody] [comfy-env] DESERIALIZED tensor shape: torch.Size([45])
[15:36]   [ComfyUI] [worker:ComfyUI-SAM3DBody] [comfy-env] _from_shm got dict with keys: ['__type__', 'strategy', 'manager_path', 'storage_key', 'storage_size']
[15:36]   [ComfyUI] [worker:ComfyUI-SAM3DBody] [comfy-env] DESERIALIZE TensorRef: tensor_size=[72]
[15:36]   [ComfyUI] [worker:ComfyUI-SAM3DBody] [comfy-env] DESERIALIZED tensor shape: torch.Size([72])
[15:36]   [ComfyUI] [worker:ComfyUI-SAM3DBody] [comfy-env] _from_shm got dict with keys: ['__type__', 'strategy', 'manager_path', 'storage_key', 'storage_size']
[15:36]   [ComfyUI] [worker:ComfyUI-SAM3DBody] [comfy-env] DESERIALIZE TensorRef: tensor_size=[1500, 2250, 1]
[15:36]   [ComfyUI] [worker:ComfyUI-SAM3DBody] [comfy-env] DESERIALIZED tensor shape: torch.Size([1500, 2250, 1])
[15:36]   [ComfyUI] [worker:ComfyUI-SAM3DBody] [comfy-env] _from_shm got dict with keys: ['__type__', 'strategy', 'manager_path', 'storage_key', 'storage_size']
[15:36]   [ComfyUI] [worker:ComfyUI-SAM3DBody] [comfy-env] DESERIALIZE TensorRef: tensor_size=[127, 3]
[15:36]   [ComfyUI] [worker:ComfyUI-SAM3DBody] [comfy-env] DESERIALIZED tensor shape: torch.Size([127, 3])
[15:36]   [ComfyUI] [worker:ComfyUI-SAM3DBody] [comfy-env] _from_shm got dict with keys: ['__type__', 'strategy', 'manager_path', 'storage_key', 'storage_size']
[15:36]   [ComfyUI] [worker:ComfyUI-SAM3DBody] [comfy-env] DESERIALIZE TensorRef: tensor_size=[127, 3, 3]
[15:36]   [ComfyUI] [worker:ComfyUI-SAM3DBody] [comfy-env] DESERIALIZED tensor shape: torch.Size([127, 3, 3])
[15:36]   [ComfyUI] [worker:ComfyUI-SAM3DBody] [comfy-env] _from_shm got dict with keys: ['__type__', 'strategy', 'manager_path', 'storage_key', 'storage_size']
[15:36]   [ComfyUI] [worker:ComfyUI-SAM3DBody] [comfy-env] DESERIALIZE TensorRef: tensor_size=[4]
[15:36]   [ComfyUI] [worker:ComfyUI-SAM3DBody] [comfy-env] DESERIALIZED tensor shape: torch.Size([4])
[15:36]   [ComfyUI] [worker:ComfyUI-SAM3DBody] [comfy-env] _from_shm got dict with keys: ['__type__', 'strategy', 'manager_path', 'storage_key', 'storage_size']
[15:36]   [ComfyUI] [worker:ComfyUI-SAM3DBody] [comfy-env] DESERIALIZE TensorRef: tensor_size=[4]
[15:36]   [ComfyUI] [worker:ComfyUI-SAM3DBody] [comfy-env] DESERIALIZED tensor shape: torch.Size([4])
[15:36]   [ComfyUI] [worker:ComfyUI-SAM3DBody] [comfy-env] _from_shm got dict with keys: ['__type__', 'strategy', 'manager_path', 'storage_key', 'storage_size']
[15:36]   [ComfyUI] [worker:ComfyUI-SAM3DBody] [comfy-env] DESERIALIZE TensorRef: tensor_size=[4]
[15:36]   [ComfyUI] [worker:ComfyUI-SAM3DBody] [comfy-env] DESERIALIZED tensor shape: torch.Size([4])
[15:36]   [ComfyUI] [worker:ComfyUI-SAM3DBody] [comfy-env] _from_shm got dict with keys: ['__type__', 'strategy', 'manager_path', 'storage_key', 'storage_size']
[15:36]   [ComfyUI] [worker:ComfyUI-SAM3DBody] [comfy-env] DESERIALIZE TensorRef: tensor_size=[70, 3]
[15:36]   [ComfyUI] [worker:ComfyUI-SAM3DBody] [comfy-env] DESERIALIZED tensor shape: torch.Size([70, 3])
[15:36]   [ComfyUI] [worker:ComfyUI-SAM3DBody] [comfy-env] _from_shm got dict with keys: ['__type__', 'strategy', 'manager_path', 'storage_key', 'storage_size']
[15:36]   [ComfyUI] [worker:ComfyUI-SAM3DBody] [comfy-env] DESERIALIZE TensorRef: tensor_size=[70, 2]
[15:36]   [ComfyUI] [worker:ComfyUI-SAM3DBody] [comfy-env] DESERIALIZED tensor shape: torch.Size([70, 2])
[15:36]   [ComfyUI] [worker:ComfyUI-SAM3DBody] [comfy-env] _from_shm got dict with keys: ['__type__', 'strategy', 'manager_path', 'storage_key', 'storage_size']
[15:36]   [ComfyUI] [worker:ComfyUI-SAM3DBody] [comfy-env] DESERIALIZE TensorRef: tensor_size=[18439, 3]
[15:36]   [ComfyUI] [worker:ComfyUI-SAM3DBody] [comfy-env] DESERIALIZED tensor shape: torch.Size([18439, 3])
[15:36]   [ComfyUI] [worker:ComfyUI-SAM3DBody] [comfy-env] _from_shm got dict with keys: ['__type__', 'strategy', 'manager_path', 'storage_key', 'storage_size']
[15:36]   [ComfyUI] [worker:ComfyUI-SAM3DBody] [comfy-env] DESERIALIZE TensorRef: tensor_size=[3]
[15:36]   [ComfyUI] [worker:ComfyUI-SAM3DBody] [comfy-env] DESERIALIZED tensor shape: torch.Size([3])
[15:36]   [ComfyUI] [worker:ComfyUI-SAM3DBody] [comfy-env] _from_shm got dict with keys: ['__type__', 'strategy', 'manager_path', 'storage_key', 'storage_size']
[15:36]   [ComfyUI] [worker:ComfyUI-SAM3DBody] [comfy-env] DESERIALIZE TensorRef: tensor_size=[266]
[15:36]   [ComfyUI] [worker:ComfyUI-SAM3DBody] [comfy-env] DESERIALIZED tensor shape: torch.Size([266])
[15:36]   [ComfyUI] [worker:ComfyUI-SAM3DBody] [comfy-env] _from_shm got dict with keys: ['__type__', 'strategy', 'manager_path', 'storage_key', 'storage_size']
[15:36]   [ComfyUI] [worker:ComfyUI-SAM3DBody] [comfy-env] DESERIALIZE TensorRef: tensor_size=[3]
[15:36]   [ComfyUI] [worker:ComfyUI-SAM3DBody] [comfy-env] DESERIALIZED tensor shape: torch.Size([3])
[15:36]   [ComfyUI] [worker:ComfyUI-SAM3DBody] [comfy-env] _from_shm got dict with keys: ['__type__', 'strategy', 'manager_path', 'storage_key', 'storage_size']
[15:36]   [ComfyUI] [worker:ComfyUI-SAM3DBody] [comfy-env] DESERIALIZE TensorRef: tensor_size=[133]
[15:36]   [ComfyUI] [worker:ComfyUI-SAM3DBody] [comfy-env] DESERIALIZED tensor shape: torch.Size([133])
[15:36]   [ComfyUI] [worker:ComfyUI-SAM3DBody] [comfy-env] _from_shm got dict with keys: ['__type__', 'strategy', 'manager_path', 'storage_key', 'storage_size']
[15:36]   [ComfyUI] [worker:ComfyUI-SAM3DBody] [comfy-env] DESERIALIZE TensorRef: tensor_size=[108]
[15:36]   [ComfyUI] [worker:ComfyUI-SAM3DBody] [comfy-env] DESERIALIZED tensor shape: torch.Size([108])
[15:36]   [ComfyUI] [worker:ComfyUI-SAM3DBody] [comfy-env] _from_shm got dict with keys: ['__type__', 'strategy', 'manager_path', 'storage_key', 'storage_size']
[15:36]   [ComfyUI] [worker:ComfyUI-SAM3DBody] [comfy-env] DESERIALIZE TensorRef: tensor_size=[28]
[15:36]   [ComfyUI] [worker:ComfyUI-SAM3DBody] [comfy-env] DESERIALIZED tensor shape: torch.Size([28])
[15:36]   [ComfyUI] [worker:ComfyUI-SAM3DBody] [comfy-env] _from_shm got dict with keys: ['__type__', 'strategy', 'manager_path', 'storage_key', 'storage_size']
[15:36]   [ComfyUI] [worker:ComfyUI-SAM3DBody] [comfy-env] DESERIALIZE TensorRef: tensor_size=[45]
[15:36]   [ComfyUI] [worker:ComfyUI-SAM3DBody] [comfy-env] DESERIALIZED tensor shape: torch.Size([45])
[15:36]   [ComfyUI] [worker:ComfyUI-SAM3DBody] [comfy-env] _from_shm got dict with keys: ['__type__', 'strategy', 'manager_path', 'storage_key', 'storage_size']
[15:36]   [ComfyUI] [worker:ComfyUI-SAM3DBody] [comfy-env] DESERIALIZE TensorRef: tensor_size=[72]
[15:36]   [ComfyUI] [worker:ComfyUI-SAM3DBody] [comfy-env] DESERIALIZED tensor shape: torch.Size([72])
[15:36]   [ComfyUI] [worker:ComfyUI-SAM3DBody] [comfy-env] _from_shm got dict with keys: ['__type__', 'strategy', 'manager_path', 'storage_key', 'storage_size']
[15:36]   [ComfyUI] [worker:ComfyUI-SAM3DBody] [comfy-env] DESERIALIZE TensorRef: tensor_size=[1500, 2250, 1]
[15:36]   [ComfyUI] [worker:ComfyUI-SAM3DBody] [comfy-env] DESERIALIZED tensor shape: torch.Size([1500, 2250, 1])
[15:36]   [ComfyUI] [worker:ComfyUI-SAM3DBody] [comfy-env] _from_shm got dict with keys: ['__type__', 'strategy', 'manager_path', 'storage_key', 'storage_size']
[15:36]   [ComfyUI] [worker:ComfyUI-SAM3DBody] [comfy-env] DESERIALIZE TensorRef: tensor_size=[127, 3]
[15:36]   [ComfyUI] [worker:ComfyUI-SAM3DBody] [comfy-env] DESERIALIZED tensor shape: torch.Size([127, 3])
[15:36]   [ComfyUI] [worker:ComfyUI-SAM3DBody] [comfy-env] _from_shm got dict with keys: ['__type__', 'strategy', 'manager_path', 'storage_key', 'storage_size']
[15:36]   [ComfyUI] [worker:ComfyUI-SAM3DBody] [comfy-env] DESERIALIZE TensorRef: tensor_size=[127, 3, 3]
[15:36]   [ComfyUI] [worker:ComfyUI-SAM3DBody] [comfy-env] DESERIALIZED tensor shape: torch.Size([127, 3, 3])
[15:36]   [ComfyUI] [worker:ComfyUI-SAM3DBody] [comfy-env] _from_shm got dict with keys: ['__type__', 'strategy', 'manager_path', 'storage_key', 'storage_size']
[15:36]   [ComfyUI] [worker:ComfyUI-SAM3DBody] [comfy-env] DESERIALIZE TensorRef: tensor_size=[4]
[15:36]   [ComfyUI] [worker:ComfyUI-SAM3DBody] [comfy-env] DESERIALIZED tensor shape: torch.Size([4])
[15:36]   [ComfyUI] [worker:ComfyUI-SAM3DBody] [comfy-env] _from_shm got dict with keys: ['__type__', 'strategy', 'manager_path', 'storage_key', 'storage_size']
[15:36]   [ComfyUI] [worker:ComfyUI-SAM3DBody] [comfy-env] DESERIALIZE TensorRef: tensor_size=[4]
[15:36]   [ComfyUI] [worker:ComfyUI-SAM3DBody] [comfy-env] DESERIALIZED tensor shape: torch.Size([4])
[15:36]   [ComfyUI] [SubprocessWorker] callback 'report_progress' from call_id=19
[15:36]   [ComfyUI] [SubprocessWorker] callback 'report_progress' from call_id=19
[15:36]   [ComfyUI] [SubprocessWorker] callback 'report_progress' from call_id=19
[15:36]   [ComfyUI] [SubprocessWorker] callback 'report_progress' from call_id=19
[15:36]   [ComfyUI] [SubprocessWorker] callback 'report_progress' from call_id=19
[15:37]   [ComfyUI] [SubprocessWorker] callback 'report_progress' from call_id=19
[15:37]   [ComfyUI] [SubprocessWorker] callback 'report_progress' from call_id=19
[15:37]   [ComfyUI] [SubprocessWorker] callback 'report_progress' from call_id=19
[15:37]   [ComfyUI] [SubprocessWorker] callback 'report_progress' from call_id=19
[15:37]   [ComfyUI] [SubprocessWorker] callback 'report_progress' from call_id=19
[15:37]   [ComfyUI] [SubprocessWorker] callback 'report_progress' from call_id=19
[15:37]   [ComfyUI] [SubprocessWorker] callback 'report_progress' from call_id=19
[15:37]   [ComfyUI] [SubprocessWorker] callback 'report_progress' from call_id=19
[15:37]   [ComfyUI] [SubprocessWorker] callback 'report_progress' from call_id=19
[15:37]   [ComfyUI] [SubprocessWorker] callback 'report_progress' from call_id=19
[15:38]   [ComfyUI] [SubprocessWorker] callback 'report_progress' from call_id=19
[15:38]   [ComfyUI] [SubprocessWorker] callback 'report_progress' from call_id=19
[15:38]   [ComfyUI] [SubprocessWorker] callback 'report_progress' from call_id=19
[15:38]   Frame 5 saved (frame_004.jpg, t=17.5s)
[15:38]   [capture-periodic] freeze=4ms shot=133ms unfreeze=6ms saved=True
[15:38]   [ComfyUI] [SubprocessWorker] callback 'report_progress' from call_id=19
[15:38]   [ComfyUI] [SubprocessWorker] callback 'report_progress' from call_id=19
[15:38]   [ComfyUI] [SubprocessWorker] callback 'report_progress' from call_id=19
[15:38]   [ComfyUI] [SubprocessWorker] callback 'report_progress' from call_id=19
[15:38]   [ComfyUI] [SubprocessWorker] callback 'report_progress' from call_id=19
[15:38]   [ComfyUI] [SubprocessWorker] callback 'report_progress' from call_id=19
[15:38]   [ComfyUI] [SubprocessWorker] callback 'report_progress' from call_id=19
[15:39]   [ComfyUI] [SubprocessWorker] callback 'report_progress' from call_id=19
[15:39]   [capture-loop] iter=150 t=18.5s state={'complete': False, 'error': None, 'executedCount': 1, 'wsState': 1} eval_ms=5 ram=10.6/31.9GB (33%) swap=0.6/5.0GB (12%) cpu=12% browser_rss=0.85GB
[15:39]   [ComfyUI] [SubprocessWorker] callback 'report_progress' from call_id=19
[15:39]   [ComfyUI] [SubprocessWorker] callback 'report_progress' from call_id=19
[15:39]   [ComfyUI] [SubprocessWorker] callback 'report_progress' from call_id=19
[15:39]   [ComfyUI] [SubprocessWorker] callback 'report_progress' from call_id=19
[15:39]   [ComfyUI] [SubprocessWorker] callback 'report_progress' from call_id=19
[15:39]   [ComfyUI] [SubprocessWorker] callback 'report_progress' from call_id=19
[15:39]   [ComfyUI] [SubprocessWorker] callback 'report_progress' from call_id=19
[15:39]   [ComfyUI] [SubprocessWorker] callback 'report_progress' from call_id=19
[15:39]   [ComfyUI] [SubprocessWorker] callback 'report_progress' from call_id=19
[15:39]   [ComfyUI] [SubprocessWorker] got response: ok
[15:39]   [ComfyUI] [comfy-env] SAM3DBodyExportMesh done (4.22s): result: NodeOutput
[15:39]   [ComfyUI] [VRAM] After SAM3DBodyExportMesh: 1042 / 12287 MB
[15:39]   [ComfyUI] [VRAM] Loaded: SubprocessModel (3143 MB)
[15:39]   [ComfyUI] Prompt executed in 19.08 seconds
[15:39]   [ComfyUI] [comfy-env] [VRAM] Before offload 'SAM3DBody_1' (3143 MB) -> cpu: 1042 / 12287 MB
[15:39]   [ComfyUI] [ComfyUI-SAM3DBody] Health check: ping (timeout=5.0s)...
[15:39]   [ComfyUI] [ComfyUI-SAM3DBody] Health check: ok
[15:39]   [ComfyUI] [SubprocessWorker] call_id=20 sending model_to_device
[15:40]   Node executed (2 total), capturing...
[15:40]   [ComfyUI] [worker:ComfyUI-SAM3DBody] [VRAM] -266MB (now 2887MB) reserved=3264MB peak=3204MB
[15:40]   Frame 6 saved (frame_005.jpg, t=19.5s)
[15:40]   [capture-node] freeze=286ms shot=415ms unfreeze=0ms saved=True
[15:40]   Execution complete (t=19.5s)
[15:40]   [3d-wait] Phase 1: Waiting for 'Loading 3D Model' text to disappear...
[15:40]   [ComfyUI] [comfy-env] [VRAM] After offload 'SAM3DBody_1' (3143 MB): 1042 / 12287 MB
[16:40]   [3d-wait] Phase 1 exception after 60.0s: Page.wait_for_function: Timeout 60000ms exceeded.
[16:40]   [3d-wait] Phase 2: iframes=0
[16:41]   [3d-wait] Total 3D wait: 60.0s
[16:41]   Captured 6 unique frames over 80.36s
[16:41]   [debug] iframes: 0
[16:41]   [timing] trigger_3d_previews: 0.0s
[16:43]   Saved high-quality screenshot: workflow_executed.png
[16:43]   [timing] final_screenshot: 0.3s
[16:43] Results saved to C:\logs\SAM3DBody-0354\dev\windows-portable-gpu\results.json
[16:43] Model report: 22 files, 7.7 GB -> C:\logs\SAM3DBody-0354\dev\windows-portable-gpu\models.json
[16:43] Saved: C:\logs\SAM3DBody-0354\dev\windows-portable-gpu\index.html
[16:43] [EXECUTION] PASSED
[16:43] 
windows_portable: PASSED
[16:43] Stopping ComfyUI server...
