[00:00] Crash dump logging enabled: C:\logs\SAM3DBody-2346\dev\windows-gpu\crash_dump.log
[00:00] 
[00:00] [1/5] SYNTAX
[00:00] ----------------------------------------
[00:00] 
[DEBUG] server=None, server_url=None, api=None
[00:00] Found pyproject.toml (modern format)
[00:00] Found requirements.txt (legacy format)
[00:00] Unicode check: OK (all characters cp1252-safe)
[00:00] Forbidden patterns check: OK
[00:00] [SYNTAX] PASSED
[00:00] 
[00:00] [2/5] INSTALL
[00:00] ----------------------------------------
[00:00] 
[DEBUG] server=None, server_url=None, api=None
[00:00] 
Setting up ComfyUI...
[00:00] Creating virtual environment at C:\workspaces\SAM3DBody-2346\.venv...
[00:00] Running: uv venv C:\workspaces\SAM3DBody-2346\.venv --python 3.12
[00:01] Cloning ComfyUI (latest) to C:\workspaces\SAM3DBody-2346\ComfyUI...
[00:01] Running: git clone --depth 1 https://github.com/comfyanonymous/ComfyUI.git C:\workspaces\SAM3DBody-2346\ComfyUI
[00:03] Installing ComfyUI requirements into C:\workspaces\SAM3DBody-2346\.venv...
[00:03]     comfyui-frontend-package==1.43.18
[00:03]     comfyui-workflow-templates==0.9.73
[00:03]     comfyui-embedded-docs==0.4.4
[00:03]     torch
[00:03]     torchsde
[00:03]     torchvision
[00:03]     torchaudio
[00:03]     numpy>=1.25.0
[00:03]     einops
[00:03]     transformers>=4.50.3
[00:03]     tokenizers>=0.13.3
[00:03]     sentencepiece
[00:03]     safetensors>=0.4.2
[00:03]     aiohttp>=3.11.8
[00:03]     yarl>=1.18.0
[00:03]     pyyaml
[00:03]     Pillow
[00:03]     scipy
[00:03]     tqdm
[00:03]     psutil
[00:03]     alembic
[00:03]     SQLAlchemy>=2.0.0
[00:03]     filelock
[00:03]     av>=14.2.0
[00:03]     comfy-kitchen>=0.2.8
[00:03]     comfy-aimdo==0.3.0
[00:03]     requests
[00:03]     simpleeval>=1.0.0
[00:03]     blake3
[00:03]     
[00:03]     #non essential dependencies:
[00:03]     kornia>=0.7.1
[00:03]     spandrel
[00:03]     pydantic~=2.0
[00:03]     pydantic-settings~=2.0
[00:03]     PyOpenGL
[00:03]     glfw
[00:03] Running: uv pip install --python C:\workspaces\SAM3DBody-2346\.venv\Scripts\python.exe --index-url https://download.pytorch.org/whl/cu128 --extra-index-url https://pypi.org/simple --index-strategy unsafe-best-match -r C:\workspaces\SAM3DBody-2346\ComfyUI\requirements.txt
[00:57] 
Installing custom node...
[00:57] Copying ComfyUI-SAM3DBody to C:\workspaces\SAM3DBody-2346\ComfyUI\custom_nodes\ComfyUI-SAM3DBody...
[00:57] Installing node requirements...
[00:57]     comfy-env==0.3.82
[00:57]     comfy-3d-viewers==0.2.44
[00:57] Running: uv pip install --python C:\workspaces\SAM3DBody-2346\.venv\Scripts\python.exe --index-url https://download.pytorch.org/whl/cu128 --extra-index-url https://pypi.org/simple --index-strategy unsafe-best-match -r C:\workspaces\SAM3DBody-2346\ComfyUI\custom_nodes\ComfyUI-SAM3DBody\requirements.txt
[01:00] 
Running install.py...
[01:00] Running: C:\workspaces\SAM3DBody-2346\.venv\Scripts\python.exe C:\workspaces\SAM3DBody-2346\ComfyUI\custom_nodes\ComfyUI-SAM3DBody\install.py
[01:02]   [comfy-env] Enabled Windows long path support
[01:02]   
[01:02]   Installing 3 node dependencies...
[01:02]     Cloning ComfyUI-Multiband...
[01:03]     Installing requirements for ComfyUI-Multiband...
[01:03]     Cloning ComfyUI-DepthAnythingV3...
[01:06]     Installing requirements for ComfyUI-DepthAnythingV3...
[01:06]     Running install.py for ComfyUI-DepthAnythingV3...
[01:06]   [comfy-env] Enabled Windows long path support
[01:06]   
[01:06]   Installing 3 node dependencies...
[01:06]     Cloning ComfyUI-VideoHelperSuite...
[01:07]     Installing requirements for ComfyUI-VideoHelperSuite...
[01:11]     Cloning ComfyUI-KJNodes...
[01:14]     Installing requirements for ComfyUI-KJNodes...
[01:16]     Cloning ComfyUI-GeometryPack...
[01:21]     Installing requirements for ComfyUI-GeometryPack...
[01:22]     Running install.py for ComfyUI-GeometryPack...
[01:22]   [comfy-env] Enabled Windows long path support
[01:25]   [comfy-env] _discover: scanning C:\workspaces\SAM3DBody-2346\ComfyUI\custom_nodes
[01:25]   [comfy-env] _discover: ComfyUI-DepthAnythingV3 -> depthanythingv3-nodes (custom_nodes\ComfyUI-DepthAnythingV3\nodes\comfy-env.toml)
[01:25]   [comfy-env] _discover: ComfyUI-GeometryPack -> geometrypack-nodes (custom_nodes\ComfyUI-GeometryPack\nodes\comfy-env.toml)
[01:25]   [comfy-env] _discover: ComfyUI-KJNodes: no comfy-env.toml found
[01:25]   [comfy-env] _discover: ComfyUI-Multiband: no comfy-env.toml found
[01:25]   [comfy-env] _discover: ComfyUI-SAM3DBody -> sam3dbody-nodes (custom_nodes\ComfyUI-SAM3DBody\nodes\comfy-env.toml)
[01:25]   [comfy-env] _discover: ComfyUI-VideoHelperSuite: no comfy-env.toml found
[01:25]   [comfy-env] Workspace: C:\ce
[01:25]   [comfy-env] ComfyUI: C:\workspaces\SAM3DBody-2346\ComfyUI
[01:25]   [comfy-env] Found 3 node config(s):
[01:25]     - depthanythingv3-nodes <- custom_nodes\ComfyUI-DepthAnythingV3\nodes\comfy-env.toml (python=host)
[01:25]     - geometrypack-nodes <- custom_nodes\ComfyUI-GeometryPack\nodes\comfy-env.toml (python=host)
[01:25]     - sam3dbody-nodes <- custom_nodes\ComfyUI-SAM3DBody\nodes\comfy-env.toml (python=host)
[01:25]   [comfy-env] Bootstrap interpreter has python 3.12 + torch 2.11.0 (cu128). Looking for cuda-only wheels matching cu128/torch2.11/cp312.
[02:31]   [comfy-env] GPU: Detection: torch
[02:31]   Recommended: CUDA 13.0
[02:31]   
[02:31]     GPU 0: NVIDIA GeForce RTX 3060 (sm_86) [Ampere] 12287MB
[02:31]   [comfy-env] Comfyui feature -> torch 2.11.0 from https://download.pytorch.org/whl/cu128 (CUDA 12.8 via bootstrap torch)
[02:31]   [comfy-env] cuda-wheels: 8 package(s) need a matched (cuda, torch, python) combo: ['flash_attn', 'sageattention', 'cumesh', 'detectron2', 'torch-scatter', 'torch-sparse', 'torch-cluster', 'flash-attn']
[02:31]   [comfy-env] cuda-wheels tier 1 (bootstrap): probing cu12.8/torch2.11/cp312
[02:31]   [cuda-wheels] Looking up flash_attn: cu128 torch2.11 cp312 win_amd64
[02:31]   [cuda-wheels]   https://pozzettiandrea.github.io/cuda-wheels/v2/flash_attn/: HTTPError: HTTP Error 404: Not Found
[02:31]   [cuda-wheels]   Found: flash_attn-2.8.3+cu128torch2.11-cp312-cp312-win_amd64.whl
[02:31]   [cuda-wheels] Looking up sageattention: cu128 torch2.11 cp312 win_amd64
[02:31]   [cuda-wheels]   Found: sageattention-2.2.0+cu128torch2.11-cp312-cp312-win_amd64.whl
[02:31]   [cuda-wheels] Looking up cumesh: cu128 torch2.11 cp312 win_amd64
[02:31]   [cuda-wheels]   Found: cumesh-0.0.1+cu128torch2.11-cp312-cp312-win_amd64.whl
[02:31]   [cuda-wheels] Looking up detectron2: cu128 torch2.11 cp312 win_amd64
[02:32]   [cuda-wheels]   Found: detectron2-0.6+cu128torch2.11-cp312-cp312-win_amd64.whl
[02:32]   [cuda-wheels] Looking up torch-scatter: cu128 torch2.11 cp312 win_amd64
[02:32]   [cuda-wheels]   https://pozzettiandrea.github.io/cuda-wheels/v2/torch_scatter/: HTTPError: HTTP Error 404: Not Found
[02:32]   [cuda-wheels]   Found: torch_scatter-2.1.2+cu128torch2.11-cp312-cp312-win_amd64.whl
[02:32]   [cuda-wheels] Looking up torch-sparse: cu128 torch2.11 cp312 win_amd64
[02:32]   [cuda-wheels]   https://pozzettiandrea.github.io/cuda-wheels/v2/torch_sparse/: HTTPError: HTTP Error 404: Not Found
[02:32]   [cuda-wheels]   Found: torch_sparse-0.6.18+cu128torch2.11-cp312-cp312-win_amd64.whl
[02:32]   [cuda-wheels] Looking up torch-cluster: cu128 torch2.11 cp312 win_amd64
[02:33]   [cuda-wheels]   https://pozzettiandrea.github.io/cuda-wheels/v2/torch_cluster/: HTTPError: HTTP Error 404: Not Found
[02:33]   [cuda-wheels]   Found: torch_cluster-1.6.3+cu128torch2.11-cp312-cp312-win_amd64.whl
[02:33]   [cuda-wheels] Looking up flash-attn: cu128 torch2.11 cp312 win_amd64
[02:33]   [cuda-wheels]   https://pozzettiandrea.github.io/cuda-wheels/v2/flash_attn/: HTTPError: HTTP Error 404: Not Found
[02:33]   [cuda-wheels]   Found: flash_attn-2.8.3+cu128torch2.11-cp312-cp312-win_amd64.whl
[02:33]   [comfy-env] cuda-wheels combo: cu12.8/torch2.11 (bootstrap matches; per-node envs will pin to this)
[02:33]   [comfy-env] Root conda deps from ComfyUI-DepthAnythingV3: ['av', 'ffmpeg']
[02:33]   [cuda-wheels] Looking up flash_attn: cu128 torch2.11 cp312 win_amd64
[02:33]   [cuda-wheels]   https://pozzettiandrea.github.io/cuda-wheels/v2/flash_attn/: HTTPError: HTTP Error 404: Not Found
[02:33]   [cuda-wheels]   Found: flash_attn-2.8.3+cu128torch2.11-cp312-cp312-win_amd64.whl
[02:33]   [cuda-wheels] Looking up sageattention: cu128 torch2.11 cp312 win_amd64
[02:33]   [cuda-wheels]   Found: sageattention-2.2.0+cu128torch2.11-cp312-cp312-win_amd64.whl
[02:33]   [comfy-env] depthanythingv3-nodes: cuda-wheels deferred for post-pixi install (flash_attn, sageattention)
[02:33]   [cuda-wheels] Looking up cumesh: cu128 torch2.11 cp312 win_amd64
[02:33]   [cuda-wheels]   Found: cumesh-0.0.1+cu128torch2.11-cp312-cp312-win_amd64.whl
[02:33]   [comfy-env] geometrypack-nodes: cuda-wheels deferred for post-pixi install (cumesh)
[02:33]   [cuda-wheels] Looking up detectron2: cu128 torch2.11 cp312 win_amd64
[02:33]   [cuda-wheels]   Found: detectron2-0.6+cu128torch2.11-cp312-cp312-win_amd64.whl
[02:33]   [cuda-wheels] Looking up torch-scatter: cu128 torch2.11 cp312 win_amd64
[02:33]   [cuda-wheels]   https://pozzettiandrea.github.io/cuda-wheels/v2/torch_scatter/: HTTPError: HTTP Error 404: Not Found
[02:33]   [cuda-wheels]   Found: torch_scatter-2.1.2+cu128torch2.11-cp312-cp312-win_amd64.whl
[02:33]   [cuda-wheels] Looking up torch-sparse: cu128 torch2.11 cp312 win_amd64
[02:34]   [cuda-wheels]   https://pozzettiandrea.github.io/cuda-wheels/v2/torch_sparse/: HTTPError: HTTP Error 404: Not Found
[02:34]   [cuda-wheels]   Found: torch_sparse-0.6.18+cu128torch2.11-cp312-cp312-win_amd64.whl
[02:34]   [cuda-wheels] Looking up torch-cluster: cu128 torch2.11 cp312 win_amd64
[02:34]   [cuda-wheels]   https://pozzettiandrea.github.io/cuda-wheels/v2/torch_cluster/: HTTPError: HTTP Error 404: Not Found
[02:34]   [cuda-wheels]   Found: torch_cluster-1.6.3+cu128torch2.11-cp312-cp312-win_amd64.whl
[02:34]   [cuda-wheels] Looking up flash-attn: cu128 torch2.11 cp312 win_amd64
[02:34]   [cuda-wheels]   https://pozzettiandrea.github.io/cuda-wheels/v2/flash_attn/: HTTPError: HTTP Error 404: Not Found
[02:34]   [cuda-wheels]   Found: flash_attn-2.8.3+cu128torch2.11-cp312-cp312-win_amd64.whl
[02:34]   [cuda-wheels] Looking up sageattention: cu128 torch2.11 cp312 win_amd64
[02:34]   [cuda-wheels]   Found: sageattention-2.2.0+cu128torch2.11-cp312-cp312-win_amd64.whl
[02:34]   [comfy-env] sam3dbody-nodes: cuda-wheels deferred for post-pixi install (detectron2, torch-scatter, torch-sparse, torch-cluster, flash-attn, sageattention)
[02:34]   Generated C:\ce\pixi.toml
[02:34]   [comfy-env] Patched C:\Users\ContainerAdministrator\AppData\Roaming\uv\python\cpython-3.10-windows-x86_64-none\Lib\platform.py for conda-forge compat
[02:34]   [comfy-env] Patched C:\Users\ContainerAdministrator\AppData\Roaming\uv\python\cpython-3.10.20-windows-x86_64-none\Lib\platform.py for conda-forge compat
[02:34]   [comfy-env] Patched C:\Users\ContainerAdministrator\AppData\Roaming\uv\python\cpython-3.11-windows-x86_64-none\Lib\platform.py for conda-forge compat
[02:34]   [comfy-env] Patched C:\Users\ContainerAdministrator\AppData\Roaming\uv\python\cpython-3.11.15-windows-x86_64-none\Lib\platform.py for conda-forge compat
[02:34]   [comfy-env] Patched C:\Users\ContainerAdministrator\AppData\Roaming\uv\python\cpython-3.12-windows-x86_64-none\Lib\platform.py for conda-forge compat
[02:34]   [comfy-env] Patched C:\Users\ContainerAdministrator\AppData\Roaming\uv\python\cpython-3.12.13-windows-x86_64-none\Lib\platform.py for conda-forge compat
[02:34]   [comfy-env] Patched C:\Users\ContainerAdministrator\AppData\Roaming\uv\python\cpython-3.13-windows-x86_64-none\Lib\platform.py for conda-forge compat
[02:34]   [comfy-env] Patched C:\Users\ContainerAdministrator\AppData\Roaming\uv\python\cpython-3.13.13-windows-x86_64-none\Lib\platform.py for conda-forge compat
[02:34]   [comfy-env] Installing 3 environment(s):
[02:34]     - depthanythingv3-nodes (python=host, 9 pypi deps, 2 cuda wheels)
[02:34]     - geometrypack-nodes (python=host, 14 pypi deps, 1 cuda wheels)
[02:34]     - sam3dbody-nodes (python=host, 11 pypi deps, 6 cuda wheels)
[02:34]   [comfy-env] Running `pixi install -e depthanythingv3-nodes -e geometrypack-nodes -e sam3dbody-nodes`...
[03:28]      WARN Skipped running the post-link scripts because `run-post-link-scripts` = `false`
[03:28]     	- Scripts/.librsvg-pre-unlink.bat
[03:28]     To enable them, run:
[03:28]     	pixi config set --local run-post-link-scripts insecure
[03:28]     More info:
[03:28]     	https://pixi.sh/latest/reference/pixi_configuration/#run-post-link-scripts
[03:32]      WARN Skipped running the post-link scripts because `run-post-link-scripts` = `false`
[03:32]     	- Scripts/.librsvg-pre-unlink.bat
[03:32]     To enable them, run:
[03:32]     	pixi config set --local run-post-link-scripts insecure
[03:32]     More info:
[03:32]     	https://pixi.sh/latest/reference/pixi_configuration/#run-post-link-scripts
[04:07]     The following environments have been installed: depthanythingv3-nodes, geometrypack-nodes, sam3dbody-nodes.
[04:07]   [comfy-env] depthanythingv3-nodes: installing cuda-wheels with --no-deps (flash_attn, sageattention)
[04:08]     Using Python 3.12.13 environment at: .pixi\envs\depthanythingv3-nodes
[04:09]     Resolved 2 packages in 1.07s
[04:09]     Downloading sageattention (41.7MiB)
[04:09]     Downloading flash-attn (239.2MiB)
[04:11]      Downloaded sageattention
[04:14]      Downloaded flash-attn
[04:14]     Prepared 2 packages in 4.80s
[04:14]     Installed 2 packages in 36ms
[04:14]      + flash-attn==2.8.3+cu128torch2.11 (from https://github.com/PozzettiAndrea/cuda-wheels/releases/download/flash_attn-latest/flash_attn-2.8.3%2Bcu128torch2.11-cp312-cp312-win_amd64.whl)
[04:14]      + sageattention==2.2.0+cu128torch2.11 (from https://github.com/PozzettiAndrea/cuda-wheels/releases/download/sageattention-latest/sageattention-2.2.0%2Bcu128torch2.11-cp312-cp312-win_amd64.whl)
[04:14]   [comfy-env] geometrypack-nodes: installing cuda-wheels with --no-deps (cumesh)
[04:14]     Using Python 3.12.13 environment at: .pixi\envs\geometrypack-nodes
[04:15]     Resolved 1 package in 668ms
[04:15]     Downloading cumesh (6.9MiB)
[04:15]      Downloaded cumesh
[04:15]     Prepared 1 package in 145ms
[04:15]     Installed 1 package in 11ms
[04:15]      + cumesh==0.0.1+cu128torch2.11 (from https://github.com/PozzettiAndrea/cuda-wheels/releases/download/cumesh-latest/cumesh-0.0.1%2Bcu128torch2.11-cp312-cp312-win_amd64.whl)
[04:15]   [comfy-env] sam3dbody-nodes: installing cuda-wheels with --no-deps (detectron2, torch-scatter, torch-sparse, torch-cluster, flash-attn, sageattention)
[04:15]     Using Python 3.12.13 environment at: .pixi\envs\sam3dbody-nodes
[04:17]     Resolved 6 packages in 1.50s
[04:17]     Downloading torch-cluster (3.0MiB)
[04:17]     Downloading torch-scatter (7.0MiB)
[04:17]     Downloading torch-sparse (4.5MiB)
[04:17]     Downloading sageattention (41.7MiB)
[04:17]     Downloading detectron2 (1.4MiB)
[04:17]     Downloading flash-attn (239.2MiB)
[04:17]      Downloaded torch-cluster
[04:18]      Downloaded torch-scatter
[04:18]      Downloaded torch-sparse
[04:18]      Downloaded detectron2
[04:19]      Downloaded sageattention
[04:22]      Downloaded flash-attn
[04:22]     Prepared 6 packages in 5.14s
[04:22]     Installed 6 packages in 104ms
[04:22]      + detectron2==0.6+cu128torch2.11 (from https://github.com/PozzettiAndrea/cuda-wheels/releases/download/detectron2-latest/detectron2-0.6%2Bcu128torch2.11-cp312-cp312-win_amd64.whl)
[04:22]      + flash-attn==2.8.3+cu128torch2.11 (from https://github.com/PozzettiAndrea/cuda-wheels/releases/download/flash_attn-latest/flash_attn-2.8.3%2Bcu128torch2.11-cp312-cp312-win_amd64.whl)
[04:22]      + sageattention==2.2.0+cu128torch2.11 (from https://github.com/PozzettiAndrea/cuda-wheels/releases/download/sageattention-latest/sageattention-2.2.0%2Bcu128torch2.11-cp312-cp312-win_amd64.whl)
[04:22]      + torch-cluster==1.6.3+cu128torch2.11 (from https://github.com/PozzettiAndrea/cuda-wheels/releases/download/torch_cluster-latest/torch_cluster-1.6.3%2Bcu128torch2.11-cp312-cp312-win_amd64.whl)
[04:22]      + torch-scatter==2.1.2+cu128torch2.11 (from https://github.com/PozzettiAndrea/cuda-wheels/releases/download/torch_scatter-latest/torch_scatter-2.1.2%2Bcu128torch2.11-cp312-cp312-win_amd64.whl)
[04:22]      + torch-sparse==0.6.18+cu128torch2.11 (from https://github.com/PozzettiAndrea/cuda-wheels/releases/download/torch_sparse-latest/torch_sparse-0.6.18%2Bcu128torch2.11-cp312-cp312-win_amd64.whl)
[04:22]   [comfy-env] Install log: C:\ce\install.log
[04:22]   
[04:22]   Installation complete!
[04:23]   
[04:23]   [requirements] Re-installing main package requirements...
[04:23]     Installing requirements for ComfyUI-DepthAnythingV3...
[04:23]   [comfy-env] _discover: scanning C:\workspaces\SAM3DBody-2346\ComfyUI\custom_nodes
[04:23]   [comfy-env] _discover: ComfyUI-DepthAnythingV3 -> depthanythingv3-nodes (custom_nodes\ComfyUI-DepthAnythingV3\nodes\comfy-env.toml)
[04:23]   [comfy-env] _discover: ComfyUI-GeometryPack -> geometrypack-nodes (custom_nodes\ComfyUI-GeometryPack\nodes\comfy-env.toml)
[04:23]   [comfy-env] _discover: ComfyUI-KJNodes: no comfy-env.toml found
[04:23]   [comfy-env] _discover: ComfyUI-Multiband: no comfy-env.toml found
[04:23]   [comfy-env] _discover: ComfyUI-SAM3DBody -> sam3dbody-nodes (custom_nodes\ComfyUI-SAM3DBody\nodes\comfy-env.toml)
[04:23]   [comfy-env] _discover: ComfyUI-VideoHelperSuite: no comfy-env.toml found
[04:23]   [comfy-env] Workspace: C:\ce
[04:23]   [comfy-env] ComfyUI: C:\workspaces\SAM3DBody-2346\ComfyUI
[04:23]   [comfy-env] Found 3 node config(s):
[04:23]     - depthanythingv3-nodes <- custom_nodes\ComfyUI-DepthAnythingV3\nodes\comfy-env.toml (python=host)
[04:23]     - geometrypack-nodes <- custom_nodes\ComfyUI-GeometryPack\nodes\comfy-env.toml (python=host)
[04:23]     - sam3dbody-nodes <- custom_nodes\ComfyUI-SAM3DBody\nodes\comfy-env.toml (python=host)
[04:23]   [comfy-env] Bootstrap interpreter has python 3.12 + torch 2.11.0 (cu128). Looking for cuda-only wheels matching cu128/torch2.11/cp312.
[04:26]   [comfy-env] GPU: Detection: torch
[04:26]   Recommended: CUDA 13.0
[04:26]   
[04:26]     GPU 0: NVIDIA GeForce RTX 3060 (sm_86) [Ampere] 12287MB
[04:26]   [comfy-env] Comfyui feature -> torch 2.11.0 from https://download.pytorch.org/whl/cu128 (CUDA 12.8 via bootstrap torch)
[04:26]   [comfy-env] cuda-wheels: 8 package(s) need a matched (cuda, torch, python) combo: ['flash_attn', 'sageattention', 'cumesh', 'detectron2', 'torch-scatter', 'torch-sparse', 'torch-cluster', 'flash-attn']
[04:26]   [comfy-env] cuda-wheels tier 1 (bootstrap): probing cu12.8/torch2.11/cp312
[04:26]   [cuda-wheels] Looking up flash_attn: cu128 torch2.11 cp312 win_amd64
[04:26]   [cuda-wheels]   https://pozzettiandrea.github.io/cuda-wheels/v2/flash_attn/: HTTPError: HTTP Error 404: Not Found
[04:26]   [cuda-wheels]   Found: flash_attn-2.8.3+cu128torch2.11-cp312-cp312-win_amd64.whl
[04:26]   [cuda-wheels] Looking up sageattention: cu128 torch2.11 cp312 win_amd64
[04:26]   [cuda-wheels]   Found: sageattention-2.2.0+cu128torch2.11-cp312-cp312-win_amd64.whl
[04:26]   [cuda-wheels] Looking up cumesh: cu128 torch2.11 cp312 win_amd64
[04:27]   [cuda-wheels]   Found: cumesh-0.0.1+cu128torch2.11-cp312-cp312-win_amd64.whl
[04:27]   [cuda-wheels] Looking up detectron2: cu128 torch2.11 cp312 win_amd64
[04:27]   [cuda-wheels]   Found: detectron2-0.6+cu128torch2.11-cp312-cp312-win_amd64.whl
[04:27]   [cuda-wheels] Looking up torch-scatter: cu128 torch2.11 cp312 win_amd64
[04:27]   [cuda-wheels]   https://pozzettiandrea.github.io/cuda-wheels/v2/torch_scatter/: HTTPError: HTTP Error 404: Not Found
[04:27]   [cuda-wheels]   Found: torch_scatter-2.1.2+cu128torch2.11-cp312-cp312-win_amd64.whl
[04:27]   [cuda-wheels] Looking up torch-sparse: cu128 torch2.11 cp312 win_amd64
[04:27]   [cuda-wheels]   https://pozzettiandrea.github.io/cuda-wheels/v2/torch_sparse/: HTTPError: HTTP Error 404: Not Found
[04:27]   [cuda-wheels]   Found: torch_sparse-0.6.18+cu128torch2.11-cp312-cp312-win_amd64.whl
[04:27]   [cuda-wheels] Looking up torch-cluster: cu128 torch2.11 cp312 win_amd64
[04:28]   [cuda-wheels]   https://pozzettiandrea.github.io/cuda-wheels/v2/torch_cluster/: HTTPError: HTTP Error 404: Not Found
[04:28]   [cuda-wheels]   Found: torch_cluster-1.6.3+cu128torch2.11-cp312-cp312-win_amd64.whl
[04:28]   [cuda-wheels] Looking up flash-attn: cu128 torch2.11 cp312 win_amd64
[04:28]   [cuda-wheels]   https://pozzettiandrea.github.io/cuda-wheels/v2/flash_attn/: HTTPError: HTTP Error 404: Not Found
[04:28]   [cuda-wheels]   Found: flash_attn-2.8.3+cu128torch2.11-cp312-cp312-win_amd64.whl
[04:28]   [comfy-env] cuda-wheels combo: cu12.8/torch2.11 (bootstrap matches; per-node envs will pin to this)
[04:28]   [comfy-env] Root conda deps from ComfyUI-DepthAnythingV3: ['av', 'ffmpeg']
[04:28]   [cuda-wheels] Looking up flash_attn: cu128 torch2.11 cp312 win_amd64
[04:28]   [cuda-wheels]   https://pozzettiandrea.github.io/cuda-wheels/v2/flash_attn/: HTTPError: HTTP Error 404: Not Found
[04:28]   [cuda-wheels]   Found: flash_attn-2.8.3+cu128torch2.11-cp312-cp312-win_amd64.whl
[04:28]   [cuda-wheels] Looking up sageattention: cu128 torch2.11 cp312 win_amd64
[04:28]   [cuda-wheels]   Found: sageattention-2.2.0+cu128torch2.11-cp312-cp312-win_amd64.whl
[04:28]   [comfy-env] depthanythingv3-nodes: cuda-wheels deferred for post-pixi install (flash_attn, sageattention)
[04:28]   [cuda-wheels] Looking up cumesh: cu128 torch2.11 cp312 win_amd64
[04:28]   [cuda-wheels]   Found: cumesh-0.0.1+cu128torch2.11-cp312-cp312-win_amd64.whl
[04:28]   [comfy-env] geometrypack-nodes: cuda-wheels deferred for post-pixi install (cumesh)
[04:28]   [cuda-wheels] Looking up detectron2: cu128 torch2.11 cp312 win_amd64
[04:28]   [cuda-wheels]   Found: detectron2-0.6+cu128torch2.11-cp312-cp312-win_amd64.whl
[04:28]   [cuda-wheels] Looking up torch-scatter: cu128 torch2.11 cp312 win_amd64
[04:29]   [cuda-wheels]   https://pozzettiandrea.github.io/cuda-wheels/v2/torch_scatter/: HTTPError: HTTP Error 404: Not Found
[04:29]   [cuda-wheels]   Found: torch_scatter-2.1.2+cu128torch2.11-cp312-cp312-win_amd64.whl
[04:29]   [cuda-wheels] Looking up torch-sparse: cu128 torch2.11 cp312 win_amd64
[04:29]   [cuda-wheels]   https://pozzettiandrea.github.io/cuda-wheels/v2/torch_sparse/: HTTPError: HTTP Error 404: Not Found
[04:29]   [cuda-wheels]   Found: torch_sparse-0.6.18+cu128torch2.11-cp312-cp312-win_amd64.whl
[04:29]   [cuda-wheels] Looking up torch-cluster: cu128 torch2.11 cp312 win_amd64
[04:29]   [cuda-wheels]   https://pozzettiandrea.github.io/cuda-wheels/v2/torch_cluster/: HTTPError: HTTP Error 404: Not Found
[04:29]   [cuda-wheels]   Found: torch_cluster-1.6.3+cu128torch2.11-cp312-cp312-win_amd64.whl
[04:29]   [cuda-wheels] Looking up flash-attn: cu128 torch2.11 cp312 win_amd64
[04:29]   [cuda-wheels]   https://pozzettiandrea.github.io/cuda-wheels/v2/flash_attn/: HTTPError: HTTP Error 404: Not Found
[04:29]   [cuda-wheels]   Found: flash_attn-2.8.3+cu128torch2.11-cp312-cp312-win_amd64.whl
[04:29]   [cuda-wheels] Looking up sageattention: cu128 torch2.11 cp312 win_amd64
[04:29]   [cuda-wheels]   Found: sageattention-2.2.0+cu128torch2.11-cp312-cp312-win_amd64.whl
[04:29]   [comfy-env] sam3dbody-nodes: cuda-wheels deferred for post-pixi install (detectron2, torch-scatter, torch-sparse, torch-cluster, flash-attn, sageattention)
[04:29]   Generated C:\ce\pixi.toml
[04:29]   [comfy-env] Patched C:\Users\ContainerAdministrator\AppData\Roaming\uv\python\cpython-3.13-windows-x86_64-none\Lib\platform.py for conda-forge compat
[04:29]   [comfy-env] Installing 3 environment(s):
[04:29]     - depthanythingv3-nodes (python=host, 9 pypi deps, 2 cuda wheels)
[04:29]     - geometrypack-nodes (python=host, 14 pypi deps, 1 cuda wheels)
[04:29]     - sam3dbody-nodes (python=host, 11 pypi deps, 6 cuda wheels)
[04:29]   [comfy-env] Running `pixi install -e depthanythingv3-nodes -e geometrypack-nodes -e sam3dbody-nodes`...
[04:29]     The following environments have been installed: depthanythingv3-nodes, geometrypack-nodes, sam3dbody-nodes.
[04:29]   [comfy-env] depthanythingv3-nodes: installing cuda-wheels with --no-deps (flash_attn, sageattention)
[04:30]     Using Python 3.12.13 environment at: .pixi\envs\depthanythingv3-nodes
[04:30]     Checked 2 packages in 166ms
[04:30]   [comfy-env] geometrypack-nodes: installing cuda-wheels with --no-deps (cumesh)
[04:30]     Using Python 3.12.13 environment at: .pixi\envs\geometrypack-nodes
[04:30]     Checked 1 package in 169ms
[04:30]   [comfy-env] sam3dbody-nodes: installing cuda-wheels with --no-deps (detectron2, torch-scatter, torch-sparse, torch-cluster, flash-attn, sageattention)
[04:30]     Using Python 3.12.13 environment at: .pixi\envs\sam3dbody-nodes
[04:31]     Resolved 6 packages in 1.28s
[04:31]     Checked 6 packages in 0.20ms
[04:32]   [comfy-env] Install log: C:\ce\install.log
[04:32]   
[04:32]   Installation complete!
[04:32]     ComfyUI-VideoHelperSuite: exists
[04:32]     ComfyUI-KJNodes: exists
[04:32]     ComfyUI-GeometryPack: exists
[04:32]     Cloning ComfyUI-CameraPack...
[04:33]   
[04:33]   [requirements] Re-installing main package requirements...
[04:33]     Installing requirements for ComfyUI-SAM3DBody...
[04:33]   [comfy-env] _discover: scanning C:\workspaces\SAM3DBody-2346\ComfyUI\custom_nodes
[04:33]   [comfy-env] _discover: ComfyUI-CameraPack: no comfy-env.toml found
[04:33]   [comfy-env] _discover: ComfyUI-DepthAnythingV3 -> depthanythingv3-nodes (custom_nodes\ComfyUI-DepthAnythingV3\nodes\comfy-env.toml)
[04:33]   [comfy-env] _discover: ComfyUI-GeometryPack -> geometrypack-nodes (custom_nodes\ComfyUI-GeometryPack\nodes\comfy-env.toml)
[04:33]   [comfy-env] _discover: ComfyUI-KJNodes: no comfy-env.toml found
[04:33]   [comfy-env] _discover: ComfyUI-Multiband: no comfy-env.toml found
[04:33]   [comfy-env] _discover: ComfyUI-SAM3DBody -> sam3dbody-nodes (custom_nodes\ComfyUI-SAM3DBody\nodes\comfy-env.toml)
[04:33]   [comfy-env] _discover: ComfyUI-VideoHelperSuite: no comfy-env.toml found
[04:33]   [comfy-env] Workspace: C:\ce
[04:33]   [comfy-env] ComfyUI: C:\workspaces\SAM3DBody-2346\ComfyUI
[04:33]   [comfy-env] Found 3 node config(s):
[04:33]     - depthanythingv3-nodes <- custom_nodes\ComfyUI-DepthAnythingV3\nodes\comfy-env.toml (python=host)
[04:33]     - geometrypack-nodes <- custom_nodes\ComfyUI-GeometryPack\nodes\comfy-env.toml (python=host)
[04:33]     - sam3dbody-nodes <- custom_nodes\ComfyUI-SAM3DBody\nodes\comfy-env.toml (python=host)
[04:33]   [comfy-env] Bootstrap interpreter has python 3.12 + torch 2.11.0 (cu128). Looking for cuda-only wheels matching cu128/torch2.11/cp312.
[04:36]   [comfy-env] GPU: Detection: torch
[04:36]   Recommended: CUDA 13.0
[04:36]   
[04:36]     GPU 0: NVIDIA GeForce RTX 3060 (sm_86) [Ampere] 12287MB
[04:36]   [comfy-env] Comfyui feature -> torch 2.11.0 from https://download.pytorch.org/whl/cu128 (CUDA 12.8 via bootstrap torch)
[04:36]   [comfy-env] cuda-wheels: 8 package(s) need a matched (cuda, torch, python) combo: ['flash_attn', 'sageattention', 'cumesh', 'detectron2', 'torch-scatter', 'torch-sparse', 'torch-cluster', 'flash-attn']
[04:36]   [comfy-env] cuda-wheels tier 1 (bootstrap): probing cu12.8/torch2.11/cp312
[04:36]   [cuda-wheels] Looking up flash_attn: cu128 torch2.11 cp312 win_amd64
[04:36]   [cuda-wheels]   https://pozzettiandrea.github.io/cuda-wheels/v2/flash_attn/: HTTPError: HTTP Error 404: Not Found
[04:36]   [cuda-wheels]   Found: flash_attn-2.8.3+cu128torch2.11-cp312-cp312-win_amd64.whl
[04:36]   [cuda-wheels] Looking up sageattention: cu128 torch2.11 cp312 win_amd64
[04:36]   [cuda-wheels]   Found: sageattention-2.2.0+cu128torch2.11-cp312-cp312-win_amd64.whl
[04:36]   [cuda-wheels] Looking up cumesh: cu128 torch2.11 cp312 win_amd64
[04:36]   [cuda-wheels]   Found: cumesh-0.0.1+cu128torch2.11-cp312-cp312-win_amd64.whl
[04:36]   [cuda-wheels] Looking up detectron2: cu128 torch2.11 cp312 win_amd64
[04:36]   [cuda-wheels]   Found: detectron2-0.6+cu128torch2.11-cp312-cp312-win_amd64.whl
[04:36]   [cuda-wheels] Looking up torch-scatter: cu128 torch2.11 cp312 win_amd64
[04:36]   [cuda-wheels]   https://pozzettiandrea.github.io/cuda-wheels/v2/torch_scatter/: HTTPError: HTTP Error 404: Not Found
[04:36]   [cuda-wheels]   Found: torch_scatter-2.1.2+cu128torch2.11-cp312-cp312-win_amd64.whl
[04:36]   [cuda-wheels] Looking up torch-sparse: cu128 torch2.11 cp312 win_amd64
[04:36]   [cuda-wheels]   https://pozzettiandrea.github.io/cuda-wheels/v2/torch_sparse/: HTTPError: HTTP Error 404: Not Found
[04:36]   [cuda-wheels]   Found: torch_sparse-0.6.18+cu128torch2.11-cp312-cp312-win_amd64.whl
[04:36]   [cuda-wheels] Looking up torch-cluster: cu128 torch2.11 cp312 win_amd64
[04:37]   [cuda-wheels]   https://pozzettiandrea.github.io/cuda-wheels/v2/torch_cluster/: HTTPError: HTTP Error 404: Not Found
[04:37]   [cuda-wheels]   Found: torch_cluster-1.6.3+cu128torch2.11-cp312-cp312-win_amd64.whl
[04:37]   [cuda-wheels] Looking up flash-attn: cu128 torch2.11 cp312 win_amd64
[04:37]   [cuda-wheels]   https://pozzettiandrea.github.io/cuda-wheels/v2/flash_attn/: HTTPError: HTTP Error 404: Not Found
[04:37]   [cuda-wheels]   Found: flash_attn-2.8.3+cu128torch2.11-cp312-cp312-win_amd64.whl
[04:37]   [comfy-env] cuda-wheels combo: cu12.8/torch2.11 (bootstrap matches; per-node envs will pin to this)
[04:37]   [comfy-env] Root conda deps from ComfyUI-DepthAnythingV3: ['av', 'ffmpeg']
[04:37]   [cuda-wheels] Looking up flash_attn: cu128 torch2.11 cp312 win_amd64
[04:37]   [cuda-wheels]   https://pozzettiandrea.github.io/cuda-wheels/v2/flash_attn/: HTTPError: HTTP Error 404: Not Found
[04:37]   [cuda-wheels]   Found: flash_attn-2.8.3+cu128torch2.11-cp312-cp312-win_amd64.whl
[04:37]   [cuda-wheels] Looking up sageattention: cu128 torch2.11 cp312 win_amd64
[04:37]   [cuda-wheels]   Found: sageattention-2.2.0+cu128torch2.11-cp312-cp312-win_amd64.whl
[04:37]   [comfy-env] depthanythingv3-nodes: cuda-wheels deferred for post-pixi install (flash_attn, sageattention)
[04:37]   [cuda-wheels] Looking up cumesh: cu128 torch2.11 cp312 win_amd64
[04:37]   [cuda-wheels]   Found: cumesh-0.0.1+cu128torch2.11-cp312-cp312-win_amd64.whl
[04:37]   [comfy-env] geometrypack-nodes: cuda-wheels deferred for post-pixi install (cumesh)
[04:37]   [cuda-wheels] Looking up detectron2: cu128 torch2.11 cp312 win_amd64
[04:37]   [cuda-wheels]   Found: detectron2-0.6+cu128torch2.11-cp312-cp312-win_amd64.whl
[04:37]   [cuda-wheels] Looking up torch-scatter: cu128 torch2.11 cp312 win_amd64
[04:37]   [cuda-wheels]   https://pozzettiandrea.github.io/cuda-wheels/v2/torch_scatter/: HTTPError: HTTP Error 404: Not Found
[04:37]   [cuda-wheels]   Found: torch_scatter-2.1.2+cu128torch2.11-cp312-cp312-win_amd64.whl
[04:37]   [cuda-wheels] Looking up torch-sparse: cu128 torch2.11 cp312 win_amd64
[04:37]   [cuda-wheels]   https://pozzettiandrea.github.io/cuda-wheels/v2/torch_sparse/: HTTPError: HTTP Error 404: Not Found
[04:37]   [cuda-wheels]   Found: torch_sparse-0.6.18+cu128torch2.11-cp312-cp312-win_amd64.whl
[04:37]   [cuda-wheels] Looking up torch-cluster: cu128 torch2.11 cp312 win_amd64
[04:38]   [cuda-wheels]   https://pozzettiandrea.github.io/cuda-wheels/v2/torch_cluster/: HTTPError: HTTP Error 404: Not Found
[04:38]   [cuda-wheels]   Found: torch_cluster-1.6.3+cu128torch2.11-cp312-cp312-win_amd64.whl
[04:38]   [cuda-wheels] Looking up flash-attn: cu128 torch2.11 cp312 win_amd64
[04:38]   [cuda-wheels]   https://pozzettiandrea.github.io/cuda-wheels/v2/flash_attn/: HTTPError: HTTP Error 404: Not Found
[04:38]   [cuda-wheels]   Found: flash_attn-2.8.3+cu128torch2.11-cp312-cp312-win_amd64.whl
[04:38]   [cuda-wheels] Looking up sageattention: cu128 torch2.11 cp312 win_amd64
[04:38]   [cuda-wheels]   Found: sageattention-2.2.0+cu128torch2.11-cp312-cp312-win_amd64.whl
[04:38]   [comfy-env] sam3dbody-nodes: cuda-wheels deferred for post-pixi install (detectron2, torch-scatter, torch-sparse, torch-cluster, flash-attn, sageattention)
[04:38]   Generated C:\ce\pixi.toml
[04:38]   [comfy-env] Installing 3 environment(s):
[04:38]     - depthanythingv3-nodes (python=host, 9 pypi deps, 2 cuda wheels)
[04:38]     - geometrypack-nodes (python=host, 14 pypi deps, 1 cuda wheels)
[04:38]     - sam3dbody-nodes (python=host, 11 pypi deps, 6 cuda wheels)
[04:38]   [comfy-env] Running `pixi install -e depthanythingv3-nodes -e geometrypack-nodes -e sam3dbody-nodes`...
[04:38]     The following environments have been installed: depthanythingv3-nodes, geometrypack-nodes, sam3dbody-nodes.
[04:38]   [comfy-env] depthanythingv3-nodes: installing cuda-wheels with --no-deps (flash_attn, sageattention)
[04:38]     Using Python 3.12.13 environment at: .pixi\envs\depthanythingv3-nodes
[04:38]     Checked 2 packages in 164ms
[04:38]   [comfy-env] geometrypack-nodes: installing cuda-wheels with --no-deps (cumesh)
[04:38]     Using Python 3.12.13 environment at: .pixi\envs\geometrypack-nodes
[04:38]     Checked 1 package in 177ms
[04:38]   [comfy-env] sam3dbody-nodes: installing cuda-wheels with --no-deps (detectron2, torch-scatter, torch-sparse, torch-cluster, flash-attn, sageattention)
[04:39]     Using Python 3.12.13 environment at: .pixi\envs\sam3dbody-nodes
[04:40]     Resolved 6 packages in 1.18s
[04:40]     Checked 6 packages in 0.20ms
[04:40]   [comfy-env] Install log: C:\ce\install.log
[04:40]   
[04:40]   Installation complete!
[04:40] Installing 3 node dependency(ies)...
[04:40]   ComfyUI-Multiband from PozzettiAndrea/ComfyUI-Multiband
[04:40]   ComfyUI-Multiband already exists, skipping...
[04:40]   ComfyUI-DepthAnythingV3 from PozzettiAndrea/ComfyUI-DepthAnythingV3
[04:40]   ComfyUI-DepthAnythingV3 already exists, skipping...
[04:40]   ComfyUI-CameraPack from PozzettiAndrea/ComfyUI-CameraPack
[04:40]   ComfyUI-CameraPack already exists, skipping...
[04:40] Installing validation endpoint...
[04:40]   Cloning PozzettiAndrea/ComfyUI-validate-endpoint...
[04:40] Running: git clone --depth 1 https://github.com/PozzettiAndrea/ComfyUI-validate-endpoint.git C:\workspaces\SAM3DBody-2346\ComfyUI\custom_nodes\ComfyUI-validate-endpoint
[04:41] CUDA packages absent (will mock): detectron2, torch_scatter, torch_sparse, torch_cluster, flash_attn, sageattention
[04:41] [INSTALL] PASSED
[04:41] 
[04:41] [3/5] REGISTRATION
[04:41] ----------------------------------------
[04:41] 
[DEBUG] server=None, server_url=None, api=None
[04:41] 
Starting ComfyUI server...
[04:41] Starting ComfyUI server on port 41888...
[04:41] CUDA mock packages: detectron2, torch_scatter, torch_sparse, torch_cluster, flash_attn, sageattention
[04:41] Starting ComfyUI server on port 41888...
[04:41] Waiting for server to be ready (timeout: 600s)...
[04:44]   [ComfyUI] setup plugin alembic.autogenerate.schemas
[04:44]   [ComfyUI] setup plugin alembic.autogenerate.tables
[04:44]   [ComfyUI] setup plugin alembic.autogenerate.types
[04:44]   [ComfyUI] setup plugin alembic.autogenerate.constraints
[04:44]   [ComfyUI] setup plugin alembic.autogenerate.defaults
[04:44]   [ComfyUI] setup plugin alembic.autogenerate.comments
[04:45]   [ComfyUI] [comfy-env] ComfyUI-DepthAnythingV3: 1 isolation env(s):
[04:45]   [ComfyUI] [comfy-env]   nodes -> C:\workspaces\SAM3DBody-2346\ComfyUI\custom_nodes\ComfyUI-DepthAnythingV3\nodes
[04:45]   [ComfyUI] [comfy-env] prestartup complete
[04:45]   [ComfyUI] [comfy-env] ComfyUI-GeometryPack: 1 isolation env(s):
[04:45]   [ComfyUI] [comfy-env]   nodes -> C:\workspaces\SAM3DBody-2346\ComfyUI\custom_nodes\ComfyUI-GeometryPack\nodes
[04:45]   [ComfyUI] [comfy-env] prestartup complete
[04:45]   [ComfyUI] [comfy-env] ComfyUI-SAM3DBody: 1 isolation env(s):
[04:45]   [ComfyUI] [comfy-env]   nodes -> C:\workspaces\SAM3DBody-2346\ComfyUI\custom_nodes\ComfyUI-SAM3DBody\nodes
[04:45]   [ComfyUI] [comfy-env] prestartup complete
[04:45]   [ComfyUI] 
[04:45]   [ComfyUI] Prestartup times for custom nodes:
[04:45]   [ComfyUI]    0.0 seconds: C:\workspaces\SAM3DBody-2346\ComfyUI\custom_nodes\ComfyUI-SAM3DBody
[04:45]   [ComfyUI]    0.2 seconds: C:\workspaces\SAM3DBody-2346\ComfyUI\custom_nodes\ComfyUI-GeometryPack
[04:45]   [ComfyUI]    0.4 seconds: C:\workspaces\SAM3DBody-2346\ComfyUI\custom_nodes\ComfyUI-DepthAnythingV3
[04:45]   [ComfyUI] 
[04:54]   [ComfyUI] WARNING: You need pytorch with cu130 or higher to use optimized CUDA operations.
[04:54]   [ComfyUI] Found comfy_kitchen backend eager: {'available': True, 'disabled': False, 'unavailable_reason': None, 'capabilities': ['apply_rope', 'apply_rope1', 'dequantize_mxfp8', 'dequantize_nvfp4', 'dequantize_per_tensor_fp8', 'quantize_mxfp8', 'quantize_nvfp4', 'quantize_per_tensor_fp8', 'scaled_mm_mxfp8', 'scaled_mm_nvfp4']}
[04:54]   [ComfyUI] Found comfy_kitchen backend triton: {'available': False, 'disabled': True, 'unavailable_reason': "ImportError: No module named 'triton'", 'capabilities': []}
[04:54]   [ComfyUI] Found comfy_kitchen backend cuda: {'available': True, 'disabled': True, 'unavailable_reason': None, 'capabilities': ['apply_rope', 'apply_rope1', 'dequantize_nvfp4', 'dequantize_per_tensor_fp8', 'quantize_mxfp8', 'quantize_nvfp4', 'quantize_per_tensor_fp8']}
[04:54]   [ComfyUI] Checkpoint files will always be loaded safely.
[04:54]   [ComfyUI] Total VRAM 12287 MB, total RAM 32648 MB
[04:54]   [ComfyUI] pytorch version: 2.11.0+cu128
[04:54]   [ComfyUI] Set vram state to: NORMAL_VRAM
[04:54]   [ComfyUI] Device: cuda:0 NVIDIA GeForce RTX 3060 : cudaMallocAsync
[04:54]   [ComfyUI] Using async weight offloading with 2 streams
[04:54]   [ComfyUI] Enabled pinned memory 13059.0
[04:56]   [ComfyUI] Using pytorch attention
[05:11]   [ComfyUI] aimdo: src-win/cuda-detour.c:38:INFO:aimdo_setup_hooks: installing 6 hooks
[05:11]   [ComfyUI] aimdo: src-win/cuda-detour.c:28:DEBUG:install_hook_entries: hooks successfully installed
[05:11]   [ComfyUI] aimdo: src-win/shmem-detect.c:80:INFO:comfy-aimdo WDDM adapter match: NVIDIA GeForce RTX 3060 runtime_luid=00000000:0000b7d4 dxgi_luid=00000000:0000b7d4
[05:11]   [ComfyUI] aimdo: src/control.c:152:INFO:comfy-aimdo inited for GPU: NVIDIA GeForce RTX 3060 (VRAM: 12287 MB)
[05:11]   [ComfyUI] DynamicVRAM support detected and enabled
[05:11]   [ComfyUI] Python version: 3.12.13 (main, May  8 2026, 18:37:00) [MSC v.1944 64 bit (AMD64)]
[05:11]   [ComfyUI] ComfyUI version: 0.20.1
[05:11]   [ComfyUI] comfy-aimdo version: 0.3.0
[05:11]   [ComfyUI] comfy-kitchen version: 0.2.8
[05:11]   [ComfyUI] ****** User settings have been changed to be stored on the server instead of browser storage. ******
[05:11]   [ComfyUI] ****** For multi-user setups add the --multi-user CLI argument to enable multiple user profiles. ******
[05:11]   [ComfyUI] ComfyUI frontend version: 1.43.18
[05:11]   [ComfyUI] [Prompt Server] web root: C:\workspaces\SAM3DBody-2346\.venv\Lib\site-packages\comfyui_frontend_package\static
[05:11]   [ComfyUI] Asset seeder disabled
[05:15]   [ComfyUI] [comfy-env] Version: 0.3.82
[05:16]   [ComfyUI] [comfy-env] register_nodes: ComfyUI-DepthAnythingV3
[05:16]   [ComfyUI] [comfy-env] ComfyUI source dir: C:\workspaces\SAM3DBody-2346\ComfyUI
[05:16]   [ComfyUI] [comfy-env] Found 1 isolation env(s)
[05:16]   [ComfyUI] [comfy-env] Scanning nodes metadata (isolation root)...
[05:16]   [ComfyUI] [comfy-env] depthanythingv3-nodes: Library/bin has 69 DLLs
[05:16]   [ComfyUI] [comfy-env] Metadata scan: C:\Users\ContainerAdministrator\.pixi\bin\pixi.exe run --as-is --manifest-path C:\ce\pixi.toml -e depthanythingv3-nodes python C:\Users\ContainerAdministrator\AppData\Local\Temp\comfy_meta_kak8rh0p.py C:\workspaces\SAM3DBody-2346\ComfyUI\custom_nodes\ComfyUI-DepthAnythingV3 nodes
[05:16]   [ComfyUI] [comfy-env] Scan env PATH for nodes:
[05:16]   [ComfyUI] [comfy-env]   [0] C:\ce\.pixi\envs\depthanythingv3-nodes
[05:16]   [ComfyUI] [comfy-env]   [1] C:\ce\.pixi\envs\depthanythingv3-nodes\Library\bin
[05:16]   [ComfyUI] [comfy-env]   [2] C:\ce\.pixi\envs\depthanythingv3-nodes\Scripts
[05:16]   [ComfyUI] [comfy-env]   [3] C:\ce\.pixi\envs\depthanythingv3-nodes\Lib\site-packages\bpy
[05:16]   [ComfyUI] [comfy-env]   [4] C:\Windows\System32
[05:16]   [ComfyUI] [comfy-env]   [5] C:\Windows
[05:16]   [ComfyUI] [comfy-env]   [6] C:\Windows\System32\Wbem
[06:25]   [ComfyUI] [comfy-env] Metadata scan stderr for nodes:
[06:25]   [ComfyUI] [comfy-env]   [meta-scan] importing nodes from C:\workspaces\SAM3DBody-2346\ComfyUI\custom_nodes\ComfyUI-DepthAnythingV3
[06:25]   [ComfyUI] [comfy-env]   Traceback (most recent call last):
[06:25]   [ComfyUI] [comfy-env]     File "C:\Users\ContainerAdministrator\AppData\Local\Temp\comfy_meta_kak8rh0p.py", line 65, in <module>
[06:25]   [ComfyUI] [comfy-env]       module = importlib.import_module(package_name)
[06:25]   [ComfyUI] [comfy-env]                ^^^^^^^^^^^^^^^^^^^^^^^^^^^^^^^^^^^^^
[06:25]   [ComfyUI] [comfy-env]     File "C:\ce\.pixi\envs\depthanythingv3-nodes\Lib\importlib\__init__.py", line 90, in import_module
[06:25]   [ComfyUI] [comfy-env]       return _bootstrap._gcd_import(name[level:], package, level)
[06:25]   [ComfyUI] [comfy-env]              ^^^^^^^^^^^^^^^^^^^^^^^^^^^^^^^^^^^^^^^^^^^^^^^^^^^^
[06:25]   [ComfyUI] [comfy-env]     File "<frozen importlib._bootstrap>", line 1387, in _gcd_import
[06:25]   [ComfyUI] [comfy-env]     File "<frozen importlib._bootstrap>", line 1360, in _find_and_load
[06:25]   [ComfyUI] [comfy-env]     File "<frozen importlib._bootstrap>", line 1331, in _find_and_load_unlocked
[06:25]   [ComfyUI] [comfy-env]     File "<frozen importlib._bootstrap>", line 935, in _load_unlocked
[06:25]   [ComfyUI] [comfy-env]     File "<frozen importlib._bootstrap_external>", line 999, in exec_module
[06:25]   [ComfyUI] [comfy-env]     File "<frozen importlib._bootstrap>", line 488, in _call_with_frames_removed
[06:25]   [ComfyUI] [comfy-env]     File "C:\workspaces\SAM3DBody-2346\ComfyUI\custom_nodes\ComfyUI-DepthAnythingV3\nodes\__init__.py", line 4, in <module>
[06:25]   [ComfyUI] [comfy-env]       from .load_model import (
[06:25]   [ComfyUI] [comfy-env]     File "C:\workspaces\SAM3DBody-2346\ComfyUI\custom_nodes\ComfyUI-DepthAnythingV3\nodes\load_model.py", line 11, in <module>
[06:25]   [ComfyUI] [comfy-env]       from comfy_api.latest import io
[06:25]   [ComfyUI] [comfy-env]     File "C:\workspaces\SAM3DBody-2346\ComfyUI\comfy_api\latest\__init__.py", line 8, in <module>
[06:25]   [ComfyUI] [comfy-env]       from ._input import ImageInput, AudioInput, MaskInput, LatentInput, VideoInput
[06:25]   [ComfyUI] [comfy-env]     File "C:\workspaces\SAM3DBody-2346\ComfyUI\comfy_api\latest\_input\__init__.py", line 4, in <module>
[06:25]   [ComfyUI] [comfy-env]       from .video_types import VideoInput
[06:25]   [ComfyUI] [comfy-env]     File "C:\workspaces\SAM3DBody-2346\ComfyUI\comfy_api\latest\_input\video_types.py", line 6, in <module>
[06:25]   [ComfyUI] [comfy-env]       import av
[06:25]   [ComfyUI] [comfy-env]   ModuleNotFoundError: No module named 'av'
[06:25]   [ComfyUI] [comfy-env] Metadata scan failed for nodes (exit 1, 69.1s):
[06:25]   [ComfyUI] [comfy-env]       from .load_model import (
[06:25]   [ComfyUI] [comfy-env]     File "C:\workspaces\SAM3DBody-2346\ComfyUI\custom_nodes\ComfyUI-DepthAnythingV3\nodes\load_model.py", line 11, in <module>
[06:25]   [ComfyUI] [comfy-env]       from comfy_api.latest import io
[06:25]   [ComfyUI] [comfy-env]     File "C:\workspaces\SAM3DBody-2346\ComfyUI\comfy_api\latest\__init__.py", line 8, in <module>
[06:25]   [ComfyUI] [comfy-env]       from ._input import ImageInput, AudioInput, MaskInput, LatentInput, VideoInput
[06:25]   [ComfyUI] [comfy-env]     File "C:\workspaces\SAM3DBody-2346\ComfyUI\comfy_api\latest\_input\__init__.py", line 4, in <module>
[06:25]   [ComfyUI] [comfy-env]       from .video_types import VideoInput
[06:25]   [ComfyUI] [comfy-env]     File "C:\workspaces\SAM3DBody-2346\ComfyUI\comfy_api\latest\_input\video_types.py", line 6, in <module>
[06:25]   [ComfyUI] [comfy-env]       import av
[06:25]   [ComfyUI] [comfy-env]   ModuleNotFoundError: No module named 'av'
[06:25]   [ComfyUI] [comfy-env] Scanned nodes root: 0 nodes (69.1s)
[06:25]   [ComfyUI] [comfy-env] Imported nodes root: 0 nodes (isolation)
[06:25]   [ComfyUI] [comfy-env] Registered 0 total nodes
[06:25]   [ComfyUI] loading...
[06:25]   [ComfyUI] calling register_nodes
[06:25]   [ComfyUI] [comfy-env] Version: 0.3.82
[06:25]   [ComfyUI] [comfy-env] register_nodes: ComfyUI-GeometryPack
[06:25]   [ComfyUI] [comfy-env] ComfyUI source dir: C:\workspaces\SAM3DBody-2346\ComfyUI
[06:25]   [ComfyUI] [comfy-env] Found 1 isolation env(s)
[06:25]   [ComfyUI] [comfy-env] Scanning nodes metadata (isolation root)...
[06:25]   [ComfyUI] [comfy-env] geometrypack-nodes: Library/bin has 609 DLLs
[06:25]   [ComfyUI] [comfy-env] Metadata scan: C:\Users\ContainerAdministrator\.pixi\bin\pixi.exe run --as-is --manifest-path C:\ce\pixi.toml -e geometrypack-nodes python C:\Users\ContainerAdministrator\AppData\Local\Temp\comfy_meta_nte9yuqf.py C:\workspaces\SAM3DBody-2346\ComfyUI\custom_nodes\ComfyUI-GeometryPack nodes
[06:25]   [ComfyUI] [comfy-env] Scan env PATH for nodes:
[06:25]   [ComfyUI] [comfy-env]   [0] C:\ce\.pixi\envs\geometrypack-nodes
[06:25]   [ComfyUI] [comfy-env]   [1] C:\ce\.pixi\envs\geometrypack-nodes\Library\bin
[06:25]   [ComfyUI] [comfy-env]   [2] C:\ce\.pixi\envs\geometrypack-nodes\Scripts
[06:25]   [ComfyUI] [comfy-env]   [3] C:\ce\.pixi\envs\geometrypack-nodes\Lib\site-packages\bpy
[06:25]   [ComfyUI] [comfy-env]   [4] C:\Windows\System32
[06:25]   [ComfyUI] [comfy-env]   [5] C:\Windows
[06:25]   [ComfyUI] [comfy-env]   [6] C:\Windows\System32\Wbem
[06:45]   [ComfyUI] [comfy-env] Metadata scan stderr for nodes:
[06:45]   [ComfyUI] [comfy-env]   [meta-scan] importing nodes from C:\workspaces\SAM3DBody-2346\ComfyUI\custom_nodes\ComfyUI-GeometryPack
[06:45]   [ComfyUI] [comfy-env]   ERROR:root:Failed to import comfy_kitchen, Error: No module named 'comfy_kitchen', fp8 and fp4 support will not be available.
[06:45]   [ComfyUI] [comfy-env]   [meta-scan] import OK
[06:45]   [ComfyUI] [comfy-env] Scanned nodes: 125 nodes (20.3s)
[06:45]   [ComfyUI] [comfy-env] Scanned nodes root: 125 nodes (20.3s)
[06:45]   [ComfyUI] [comfy-env] Imported nodes root: 125 nodes (isolation)
[06:45]   [ComfyUI] [comfy-env] Registered 125 total nodes
[06:47]   [ComfyUI] ComfyUI-Multiband loaded: 15 nodes registered
[06:47]   [ComfyUI] [comfy-env] Version: 0.3.82
[06:47]   [ComfyUI] [comfy-env] register_nodes: ComfyUI-SAM3DBody
[06:47]   [ComfyUI] [comfy-env] ComfyUI source dir: C:\workspaces\SAM3DBody-2346\ComfyUI
[06:47]   [ComfyUI] [comfy-env] Found 1 isolation env(s)
[06:47]   [ComfyUI] [comfy-env] Scanning nodes metadata (isolation root)...
[06:47]   [ComfyUI] [comfy-env] sam3dbody-nodes: Library/bin has 234 DLLs
[06:47]   [ComfyUI] [comfy-env] Metadata scan: C:\Users\ContainerAdministrator\.pixi\bin\pixi.exe run --as-is --manifest-path C:\ce\pixi.toml -e sam3dbody-nodes python C:\Users\ContainerAdministrator\AppData\Local\Temp\comfy_meta_xsroly48.py C:\workspaces\SAM3DBody-2346\ComfyUI\custom_nodes\ComfyUI-SAM3DBody nodes
[06:47]   [ComfyUI] [comfy-env] Scan env PATH for nodes:
[06:47]   [ComfyUI] [comfy-env]   [0] C:\ce\.pixi\envs\sam3dbody-nodes
[06:47]   [ComfyUI] [comfy-env]   [1] C:\ce\.pixi\envs\sam3dbody-nodes\Library\bin
[06:47]   [ComfyUI] [comfy-env]   [2] C:\ce\.pixi\envs\sam3dbody-nodes\Scripts
[06:47]   [ComfyUI] [comfy-env]   [3] C:\ce\.pixi\envs\sam3dbody-nodes\Lib\site-packages\bpy
[06:47]   [ComfyUI] [comfy-env]   [4] C:\Windows\System32
[06:47]   [ComfyUI] [comfy-env]   [5] C:\Windows
[06:47]   [ComfyUI] [comfy-env]   [6] C:\Windows\System32\Wbem
[06:56]   [ComfyUI] [comfy-env] Metadata scan stderr for nodes:
[06:56]   [ComfyUI] [comfy-env]   [meta-scan] importing nodes from C:\workspaces\SAM3DBody-2346\ComfyUI\custom_nodes\ComfyUI-SAM3DBody
[06:56]   [ComfyUI] [comfy-env]   [meta-scan] import OK
[06:56]   [ComfyUI] [comfy-env] Scanned nodes: 15 nodes (8.9s)
[06:56]   [ComfyUI] [comfy-env] Scanned nodes root: 15 nodes (8.9s)
[06:56]   [ComfyUI] [comfy-env] Imported nodes root: 15 nodes (isolation)
[06:56]   [ComfyUI] [comfy-env] Registered 15 total nodes
[06:58]   [ComfyUI] 
[06:58]   [ComfyUI] Import times for custom nodes:
[06:58]   [ComfyUI]    0.0 seconds: C:\workspaces\SAM3DBody-2346\ComfyUI\custom_nodes\websocket_image_save.py
[06:58]   [ComfyUI]    0.0 seconds: C:\workspaces\SAM3DBody-2346\ComfyUI\custom_nodes\ComfyUI-validate-endpoint
[06:58]   [ComfyUI]    0.0 seconds: C:\workspaces\SAM3DBody-2346\ComfyUI\custom_nodes\ComfyUI-CameraPack
[06:58]   [ComfyUI]    0.3 seconds: C:\workspaces\SAM3DBody-2346\ComfyUI\custom_nodes\ComfyUI-KJNodes
[06:58]   [ComfyUI]    0.9 seconds: C:\workspaces\SAM3DBody-2346\ComfyUI\custom_nodes\ComfyUI-Multiband
[06:58]   [ComfyUI]    2.2 seconds: C:\workspaces\SAM3DBody-2346\ComfyUI\custom_nodes\ComfyUI-VideoHelperSuite
[06:58]   [ComfyUI]    9.0 seconds: C:\workspaces\SAM3DBody-2346\ComfyUI\custom_nodes\ComfyUI-SAM3DBody
[06:58]   [ComfyUI]   20.4 seconds: C:\workspaces\SAM3DBody-2346\ComfyUI\custom_nodes\ComfyUI-GeometryPack
[06:58]   [ComfyUI]   69.8 seconds: C:\workspaces\SAM3DBody-2346\ComfyUI\custom_nodes\ComfyUI-DepthAnythingV3
[06:58]   [ComfyUI] 
[06:58]   [ComfyUI] Context impl SQLiteImpl.
[06:58]   [ComfyUI] Will assume non-transactional DDL.
[06:58]   [ComfyUI] Context impl SQLiteImpl.
[06:58]   [ComfyUI] Will assume non-transactional DDL.
[06:58]   [ComfyUI] Running upgrade  -> 0001_assets, Initial assets schema
[06:58]   [ComfyUI] Revision ID: 0001_assets
[06:58]   [ComfyUI] Revises: None
[06:58]   [ComfyUI] Create Date: 2025-12-10 00:00:00
[06:58]   [ComfyUI] Running upgrade 0001_assets -> 0002_merge_to_asset_references, Merge AssetInfo and AssetCacheState into unified asset_references table.
[06:59]   [ComfyUI] Running upgrade 0002_merge_to_asset_references -> 0003_add_metadata_job_id, Add system_metadata and job_id columns to asset_references.
[06:59]   [ComfyUI] Change preview_id FK from assets.id to asset_references.id.
[06:59]   [ComfyUI] Database upgraded from None to 0003_add_metadata_job_id
[06:59]   [ComfyUI] Starting server
[06:59]   [ComfyUI] 
[06:59]   [ComfyUI] To see the GUI go to: http://127.0.0.1:41888
[06:59] Server responding, waiting for nodes to load...
[07:19] Server is ready!
[07:19] Checking for import errors in server logs...
[07:19] No import errors detected
[07:20] Found 1138 registered nodes
[07:20] [REGISTRATION] PASSED
[07:20] 
[07:20] [4/5] INSTANTIATION
[07:20] ----------------------------------------
[07:20] 
[DEBUG] server=<comfy_test.comfyui.server.ComfyUIServer object at 0x0000019B188B97F0>, server_url=None, api=<comfy_test.comfyui.api.ComfyUIAPI object at 0x0000019B188B9FD0>
[07:20] Testing node constructors...
[07:20] All 15 node(s) instantiated successfully!
[07:20] [INSTANTIATION] PASSED
[07:20] 
[07:20] [5/5] EXECUTION
[07:20] ----------------------------------------
[07:20] 
[DEBUG] server=<comfy_test.comfyui.server.ComfyUIServer object at 0x0000019B188B97F0>, server_url=None, api=<comfy_test.comfyui.api.ComfyUIAPI object at 0x0000019B188B9FD0>
[07:20] GPU runner - will execute 4 workflow(s)
[07:20] Running 5 workflow(s) (all with videos)...
[07:20] Installing screenshot dependencies (playwright, pillow)...
[07:22]   Packages installed, downloading chromium browser...
[07:40]   Screenshot dependencies installed successfully
[07:41] Starting headless browser...
[07:41]   Downloading Mesa llvmpipe for Windows...
[07:41]   Mesa download error: <urlopen error [SSL: CERTIFICATE_VERIFY_FAILED] certificate verify failed: unable to get local issuer certificate (_ssl.c:1032)>
[07:41]   Mesa unavailable -- falling back to SwiftShader
[07:46] Capturing execution frames: multiple_masks.json
[07:48]   [ComfyUI] [DEPRECATION WARNING] Detected import of deprecated legacy API: /extensions/core/widgetInputs.js. This is likely caused by a custom node extension using outdated APIs. Please update your extensions or contact the extension author for an updated version.
[07:55]   Frame 1 saved (frame_000.jpg, t=0.0s)
[07:55]   Validating workflow...
[07:55]   [ComfyUI] === /validate endpoint called ===
[07:55]   [ComfyUI] Received JSON with keys: ['prompt']
[07:55]   Queuing workflow for execution...
[07:55]   [ComfyUI] Prompt has 8 nodes
[07:55]   [ComfyUI]   Node 4: PreviewImage
[07:55]   [ComfyUI]     Inputs: {"images": ["16", 1]}
[07:55]   [ComfyUI]   Node 16: SAM3DBodyProcessMultiple
[07:55]   [ComfyUI]     Inputs: {"inference_type": "full", "adjust_position_from_depth": false, "model": ["24", 0], "image": ["36", 0], "masks": ["39", 0]}
[07:55]   [ComfyUI]   Node 18: SAM3DBodyExportMultipleFBX
[07:55]   [ComfyUI]     Inputs: {"output_filename": "sam3d_multi_rigged.fbx", "combine": true, "multi_mesh_data": ["16", 0]}
[07:55]   [ComfyUI]   Node 24: LoadSAM3DBodyModel
[07:55]   [ComfyUI]     Inputs: {"precision": "auto"}
[07:55]   [ComfyUI] [comfy-env] SubprocessWorker: C:\ce\.pixi\envs\sam3dbody-nodes\python.exe
[07:55]   [ComfyUI]   Node 29: Preview3D
[07:55]   [ComfyUI] [comfy-env] env_vars: {'COMFYUI_BASE': 'C:\\workspaces\\SAM3DBody-2346\\ComfyUI'}
[07:55]   [ComfyUI]     Inputs: {"model_file": ["18", 0], "image": ""}
[07:55]   [ComfyUI] [ComfyUI-SAM3DBody] python: C:\ce\.pixi\envs\sam3dbody-nodes\python.exe
[07:55]   [ComfyUI]   Node 35: MultibandLoad
[07:55]   [ComfyUI] [ComfyUI-SAM3DBody] sys_path sent to worker: ['C:\\workspaces\\SAM3DBody-2346\\ComfyUI', 'C:\\workspaces\\SAM3DBody-2346\\ComfyUI\\custom_nodes\\ComfyUI-SAM3DBody', 'C:\\ce\\.pixi\\envs\\sam3dbody-nodes\\Lib\\site-packages', 'C:\\workspaces\\SAM3DBody-2346\\ComfyUI\\custom_nodes\\ComfyUI-SAM3DBody']
[07:55]   [ComfyUI]     Inputs: {"image": "people.npz", "normalize": true}
[07:55]   [ComfyUI] [SubprocessWorker] is_pixi=True, python=C:\ce\.pixi\envs\sam3dbody-nodes\python.exe
[07:55]   [ComfyUI]   Node 36: MultibandToImage
[07:55]   [ComfyUI] [SubprocessWorker] launching cmd=['C:\\Users\\ContainerAdministrator\\.pixi\\bin\\pixi.exe', 'run', '--as-is', '--manifest-path', 'C:\\ce\\pixi.toml', '-e', 'sam3dbody-nodes', 'python', 'C:\\Users\\ContainerAdministrator\\AppData\\Local\\Temp\\comfyui_pvenv_y99ukr6l\\persistent_worker.py', 'tcp://127.0.0.1:51982']...
[07:55]   [ComfyUI]     Inputs: {"channels": "0,1,2", "multiband": ["35", 0]}
[07:55]   [ComfyUI]   Node 39: MultibandToMasks
[07:55]   [ComfyUI]     Inputs: {"channels": "0", "auto_detect_masks": true, "multiband": ["35", 0]}
[07:55]   [ComfyUI] Generated prompt_id: a26c594a-5a34-445c-ba95-7e4b86606c90
[07:55]   [ComfyUI] Calling execution.validate_prompt()...
[07:55]   [ComfyUI] Validation result: valid=True
[07:55]   [ComfyUI] === Validation PASSED ===
[07:55]   [ComfyUI] got prompt
[07:55]   [ComfyUI] [comfy-env] Running LoadSAM3DBodyModel: precision: 'auto'
[07:55]   [ComfyUI] [VRAM] Before LoadSAM3DBodyModel: 1042 / 12287 MB
[07:55]   [ComfyUI] [SubprocessWorker] call_method: nodes.load_model.LoadSAM3DBodyModel.EXECUTE_NORMALIZED
[07:55]   [ComfyUI] [SubprocessWorker] acquired lock, ensuring started...
[07:55]   [ComfyUI] [comfy-env] sam3dbody-nodes: Library/bin has 234 DLLs
[07:57]   Frame 2 saved (frame_001.jpg, t=2.5s)
[07:57]   [capture-periodic] freeze=4ms shot=122ms unfreeze=6ms saved=True
[07:59]   Frame 3 saved (frame_002.jpg, t=4.6s)
[07:59]   [capture-periodic] freeze=4ms shot=116ms unfreeze=4ms saved=True
[08:01]   [capture-loop] iter=50 t=6.2s state={'complete': False, 'error': None, 'executedCount': 0, 'wsState': 1} eval_ms=4 ram=9.4/31.9GB (30%) swap=1.0/10.5GB (9%) cpu=7% browser_rss=0.73GB
[08:07]   [capture-loop] iter=100 t=12.7s state={'complete': False, 'error': None, 'executedCount': 0, 'wsState': 1} eval_ms=4 ram=10.6/31.9GB (33%) swap=1.0/10.5GB (9%) cpu=6% browser_rss=0.73GB
[08:13]   [capture-loop] iter=150 t=18.7s state={'complete': False, 'error': None, 'executedCount': 0, 'wsState': 1} eval_ms=4 ram=9.8/31.9GB (31%) swap=1.0/10.5GB (9%) cpu=7% browser_rss=0.73GB
[08:17]   [ComfyUI] [worker:ComfyUI-SAM3DBody] ERROR: Failed to import comfy_kitchen, Error: No module named 'comfy_kitchen', fp8 and fp4 support will not be available.
[08:17]   [ComfyUI] [SubprocessWorker] worker started/confirmed
[08:17]   [ComfyUI] [SubprocessWorker] serializing kwargs to shm...
[08:17]   [ComfyUI] [SubprocessWorker] created 0 shm blocks
[08:17]   [ComfyUI] [SubprocessWorker] sending request via socket...
[08:17]   [ComfyUI] [SubprocessWorker] call_id=1 sending call_method
[08:19]   [capture-loop] iter=200 t=24.7s state={'complete': False, 'error': None, 'executedCount': 0, 'wsState': 1} eval_ms=4 ram=8.8/31.9GB (28%) swap=1.0/10.5GB (9%) cpu=8% browser_rss=0.67GB
[08:19]   [ComfyUI] 
[08:19]   [ComfyUI] Downloading (incomplete total...): 0.00B [00:00, ?B/s]
[08:19]   [ComfyUI] 
[08:19]   [ComfyUI] Fetching 4 files:   0%|          | 0/4 [00:00<?, ?it/s][AWarning: You are sending unauthenticated requests to the HF Hub. Please set a HF_TOKEN to enable higher rate limits and faster downloads.
[08:19]   [ComfyUI] [worker:ComfyUI-SAM3DBody] WARNING: Warning: You are sending unauthenticated requests to the HF Hub. Please set a HF_TOKEN to enable higher rate limits and faster downloads.
[08:20]   [ComfyUI] 
[08:20]   [ComfyUI] Downloading (incomplete total...): 1.52kB [00:00, 6.47kB/s][SubprocessWorker] callback 'report_progress' from call_id=1
[08:20]   [ComfyUI] 
[08:20]   [ComfyUI] 
[08:20]   [ComfyUI] Fetching 4 files:  25%|██▌       | 1/4 [00:00<00:00,  4.27it/s][A[SubprocessWorker] callback 'report_progress' from call_id=1
[08:20]   [ComfyUI] [SubprocessWorker] callback 'report_progress' from call_id=1
[08:20]   [ComfyUI] 
[08:20]   [ComfyUI] Downloading (incomplete total...):   0%|          | 3.01k/2.13G [00:00<91:33:38, 6.47kB/s]
[08:20]   [ComfyUI] Downloading (incomplete total...):   0%|          | 3.01k/2.83G [00:00<121:26:43, 6.47kB/s]
[08:20]   [ComfyUI] Downloading (incomplete total...):   0%|          | 3.01k/2.83G [00:00<124:18:56, 6.32kB/s]
[08:21]   [ComfyUI] Downloading (incomplete total...):   0%|          | 3.01k/2.83G [00:00<125:14:51, 6.27kB/s]
[08:21]   [ComfyUI] Downloading (incomplete total...):   0%|          | 7.17M/2.83G [00:01<10:32, 4.46MB/s]    [SubprocessWorker] callback 'report_progress' from call_id=1
[08:21]   Frame 4 saved (frame_003.jpg, t=26.5s)
[08:21]   [capture-periodic] freeze=4ms shot=128ms unfreeze=6ms saved=True
[08:21]   [ComfyUI] 
[08:21]   [ComfyUI] Downloading (incomplete total...):   4%|▍         | 126M/2.83G [00:01<00:30, 89.8MB/s] [SubprocessWorker] callback 'report_progress' from call_id=1
[08:22]   [ComfyUI] 
[08:22]   [ComfyUI] Downloading (incomplete total...):   9%|▉         | 256M/2.83G [00:02<00:14, 179MB/s] [SubprocessWorker] callback 'report_progress' from call_id=1
[08:22]   [ComfyUI] 
[08:22]   [ComfyUI] Downloading (incomplete total...):  14%|█▎        | 385M/2.83G [00:02<00:09, 255MB/s][SubprocessWorker] callback 'report_progress' from call_id=1
[08:22]   [ComfyUI] 
[08:22]   [ComfyUI] Downloading (incomplete total...):  21%|██        | 586M/2.83G [00:02<00:05, 390MB/s][SubprocessWorker] callback 'report_progress' from call_id=1
[08:22]   [ComfyUI] 
[08:22]   [ComfyUI] Downloading (incomplete total...):  25%|██▍       | 696M/2.83G [00:02<00:04, 452MB/s][SubprocessWorker] callback 'report_progress' from call_id=1
[08:22]   [ComfyUI] 
[08:22]   [ComfyUI] 
[08:22]   [ComfyUI] Fetching 4 files:  50%|█████     | 2/4 [00:02<00:03,  1.64s/it][A[SubprocessWorker] callback 'report_progress' from call_id=1
[08:23]   [ComfyUI] 
[08:23]   [ComfyUI] Downloading (incomplete total...):  29%|██▉       | 824M/2.83G [00:03<00:08, 235MB/s][SubprocessWorker] callback 'report_progress' from call_id=1
[08:23]   [ComfyUI] [SubprocessWorker] callback 'report_progress' from call_id=1
[08:24]   [ComfyUI] 
[08:24]   [ComfyUI] Downloading (incomplete total...):  31%|███       | 875M/2.83G [00:04<00:09, 196MB/s][SubprocessWorker] callback 'report_progress' from call_id=1
[08:24]   [ComfyUI] 
[08:24]   [ComfyUI] Downloading (incomplete total...):  32%|███▏      | 916M/2.83G [00:04<00:10, 190MB/s][SubprocessWorker] callback 'report_progress' from call_id=1
[08:24]   [ComfyUI] [SubprocessWorker] callback 'report_progress' from call_id=1
[08:24]   [ComfyUI] 
[08:25]   [ComfyUI] Downloading (incomplete total...):  34%|███▍      | 967M/2.83G [00:05<00:11, 161MB/s][SubprocessWorker] callback 'report_progress' from call_id=1
[08:25]   [ComfyUI] 
[08:25]   [ComfyUI] Downloading (incomplete total...):  35%|███▌      | 1.00G/2.83G [00:05<00:14, 130MB/s][SubprocessWorker] callback 'report_progress' from call_id=1
[08:25]   [capture-loop] iter=250 t=31.0s state={'complete': False, 'error': None, 'executedCount': 0, 'wsState': 1} eval_ms=6 ram=9.6/31.9GB (30%) swap=1.0/10.5GB (9%) cpu=13% browser_rss=0.67GB
[08:25]   [ComfyUI] 
[08:25]   [ComfyUI] Downloading (incomplete total...):  37%|███▋      | 1.04G/2.83G [00:06<00:15, 113MB/s][SubprocessWorker] callback 'report_progress' from call_id=1
[08:27]   [ComfyUI] 
[08:27]   [ComfyUI] Downloading (incomplete total...):  43%|████▎     | 1.23G/2.83G [00:07<00:12, 133MB/s][SubprocessWorker] callback 'report_progress' from call_id=1
[08:27]   [ComfyUI] 
[08:27]   [ComfyUI] Downloading (incomplete total...):  44%|████▍     | 1.25G/2.83G [00:07<00:12, 129MB/s][SubprocessWorker] callback 'report_progress' from call_id=1
[08:27]   [ComfyUI] 
[08:27]   [ComfyUI] Downloading (incomplete total...):  46%|████▋     | 1.31G/2.83G [00:07<00:10, 146MB/s][SubprocessWorker] callback 'report_progress' from call_id=1
[08:27]   [ComfyUI] 
[08:27]   [ComfyUI] Downloading (incomplete total...):  48%|████▊     | 1.35G/2.83G [00:08<00:09, 148MB/s][SubprocessWorker] callback 'report_progress' from call_id=1
[08:28]   [ComfyUI] 
[08:28]   [ComfyUI] Downloading (incomplete total...):  48%|████▊     | 1.37G/2.83G [00:08<00:11, 131MB/s][SubprocessWorker] callback 'report_progress' from call_id=1
[08:28]   [ComfyUI] 
[08:28]   [ComfyUI] Downloading (incomplete total...):  49%|████▉     | 1.38G/2.83G [00:08<00:12, 116MB/s][SubprocessWorker] callback 'report_progress' from call_id=1
[08:28]   [ComfyUI] 
[08:28]   [ComfyUI] Downloading (incomplete total...):  50%|████▉     | 1.41G/2.83G [00:08<00:12, 110MB/s][SubprocessWorker] callback 'report_progress' from call_id=1
[08:29]   [ComfyUI] 
[08:29]   [ComfyUI] Downloading (incomplete total...):  53%|█████▎    | 1.50G/2.83G [00:09<00:09, 143MB/s][SubprocessWorker] callback 'report_progress' from call_id=1
[08:29]   [ComfyUI] 
[08:29]   [ComfyUI] Downloading (incomplete total...):  54%|█████▍    | 1.54G/2.83G [00:10<00:12, 99.7MB/s][SubprocessWorker] callback 'report_progress' from call_id=1
[08:30]   [ComfyUI] 
[08:30]   [ComfyUI] Downloading (incomplete total...):  58%|█████▊    | 1.65G/2.83G [00:10<00:09, 118MB/s] [SubprocessWorker] callback 'report_progress' from call_id=1
[08:31]   [ComfyUI] 
[08:31]   [ComfyUI] Downloading (incomplete total...):  61%|██████    | 1.71G/2.83G [00:11<00:09, 121MB/s][SubprocessWorker] callback 'report_progress' from call_id=1
[08:31]   [ComfyUI] [SubprocessWorker] callback 'report_progress' from call_id=1
[08:32]   [capture-loop] iter=300 t=37.4s state={'complete': False, 'error': None, 'executedCount': 0, 'wsState': 1} eval_ms=6 ram=10.2/31.9GB (32%) swap=1.0/10.5GB (9%) cpu=21% browser_rss=0.67GB
[08:32]   [ComfyUI] 
[08:33]   [ComfyUI] Downloading (incomplete total...):  68%|██████▊   | 1.92G/2.83G [00:13<00:07, 121MB/s][SubprocessWorker] callback 'report_progress' from call_id=1
[08:33]   [ComfyUI] 
[08:33]   [ComfyUI] Downloading (incomplete total...):  70%|██████▉   | 1.97G/2.83G [00:13<00:06, 129MB/s][SubprocessWorker] callback 'report_progress' from call_id=1
[08:33]   [ComfyUI] 
[08:33]   [ComfyUI] Downloading (incomplete total...):  70%|███████   | 1.99G/2.83G [00:13<00:07, 108MB/s][SubprocessWorker] callback 'report_progress' from call_id=1
[08:33]   [ComfyUI] 
[08:34]   [ComfyUI] Downloading (incomplete total...):  73%|███████▎  | 2.05G/2.83G [00:14<00:06, 126MB/s][SubprocessWorker] callback 'report_progress' from call_id=1
[08:34]   [ComfyUI] 
[08:34]   [ComfyUI] Downloading (incomplete total...):  75%|███████▍  | 2.11G/2.83G [00:14<00:06, 107MB/s][SubprocessWorker] callback 'report_progress' from call_id=1
[08:34]   [ComfyUI] 
[08:35]   [ComfyUI] Downloading (incomplete total...):  75%|███████▌  | 2.13G/2.83G [00:15<00:06, 106MB/s][SubprocessWorker] callback 'report_progress' from call_id=1
[08:35]   [ComfyUI] 
[08:35]   [ComfyUI] Downloading (incomplete total...):  79%|███████▊  | 2.22G/2.83G [00:15<00:03, 151MB/s][SubprocessWorker] callback 'report_progress' from call_id=1
[08:35]   [ComfyUI] [SubprocessWorker] callback 'report_progress' from call_id=1
[08:35]   [ComfyUI] 
[08:35]   [ComfyUI] Downloading (incomplete total...):  81%|████████  | 2.30G/2.83G [00:16<00:04, 129MB/s][SubprocessWorker] callback 'report_progress' from call_id=1
[08:36]   [ComfyUI] 
[08:36]   [ComfyUI] Downloading (incomplete total...):  82%|████████▏ | 2.33G/2.83G [00:16<00:03, 129MB/s][SubprocessWorker] callback 'report_progress' from call_id=1
[08:36]   [ComfyUI] 
[08:36]   [ComfyUI] Downloading (incomplete total...):  87%|████████▋ | 2.45G/2.83G [00:17<00:02, 141MB/s][SubprocessWorker] callback 'report_progress' from call_id=1
[08:37]   [ComfyUI] 
[08:37]   [ComfyUI] Downloading (incomplete total...):  89%|████████▉ | 2.53G/2.83G [00:17<00:01, 169MB/s][SubprocessWorker] callback 'report_progress' from call_id=1
[08:37]   [ComfyUI] 
[08:37]   [ComfyUI] Downloading (incomplete total...):  91%|█████████ | 2.58G/2.83G [00:18<00:01, 128MB/s][SubprocessWorker] callback 'report_progress' from call_id=1
[08:38]   [capture-loop] iter=350 t=43.9s state={'complete': False, 'error': None, 'executedCount': 0, 'wsState': 1} eval_ms=4 ram=10.3/31.9GB (32%) swap=1.0/10.5GB (9%) cpu=23% browser_rss=0.67GB
[08:39]   [ComfyUI] 
[08:39]   [ComfyUI] Downloading (incomplete total...):  98%|█████████▊| 2.78G/2.83G [00:19<00:00, 144MB/s][SubprocessWorker] callback 'report_progress' from call_id=1
[08:39]   [ComfyUI] [SubprocessWorker] callback 'report_progress' from call_id=1
[08:39]   [ComfyUI] 
[08:39]   [ComfyUI] 
[08:39]   [ComfyUI] Fetching 4 files:  75%|███████▌  | 3/4 [00:19<00:08,  8.49s/it][A[SubprocessWorker] callback 'report_progress' from call_id=1
[08:39]   [ComfyUI] 
[08:39]   [ComfyUI] Fetching 4 files: 100%|██████████| 4/4 [00:19<00:00,  4.88s/it]
[08:39]   [ComfyUI] 
[08:39]   [ComfyUI] Download complete: : 2.83GB [00:19, 144MB/s]                                          [SubprocessWorker] got response: ok
[08:39]   [ComfyUI] [comfy-env] LoadSAM3DBodyModel done (44.08s): result: NodeOutput
[08:39]   [ComfyUI] [VRAM] After LoadSAM3DBodyModel: 1042 / 12287 MB
[08:39]   [ComfyUI] LoadMultibandImage: Loaded C:\workspaces\SAM3DBody-2346\ComfyUI\input\people.npz
[08:39]   [ComfyUI]   Shape: (1, 9, 720, 1280)
[08:39]   [ComfyUI]   Channels: 9
[08:39]   [ComfyUI]   Names: img_01_r,img_01_g,img_01_b,mask_01,mask_02,mask_03,mask_04,mask_05,mask_06
[08:39]   [ComfyUI] MultibandToMasks: Auto-detected 6 mask channels: ['mask_01', 'mask_02', 'mask_03', 'mask_04', 'mask_05', 'mask_06']
[08:39]   [ComfyUI] [comfy-env] Running SAM3DBodyProcessMultiple: inference_type: 'full', adjust_position_from_depth: False, model: dict, image: torch.float32 [1,720,1280,3] cpu, masks: torch.float32 [6,720,1280] cpu
[08:39]   [ComfyUI] [VRAM] Before SAM3DBodyProcessMultiple: 1042 / 12287 MB
[08:39]   [ComfyUI] [SubprocessWorker] call_method: nodes.process_multiple.SAM3DBodyProcessMultiple.EXECUTE_NORMALIZED
[08:39]   [ComfyUI] [SubprocessWorker] acquired lock, ensuring started...
[08:39]   [ComfyUI] [ComfyUI-SAM3DBody] Health check: ping (timeout=5.0s)...
[08:39]   [ComfyUI] [ComfyUI-SAM3DBody] Health check: ok
[08:39]   [ComfyUI] [SubprocessWorker] worker started/confirmed
[08:39]   [ComfyUI] [comfy-env] PRE-SERIALIZE 'image' shape: torch.Size([1, 720, 1280, 3])
[08:39]   [ComfyUI] [comfy-env] PRE-SERIALIZE 'masks' shape: torch.Size([6, 720, 1280])
[08:39]   [ComfyUI] [SubprocessWorker] serializing kwargs to shm...
[08:39]   [ComfyUI] [SubprocessWorker] created 0 shm blocks
[08:39]   [ComfyUI] [SubprocessWorker] sending request via socket...
[08:39]   [ComfyUI] [SubprocessWorker] call_id=2 sending call_method
[08:39]   [ComfyUI] [worker:ComfyUI-SAM3DBody] [comfy-env] _from_shm got dict with keys: ['__type__', 'strategy', 'manager_path', 'storage_key', 'storage_size']
[08:39]   [ComfyUI] [worker:ComfyUI-SAM3DBody] [comfy-env] DESERIALIZE TensorRef: tensor_size=[1, 720, 1280, 3]
[08:39]   [ComfyUI] [worker:ComfyUI-SAM3DBody] [comfy-env] DESERIALIZED tensor shape: torch.Size([1, 720, 1280, 3])
[08:39]   [ComfyUI] [worker:ComfyUI-SAM3DBody] [comfy-env] _from_shm got dict with keys: ['__type__', 'strategy', 'manager_path', 'storage_key', 'storage_size']
[08:39]   [ComfyUI] [worker:ComfyUI-SAM3DBody] [comfy-env] DESERIALIZE TensorRef: tensor_size=[6, 720, 1280]
[08:39]   [ComfyUI] [worker:ComfyUI-SAM3DBody] [comfy-env] DESERIALIZED tensor shape: torch.Size([6, 720, 1280])
[08:41]   Frame 5 saved (frame_004.jpg, t=46.3s)
[08:41]   [capture-periodic] freeze=4ms shot=122ms unfreeze=6ms saved=True
[08:43]   [ComfyUI] 
[08:43]   [ComfyUI] Download complete: : 2.83GB [00:23, 120MB/s]
[08:44]   [capture-loop] iter=400 t=49.9s state={'complete': False, 'error': None, 'executedCount': 0, 'wsState': 1} eval_ms=4 ram=10.2/31.9GB (32%) swap=1.0/10.5GB (9%) cpu=6% browser_rss=0.67GB
[08:47]   [ComfyUI] C:\workspaces\SAM3DBody-2346\ComfyUI\custom_nodes\ComfyUI-SAM3DBody\nodes\sam_3d_body\heads.py:40: UserWarning: Momentum is not enabled
[08:47]   [ComfyUI]   warnings.warn("Momentum is not enabled")
[08:48]   [ComfyUI] [worker:ComfyUI-SAM3DBody] WARNING: No comfy kitchen, using old apply_rope functions.
[08:50]   [capture-loop] iter=450 t=56.0s state={'complete': False, 'error': None, 'executedCount': 0, 'wsState': 1} eval_ms=6 ram=12.0/31.9GB (38%) swap=1.0/10.5GB (9%) cpu=11% browser_rss=0.66GB
[08:51]   [ComfyUI] [SubprocessWorker] callback 'request_vram_budget' from call_id=2
[08:51]   [ComfyUI] [comfy-env] VRAM request: 3.30GB, free before eviction: 11.79GB
[08:51]   [ComfyUI] [comfy-env] VRAM after eviction: 11.79GB
[08:51]   [ComfyUI] [worker:ComfyUI-SAM3DBody] [VRAM] +633MB (now 633MB) reserved=640MB peak=633MB
[08:52]   [ComfyUI] [worker:ComfyUI-SAM3DBody] [VRAM] +1508MB (now 2141MB) reserved=2144MB peak=2141MB
[08:53]   [ComfyUI] [SubprocessWorker] callback 'report_progress' from call_id=2
[08:53]   [ComfyUI] [SubprocessWorker] callback 'report_progress' from call_id=2
[08:53]   [ComfyUI] [worker:ComfyUI-SAM3DBody] [VRAM] +1001MB (now 3143MB) reserved=3168MB peak=3143MB
[08:54]   Frame 6 saved (frame_005.jpg, t=59.8s)
[08:54]   [capture-periodic] freeze=4ms shot=128ms unfreeze=6ms saved=True
[08:55]   [ComfyUI] [worker:ComfyUI-SAM3DBody]
[08:55]   [ComfyUI] === WATCHDOG TICK 1 ===
[08:55]   [ComfyUI] [worker:ComfyUI-SAM3DBody] Thread 0x00002f08 (most recent call first):
[08:55]   [ComfyUI]   File "C:\ce\.pixi\envs\sam3dbody-nodes\Lib\threading.py", line 359 in wait
[08:55]   [ComfyUI]   File "C:\ce\.pixi\envs\sam3dbody-nodes\Lib\threading.py", line 655 in wait
[08:55]   [ComfyUI]   File "C:\ce\.pixi\envs\sam3dbody-nodes\Lib\site-packages\tqdm\_monitor.py", line 60 in run
[08:55]   [ComfyUI]   File "C:\ce\.pixi\envs\sam3dbody-nodes\Lib\threading.py", line 1075 in _bootstrap_inner
[08:55]   [ComfyUI]   File "C:\ce\.pixi\envs\sam3dbody-nodes\Lib\threading.py", line 1032 in _bootstrap
[08:55]   [ComfyUI] 
[08:55]   [ComfyUI] Thread 0x0000316c (most recent call first):
[08:55]   [ComfyUI]   File "C:\Users\ContainerAdministrator\AppData\Local\Temp\comfyui_pvenv_y99ukr6l\persistent_worker.py", line 106 in _vram_poller
[08:55]   [ComfyUI]   File "C:\ce\.pixi\envs\sam3dbody-nodes\Lib\threading.py", line 1012 in run
[08:55]   [ComfyUI]   File "C:\ce\.pixi\envs\sam3dbody-nodes\Lib\threading.py", line 1075 in _bootstrap_inner
[08:55]   [ComfyUI]   File "C:\ce\.pixi\envs\sam3dbody-nodes\Lib\threading.py", line 1032 in _bootstrap
[08:55]   [ComfyUI] 
[08:55]   [ComfyUI] Current thread 0x000043c8 (most recent call first):
[08:55]   [ComfyUI]   File "C:\Users\ContainerAdministrator\AppData\Local\Temp\comfyui_pvenv_y99ukr6l\persistent_worker.py", line 52 in _watchdog
[08:55]   [ComfyUI]   File "C:\ce\.pixi\envs\sam3dbody-nodes\Lib\threading.py", line 1012 in run
[08:55]   [ComfyUI]   File "C:\ce\.pixi\envs\sam3dbody-nodes\Lib\threading.py", line 1075 in _bootstrap_inner
[08:55]   [ComfyUI]   File "C:\ce\.pixi\envs\sam3dbody-nodes\Lib\threading.py", line 1032 in _bootstrap
[08:55]   [ComfyUI] 
[08:55]   [ComfyUI] Thread 0x00003b88 (most recent call first):
[08:55]   [ComfyUI]   File "C:\ce\.pixi\envs\sam3dbody-nodes\Lib\site-packages\torch\nn\modules\module.py", line 1790 in _call_impl
[08:55]   [ComfyUI]   File "C:\ce\.pixi\envs\sam3dbody-nodes\Lib\site-packages\torch\nn\modules\module.py", line 1779 in _wrapped_call_impl
[08:55]   [ComfyUI]   File "C:\workspaces\SAM3DBody-2346\ComfyUI\custom_nodes\ComfyUI-SAM3DBody\nodes\sam_3d_body\heads.py", line 225 in mhr_forward
[08:55]   [ComfyUI]   File "C:\workspaces\SAM3DBody-2346\ComfyUI\custom_nodes\ComfyUI-SAM3DBody\nodes\sam_3d_body\heads.py", line 302 in forward
[08:55]   [ComfyUI]   File "C:\ce\.pixi\envs\sam3dbody-nodes\Lib\site-packages\torch\nn\modules\module.py", line 1790 in _call_impl
[08:55]   [ComfyUI]   File "C:\ce\.pixi\envs\sam3dbody-nodes\Lib\site-packages\torch\nn\modules\module.py", line 1779 in _wrapped_call_impl
[08:55]   [ComfyUI]   File "C:\workspaces\SAM3DBody-2346\ComfyUI\custom_nodes\ComfyUI-SAM3DBody\nodes\sam_3d_body\model.py", line 683 in token_to_pose_output_fn
[08:55]   [ComfyUI]   File "C:\workspaces\SAM3DBody-2346\ComfyUI\custom_nodes\ComfyUI-SAM3DBody\nodes\sam_3d_body\decoder.py", line 125 in forward
[08:55]   [ComfyUI]   File "C:\ce\.pixi\envs\sam3dbody-nodes\Lib\site-packages\torch\nn\modules\module.py", line 1790 in _call_impl
[08:55]   [ComfyUI]   File "C:\ce\.pixi\envs\sam3dbody-nodes\Lib\site-packages\torch\nn\modules\module.py", line 1779 in _wrapped_call_impl
[08:55]   [ComfyUI]   File "C:\workspaces\SAM3DBody-2346\ComfyUI\custom_nodes\ComfyUI-SAM3DBody\nodes\sam_3d_body\model.py", line 705 in forward_decoder
[08:55]   [ComfyUI]   File "C:\workspaces\SAM3DBody-2346\ComfyUI\custom_nodes\ComfyUI-SAM3DBody\nodes\sam_3d_body\model.py", line 1268 in forward_pose_branch
[08:55]   [ComfyUI]   File "C:\workspaces\SAM3DBody-2346\ComfyUI\custom_nodes\ComfyUI-SAM3DBody\nodes\sam_3d_body\model.py", line 1336 in forward_step
[08:55]   [ComfyUI]   File "C:\workspaces\SAM3DBody-2346\ComfyUI\custom_nodes\ComfyUI-SAM3DBody\nodes\sam_3d_body\model.py", line 1361 in run_inference
[08:55]   [ComfyUI]   File "C:\workspaces\SAM3DBody-2346\ComfyUI\custom_nodes\ComfyUI-SAM3DBody\nodes\sam_3d_body\sam_3d_body_estimator.py", line 176 in process_one_image
[08:55]   [ComfyUI]   File "C:\ce\.pixi\envs\sam3dbody-nodes\Lib\site-packages\torch\utils\_contextlib.py", line 124 in decorate_context
[08:55]   [ComfyUI]   File "C:\workspaces\SAM3DBody-2346\ComfyUI\custom_nodes\ComfyUI-SAM3DBody\nodes\process_multiple.py", line 1233 in execute
[08:55]   [ComfyUI]   File "C:\workspaces\SAM3DBody-2346\ComfyUI\comfy_api\latest\_io.py", line 1833 in EXECUTE_NORMALIZED
[08:55]   [ComfyUI]   File "C:\Users\ContainerAdministrator\AppData\Local\Temp\comfyui_pvenv_y99ukr6l\persistent_worker.py", line 1762 in main
[08:55]   [ComfyUI]   File "C:\Users\ContainerAdministrator\AppData\Local\Temp\comfyui_pvenv_y99ukr6l\persistent_worker.py", line 1807 in <module>
[08:55]   [ComfyUI] 
[08:55]   [ComfyUI] [worker:ComfyUI-SAM3DBody] === END ===
[08:55]   [ComfyUI] 
[08:57]   [ComfyUI] [worker:ComfyUI-SAM3DBody] [VRAM] +314MB (now 3458MB) reserved=3680MB peak=3458MB
[08:57]   [capture-loop] iter=500 t=62.3s state={'complete': False, 'error': None, 'executedCount': 0, 'wsState': 1} eval_ms=4 ram=10.9/31.9GB (34%) swap=1.0/10.5GB (9%) cpu=12% browser_rss=0.65GB
[09:01]   [ComfyUI] [SubprocessWorker] callback 'report_progress' from call_id=2
[09:01]   [ComfyUI] [SubprocessWorker] callback 'report_progress' from call_id=2
[09:01]   [ComfyUI] [worker:ComfyUI-SAM3DBody] [VRAM] -306MB (now 3152MB) reserved=3712MB peak=3472MB
[09:01]   [ComfyUI] [SubprocessWorker] got response: ok
[09:01]   [ComfyUI] [comfy-env] Created 1 model patchers: ['SAM3DBody_1']
[09:01]   [ComfyUI] [comfy-env] SAM3DBodyProcessMultiple done (21.84s): result: NodeOutput
[09:01]   [ComfyUI] [VRAM] After SAM3DBodyProcessMultiple: 1042 / 12287 MB
[09:01]   [ComfyUI] [VRAM] Loaded: SubprocessModel (3143 MB)
[09:01]   [ComfyUI] [comfy-env] Running SAM3DBodyExportMultipleFBX: output_filename: 'sam3d_multi_rigged.fbx', combine: True, multi_mesh_data: dict
[09:01]   [ComfyUI] [VRAM] Before SAM3DBodyExportMultipleFBX: 1042 / 12287 MB
[09:01]   [ComfyUI] [VRAM] Loaded: SubprocessModel (3143 MB)
[09:01]   [ComfyUI] [SubprocessWorker] call_method: nodes.export.SAM3DBodyExportMultipleFBX.EXECUTE_NORMALIZED
[09:01]   [ComfyUI] [SubprocessWorker] acquired lock, ensuring started...
[09:01]   [ComfyUI] [ComfyUI-SAM3DBody] Health check: ping (timeout=5.0s)...
[09:01]   [ComfyUI] [ComfyUI-SAM3DBody] Health check: ok
[09:01]   [ComfyUI] [SubprocessWorker] worker started/confirmed
[09:01]   [ComfyUI] [SubprocessWorker] serializing kwargs to shm...
[09:01]   [ComfyUI] [SubprocessWorker] created 0 shm blocks
[09:01]   [ComfyUI] [SubprocessWorker] sending request via socket...
[09:01]   [ComfyUI] [SubprocessWorker] call_id=3 sending call_method
[09:01]   [ComfyUI] [worker:ComfyUI-SAM3DBody] [comfy-env] _from_shm got dict with keys: ['__type__', 'strategy', 'manager_path', 'storage_key', 'storage_size']
[09:01]   [ComfyUI] [worker:ComfyUI-SAM3DBody] [comfy-env] DESERIALIZE TensorRef: tensor_size=[4]
[09:01]   [ComfyUI] [worker:ComfyUI-SAM3DBody] [comfy-env] DESERIALIZED tensor shape: torch.Size([4])
[09:01]   [ComfyUI] [worker:ComfyUI-SAM3DBody] [comfy-env] _from_shm got dict with keys: ['__type__', 'strategy', 'manager_path', 'storage_key', 'storage_size']
[09:01]   [ComfyUI] [worker:ComfyUI-SAM3DBody] [comfy-env] DESERIALIZE TensorRef: tensor_size=[70, 3]
[09:01]   [ComfyUI] [worker:ComfyUI-SAM3DBody] [comfy-env] DESERIALIZED tensor shape: torch.Size([70, 3])
[09:01]   [ComfyUI] [worker:ComfyUI-SAM3DBody] [comfy-env] _from_shm got dict with keys: ['__type__', 'strategy', 'manager_path', 'storage_key', 'storage_size']
[09:01]   [ComfyUI] [worker:ComfyUI-SAM3DBody] [comfy-env] DESERIALIZE TensorRef: tensor_size=[70, 2]
[09:01]   [ComfyUI] [worker:ComfyUI-SAM3DBody] [comfy-env] DESERIALIZED tensor shape: torch.Size([70, 2])
[09:01]   [ComfyUI] [worker:ComfyUI-SAM3DBody] [comfy-env] _from_shm got dict with keys: ['__type__', 'strategy', 'manager_path', 'storage_key', 'storage_size']
[09:01]   [ComfyUI] [worker:ComfyUI-SAM3DBody] [comfy-env] DESERIALIZE TensorRef: tensor_size=[18439, 3]
[09:01]   [ComfyUI] [worker:ComfyUI-SAM3DBody] [comfy-env] DESERIALIZED tensor shape: torch.Size([18439, 3])
[09:01]   [ComfyUI] [worker:ComfyUI-SAM3DBody] [comfy-env] _from_shm got dict with keys: ['__type__', 'strategy', 'manager_path', 'storage_key', 'storage_size']
[09:01]   [ComfyUI] [worker:ComfyUI-SAM3DBody] [comfy-env] DESERIALIZE TensorRef: tensor_size=[3]
[09:01]   [ComfyUI] [worker:ComfyUI-SAM3DBody] [comfy-env] DESERIALIZED tensor shape: torch.Size([3])
[09:01]   [ComfyUI] [worker:ComfyUI-SAM3DBody] [comfy-env] _from_shm got dict with keys: ['__type__', 'strategy', 'manager_path', 'storage_key', 'storage_size']
[09:01]   [ComfyUI] [worker:ComfyUI-SAM3DBody] [comfy-env] DESERIALIZE TensorRef: tensor_size=[266]
[09:01]   [ComfyUI] [worker:ComfyUI-SAM3DBody] [comfy-env] DESERIALIZED tensor shape: torch.Size([266])
[09:01]   [ComfyUI] [worker:ComfyUI-SAM3DBody] [comfy-env] _from_shm got dict with keys: ['__type__', 'strategy', 'manager_path', 'storage_key', 'storage_size']
[09:01]   [ComfyUI] [worker:ComfyUI-SAM3DBody] [comfy-env] DESERIALIZE TensorRef: tensor_size=[3]
[09:01]   [ComfyUI] [worker:ComfyUI-SAM3DBody] [comfy-env] DESERIALIZED tensor shape: torch.Size([3])
[09:01]   [ComfyUI] [worker:ComfyUI-SAM3DBody] [comfy-env] _from_shm got dict with keys: ['__type__', 'strategy', 'manager_path', 'storage_key', 'storage_size']
[09:01]   [ComfyUI] [worker:ComfyUI-SAM3DBody] [comfy-env] DESERIALIZE TensorRef: tensor_size=[133]
[09:01]   [ComfyUI] [worker:ComfyUI-SAM3DBody] [comfy-env] DESERIALIZED tensor shape: torch.Size([133])
[09:01]   [ComfyUI] [worker:ComfyUI-SAM3DBody] [comfy-env] _from_shm got dict with keys: ['__type__', 'strategy', 'manager_path', 'storage_key', 'storage_size']
[09:01]   [ComfyUI] [worker:ComfyUI-SAM3DBody] [comfy-env] DESERIALIZE TensorRef: tensor_size=[108]
[09:01]   [ComfyUI] [worker:ComfyUI-SAM3DBody] [comfy-env] DESERIALIZED tensor shape: torch.Size([108])
[09:01]   [ComfyUI] [worker:ComfyUI-SAM3DBody] [comfy-env] _from_shm got dict with keys: ['__type__', 'strategy', 'manager_path', 'storage_key', 'storage_size']
[09:01]   [ComfyUI] [worker:ComfyUI-SAM3DBody] [comfy-env] DESERIALIZE TensorRef: tensor_size=[28]
[09:01]   [ComfyUI] [worker:ComfyUI-SAM3DBody] [comfy-env] DESERIALIZED tensor shape: torch.Size([28])
[09:01]   [ComfyUI] [worker:ComfyUI-SAM3DBody] [comfy-env] _from_shm got dict with keys: ['__type__', 'strategy', 'manager_path', 'storage_key', 'storage_size']
[09:01]   [ComfyUI] [worker:ComfyUI-SAM3DBody] [comfy-env] DESERIALIZE TensorRef: tensor_size=[45]
[09:01]   [ComfyUI] [worker:ComfyUI-SAM3DBody] [comfy-env] DESERIALIZED tensor shape: torch.Size([45])
[09:01]   [ComfyUI] [worker:ComfyUI-SAM3DBody] [comfy-env] _from_shm got dict with keys: ['__type__', 'strategy', 'manager_path', 'storage_key', 'storage_size']
[09:01]   [ComfyUI] [worker:ComfyUI-SAM3DBody] [comfy-env] DESERIALIZE TensorRef: tensor_size=[72]
[09:01]   [ComfyUI] [worker:ComfyUI-SAM3DBody] [comfy-env] DESERIALIZED tensor shape: torch.Size([72])
[09:01]   [ComfyUI] [worker:ComfyUI-SAM3DBody] [comfy-env] _from_shm got dict with keys: ['__type__', 'strategy', 'manager_path', 'storage_key', 'storage_size']
[09:01]   Frame 7 saved (frame_006.jpg, t=66.4s)
[09:01]   [capture-periodic] freeze=7ms shot=156ms unfreeze=5ms saved=True
[09:01]   [ComfyUI] [worker:ComfyUI-SAM3DBody] [comfy-env] DESERIALIZE TensorRef: tensor_size=[720, 1280, 1]
[09:01]   [ComfyUI] [worker:ComfyUI-SAM3DBody] [comfy-env] DESERIALIZED tensor shape: torch.Size([720, 1280, 1])
[09:01]   [ComfyUI] [worker:ComfyUI-SAM3DBody] [comfy-env] _from_shm got dict with keys: ['__type__', 'strategy', 'manager_path', 'storage_key', 'storage_size']
[09:01]   [ComfyUI] [worker:ComfyUI-SAM3DBody] [comfy-env] DESERIALIZE TensorRef: tensor_size=[127, 3]
[09:01]   [ComfyUI] [worker:ComfyUI-SAM3DBody] [comfy-env] DESERIALIZED tensor shape: torch.Size([127, 3])
[09:01]   [ComfyUI] [worker:ComfyUI-SAM3DBody] [comfy-env] _from_shm got dict with keys: ['__type__', 'strategy', 'manager_path', 'storage_key', 'storage_size']
[09:01]   [ComfyUI] [worker:ComfyUI-SAM3DBody] [comfy-env] DESERIALIZE TensorRef: tensor_size=[127, 3, 3]
[09:01]   [ComfyUI] [worker:ComfyUI-SAM3DBody] [comfy-env] DESERIALIZED tensor shape: torch.Size([127, 3, 3])
[09:01]   [ComfyUI] [worker:ComfyUI-SAM3DBody] [comfy-env] _from_shm got dict with keys: ['__type__', 'strategy', 'manager_path', 'storage_key', 'storage_size']
[09:01]   [ComfyUI] [worker:ComfyUI-SAM3DBody] [comfy-env] DESERIALIZE TensorRef: tensor_size=[4]
[09:01]   [ComfyUI] [worker:ComfyUI-SAM3DBody] [comfy-env] DESERIALIZED tensor shape: torch.Size([4])
[09:01]   [ComfyUI] [worker:ComfyUI-SAM3DBody] [comfy-env] _from_shm got dict with keys: ['__type__', 'strategy', 'manager_path', 'storage_key', 'storage_size']
[09:01]   [ComfyUI] [worker:ComfyUI-SAM3DBody] [comfy-env] DESERIALIZE TensorRef: tensor_size=[4]
[09:01]   [ComfyUI] [worker:ComfyUI-SAM3DBody] [comfy-env] DESERIALIZED tensor shape: torch.Size([4])
[09:01]   [ComfyUI] [worker:ComfyUI-SAM3DBody] [comfy-env] _from_shm got dict with keys: ['__type__', 'strategy', 'manager_path', 'storage_key', 'storage_size']
[09:01]   [ComfyUI] [worker:ComfyUI-SAM3DBody] [comfy-env] DESERIALIZE TensorRef: tensor_size=[4]
[09:01]   [ComfyUI] [worker:ComfyUI-SAM3DBody] [comfy-env] DESERIALIZED tensor shape: torch.Size([4])
[09:01]   [ComfyUI] [worker:ComfyUI-SAM3DBody] [comfy-env] _from_shm got dict with keys: ['__type__', 'strategy', 'manager_path', 'storage_key', 'storage_size']
[09:01]   [ComfyUI] [worker:ComfyUI-SAM3DBody] [comfy-env] DESERIALIZE TensorRef: tensor_size=[70, 3]
[09:01]   [ComfyUI] [worker:ComfyUI-SAM3DBody] [comfy-env] DESERIALIZED tensor shape: torch.Size([70, 3])
[09:01]   [ComfyUI] [worker:ComfyUI-SAM3DBody] [comfy-env] _from_shm got dict with keys: ['__type__', 'strategy', 'manager_path', 'storage_key', 'storage_size']
[09:01]   [ComfyUI] [worker:ComfyUI-SAM3DBody] [comfy-env] DESERIALIZE TensorRef: tensor_size=[70, 2]
[09:01]   [ComfyUI] [worker:ComfyUI-SAM3DBody] [comfy-env] DESERIALIZED tensor shape: torch.Size([70, 2])
[09:01]   [ComfyUI] [worker:ComfyUI-SAM3DBody] [comfy-env] _from_shm got dict with keys: ['__type__', 'strategy', 'manager_path', 'storage_key', 'storage_size']
[09:01]   [ComfyUI] [worker:ComfyUI-SAM3DBody] [comfy-env] DESERIALIZE TensorRef: tensor_size=[18439, 3]
[09:01]   [ComfyUI] [worker:ComfyUI-SAM3DBody] [comfy-env] DESERIALIZED tensor shape: torch.Size([18439, 3])
[09:01]   [ComfyUI] [worker:ComfyUI-SAM3DBody] [comfy-env] _from_shm got dict with keys: ['__type__', 'strategy', 'manager_path', 'storage_key', 'storage_size']
[09:01]   [ComfyUI] [worker:ComfyUI-SAM3DBody] [comfy-env] DESERIALIZE TensorRef: tensor_size=[3]
[09:01]   [ComfyUI] [worker:ComfyUI-SAM3DBody] [comfy-env] DESERIALIZED tensor shape: torch.Size([3])
[09:01]   [ComfyUI] [worker:ComfyUI-SAM3DBody] [comfy-env] _from_shm got dict with keys: ['__type__', 'strategy', 'manager_path', 'storage_key', 'storage_size']
[09:01]   [ComfyUI] [worker:ComfyUI-SAM3DBody] [comfy-env] DESERIALIZE TensorRef: tensor_size=[266]
[09:01]   [ComfyUI] [worker:ComfyUI-SAM3DBody] [comfy-env] DESERIALIZED tensor shape: torch.Size([266])
[09:01]   [ComfyUI] [worker:ComfyUI-SAM3DBody] [comfy-env] _from_shm got dict with keys: ['__type__', 'strategy', 'manager_path', 'storage_key', 'storage_size']
[09:01]   [ComfyUI] [worker:ComfyUI-SAM3DBody] [comfy-env] DESERIALIZE TensorRef: tensor_size=[3]
[09:01]   [ComfyUI] [worker:ComfyUI-SAM3DBody] [comfy-env] DESERIALIZED tensor shape: torch.Size([3])
[09:01]   [ComfyUI] [worker:ComfyUI-SAM3DBody] [comfy-env] _from_shm got dict with keys: ['__type__', 'strategy', 'manager_path', 'storage_key', 'storage_size']
[09:01]   [ComfyUI] [worker:ComfyUI-SAM3DBody] [comfy-env] DESERIALIZE TensorRef: tensor_size=[133]
[09:01]   [ComfyUI] [worker:ComfyUI-SAM3DBody] [comfy-env] DESERIALIZED tensor shape: torch.Size([133])
[09:01]   [ComfyUI] [worker:ComfyUI-SAM3DBody] [comfy-env] _from_shm got dict with keys: ['__type__', 'strategy', 'manager_path', 'storage_key', 'storage_size']
[09:01]   [ComfyUI] [worker:ComfyUI-SAM3DBody] [comfy-env] DESERIALIZE TensorRef: tensor_size=[108]
[09:01]   [ComfyUI] [worker:ComfyUI-SAM3DBody] [comfy-env] DESERIALIZED tensor shape: torch.Size([108])
[09:01]   [ComfyUI] [worker:ComfyUI-SAM3DBody] [comfy-env] _from_shm got dict with keys: ['__type__', 'strategy', 'manager_path', 'storage_key', 'storage_size']
[09:01]   [ComfyUI] [worker:ComfyUI-SAM3DBody] [comfy-env] DESERIALIZE TensorRef: tensor_size=[28]
[09:01]   [ComfyUI] [worker:ComfyUI-SAM3DBody] [comfy-env] DESERIALIZED tensor shape: torch.Size([28])
[09:01]   [ComfyUI] [worker:ComfyUI-SAM3DBody] [comfy-env] _from_shm got dict with keys: ['__type__', 'strategy', 'manager_path', 'storage_key', 'storage_size']
[09:01]   [ComfyUI] [worker:ComfyUI-SAM3DBody] [comfy-env] DESERIALIZE TensorRef: tensor_size=[45]
[09:01]   [ComfyUI] [worker:ComfyUI-SAM3DBody] [comfy-env] DESERIALIZED tensor shape: torch.Size([45])
[09:01]   [ComfyUI] [worker:ComfyUI-SAM3DBody] [comfy-env] _from_shm got dict with keys: ['__type__', 'strategy', 'manager_path', 'storage_key', 'storage_size']
[09:01]   [ComfyUI] [worker:ComfyUI-SAM3DBody] [comfy-env] DESERIALIZE TensorRef: tensor_size=[72]
[09:01]   [ComfyUI] [worker:ComfyUI-SAM3DBody] [comfy-env] DESERIALIZED tensor shape: torch.Size([72])
[09:01]   [ComfyUI] [worker:ComfyUI-SAM3DBody] [comfy-env] _from_shm got dict with keys: ['__type__', 'strategy', 'manager_path', 'storage_key', 'storage_size']
[09:01]   [ComfyUI] [worker:ComfyUI-SAM3DBody] [comfy-env] DESERIALIZE TensorRef: tensor_size=[720, 1280, 1]
[09:01]   [ComfyUI] [worker:ComfyUI-SAM3DBody] [comfy-env] DESERIALIZED tensor shape: torch.Size([720, 1280, 1])
[09:01]   [ComfyUI] [worker:ComfyUI-SAM3DBody] [comfy-env] _from_shm got dict with keys: ['__type__', 'strategy', 'manager_path', 'storage_key', 'storage_size']
[09:01]   [ComfyUI] [worker:ComfyUI-SAM3DBody] [comfy-env] DESERIALIZE TensorRef: tensor_size=[127, 3]
[09:01]   [ComfyUI] [worker:ComfyUI-SAM3DBody] [comfy-env] DESERIALIZED tensor shape: torch.Size([127, 3])
[09:01]   [ComfyUI] [worker:ComfyUI-SAM3DBody] [comfy-env] _from_shm got dict with keys: ['__type__', 'strategy', 'manager_path', 'storage_key', 'storage_size']
[09:01]   [ComfyUI] [worker:ComfyUI-SAM3DBody] [comfy-env] DESERIALIZE TensorRef: tensor_size=[127, 3, 3]
[09:01]   [ComfyUI] [worker:ComfyUI-SAM3DBody] [comfy-env] DESERIALIZED tensor shape: torch.Size([127, 3, 3])
[09:01]   [ComfyUI] [worker:ComfyUI-SAM3DBody] [comfy-env] _from_shm got dict with keys: ['__type__', 'strategy', 'manager_path', 'storage_key', 'storage_size']
[09:01]   [ComfyUI] [worker:ComfyUI-SAM3DBody] [comfy-env] DESERIALIZE TensorRef: tensor_size=[4]
[09:01]   [ComfyUI] [worker:ComfyUI-SAM3DBody] [comfy-env] DESERIALIZED tensor shape: torch.Size([4])
[09:01]   [ComfyUI] [worker:ComfyUI-SAM3DBody] [comfy-env] _from_shm got dict with keys: ['__type__', 'strategy', 'manager_path', 'storage_key', 'storage_size']
[09:01]   [ComfyUI] [worker:ComfyUI-SAM3DBody] [comfy-env] DESERIALIZE TensorRef: tensor_size=[4]
[09:02]   [ComfyUI] [worker:ComfyUI-SAM3DBody] [comfy-env] DESERIALIZED tensor shape: torch.Size([4])
[09:02]   [ComfyUI] [worker:ComfyUI-SAM3DBody] [comfy-env] _from_shm got dict with keys: ['__type__', 'strategy', 'manager_path', 'storage_key', 'storage_size']
[09:02]   [ComfyUI] [worker:ComfyUI-SAM3DBody] [comfy-env] DESERIALIZE TensorRef: tensor_size=[4]
[09:02]   [ComfyUI] [worker:ComfyUI-SAM3DBody] [comfy-env] DESERIALIZED tensor shape: torch.Size([4])
[09:02]   [ComfyUI] [worker:ComfyUI-SAM3DBody] [comfy-env] _from_shm got dict with keys: ['__type__', 'strategy', 'manager_path', 'storage_key', 'storage_size']
[09:02]   [ComfyUI] [worker:ComfyUI-SAM3DBody] [comfy-env] DESERIALIZE TensorRef: tensor_size=[70, 3]
[09:02]   [ComfyUI] [worker:ComfyUI-SAM3DBody] [comfy-env] DESERIALIZED tensor shape: torch.Size([70, 3])
[09:02]   [ComfyUI] [worker:ComfyUI-SAM3DBody] [comfy-env] _from_shm got dict with keys: ['__type__', 'strategy', 'manager_path', 'storage_key', 'storage_size']
[09:02]   [ComfyUI] [worker:ComfyUI-SAM3DBody] [comfy-env] DESERIALIZE TensorRef: tensor_size=[70, 2]
[09:02]   [ComfyUI] [worker:ComfyUI-SAM3DBody] [comfy-env] DESERIALIZED tensor shape: torch.Size([70, 2])
[09:02]   [ComfyUI] [worker:ComfyUI-SAM3DBody] [comfy-env] _from_shm got dict with keys: ['__type__', 'strategy', 'manager_path', 'storage_key', 'storage_size']
[09:02]   [ComfyUI] [worker:ComfyUI-SAM3DBody] [comfy-env] DESERIALIZE TensorRef: tensor_size=[18439, 3]
[09:02]   [ComfyUI] [worker:ComfyUI-SAM3DBody] [comfy-env] DESERIALIZED tensor shape: torch.Size([18439, 3])
[09:02]   [ComfyUI] [worker:ComfyUI-SAM3DBody] [comfy-env] _from_shm got dict with keys: ['__type__', 'strategy', 'manager_path', 'storage_key', 'storage_size']
[09:02]   [ComfyUI] [worker:ComfyUI-SAM3DBody] [comfy-env] DESERIALIZE TensorRef: tensor_size=[3]
[09:02]   [ComfyUI] [worker:ComfyUI-SAM3DBody] [comfy-env] DESERIALIZED tensor shape: torch.Size([3])
[09:02]   [ComfyUI] [worker:ComfyUI-SAM3DBody] [comfy-env] _from_shm got dict with keys: ['__type__', 'strategy', 'manager_path', 'storage_key', 'storage_size']
[09:02]   [ComfyUI] [worker:ComfyUI-SAM3DBody] [comfy-env] DESERIALIZE TensorRef: tensor_size=[266]
[09:02]   [ComfyUI] [worker:ComfyUI-SAM3DBody] [comfy-env] DESERIALIZED tensor shape: torch.Size([266])
[09:02]   [ComfyUI] [worker:ComfyUI-SAM3DBody] [comfy-env] _from_shm got dict with keys: ['__type__', 'strategy', 'manager_path', 'storage_key', 'storage_size']
[09:02]   [ComfyUI] [worker:ComfyUI-SAM3DBody] [comfy-env] DESERIALIZE TensorRef: tensor_size=[3]
[09:02]   [ComfyUI] [worker:ComfyUI-SAM3DBody] [comfy-env] DESERIALIZED tensor shape: torch.Size([3])
[09:02]   [ComfyUI] [worker:ComfyUI-SAM3DBody] [comfy-env] _from_shm got dict with keys: ['__type__', 'strategy', 'manager_path', 'storage_key', 'storage_size']
[09:02]   [ComfyUI] [worker:ComfyUI-SAM3DBody] [comfy-env] DESERIALIZE TensorRef: tensor_size=[133]
[09:02]   [ComfyUI] [worker:ComfyUI-SAM3DBody] [comfy-env] DESERIALIZED tensor shape: torch.Size([133])
[09:02]   [ComfyUI] [worker:ComfyUI-SAM3DBody] [comfy-env] _from_shm got dict with keys: ['__type__', 'strategy', 'manager_path', 'storage_key', 'storage_size']
[09:02]   [ComfyUI] [worker:ComfyUI-SAM3DBody] [comfy-env] DESERIALIZE TensorRef: tensor_size=[108]
[09:02]   [ComfyUI] [worker:ComfyUI-SAM3DBody] [comfy-env] DESERIALIZED tensor shape: torch.Size([108])
[09:02]   [ComfyUI] [worker:ComfyUI-SAM3DBody] [comfy-env] _from_shm got dict with keys: ['__type__', 'strategy', 'manager_path', 'storage_key', 'storage_size']
[09:02]   [ComfyUI] [worker:ComfyUI-SAM3DBody] [comfy-env] DESERIALIZE TensorRef: tensor_size=[28]
[09:02]   [ComfyUI] [worker:ComfyUI-SAM3DBody] [comfy-env] DESERIALIZED tensor shape: torch.Size([28])
[09:02]   [ComfyUI] [worker:ComfyUI-SAM3DBody] [comfy-env] _from_shm got dict with keys: ['__type__', 'strategy', 'manager_path', 'storage_key', 'storage_size']
[09:02]   [ComfyUI] [worker:ComfyUI-SAM3DBody] [comfy-env] DESERIALIZE TensorRef: tensor_size=[45]
[09:02]   [ComfyUI] [worker:ComfyUI-SAM3DBody] [comfy-env] DESERIALIZED tensor shape: torch.Size([45])
[09:02]   [ComfyUI] [worker:ComfyUI-SAM3DBody] [comfy-env] _from_shm got dict with keys: ['__type__', 'strategy', 'manager_path', 'storage_key', 'storage_size']
[09:02]   [ComfyUI] [worker:ComfyUI-SAM3DBody] [comfy-env] DESERIALIZE TensorRef: tensor_size=[72]
[09:02]   [ComfyUI] [worker:ComfyUI-SAM3DBody] [comfy-env] DESERIALIZED tensor shape: torch.Size([72])
[09:02]   [ComfyUI] [worker:ComfyUI-SAM3DBody] [comfy-env] _from_shm got dict with keys: ['__type__', 'strategy', 'manager_path', 'storage_key', 'storage_size']
[09:02]   [ComfyUI] [worker:ComfyUI-SAM3DBody] [comfy-env] DESERIALIZE TensorRef: tensor_size=[720, 1280, 1]
[09:02]   [ComfyUI] [worker:ComfyUI-SAM3DBody] [comfy-env] DESERIALIZED tensor shape: torch.Size([720, 1280, 1])
[09:02]   [ComfyUI] [worker:ComfyUI-SAM3DBody] [comfy-env] _from_shm got dict with keys: ['__type__', 'strategy', 'manager_path', 'storage_key', 'storage_size']
[09:02]   [ComfyUI] [worker:ComfyUI-SAM3DBody] [comfy-env] DESERIALIZE TensorRef: tensor_size=[127, 3]
[09:02]   [ComfyUI] [worker:ComfyUI-SAM3DBody] [comfy-env] DESERIALIZED tensor shape: torch.Size([127, 3])
[09:02]   [ComfyUI] [worker:ComfyUI-SAM3DBody] [comfy-env] _from_shm got dict with keys: ['__type__', 'strategy', 'manager_path', 'storage_key', 'storage_size']
[09:02]   [ComfyUI] [worker:ComfyUI-SAM3DBody] [comfy-env] DESERIALIZE TensorRef: tensor_size=[127, 3, 3]
[09:02]   [ComfyUI] [worker:ComfyUI-SAM3DBody] [comfy-env] DESERIALIZED tensor shape: torch.Size([127, 3, 3])
[09:02]   [ComfyUI] [worker:ComfyUI-SAM3DBody] [comfy-env] _from_shm got dict with keys: ['__type__', 'strategy', 'manager_path', 'storage_key', 'storage_size']
[09:02]   [ComfyUI] [worker:ComfyUI-SAM3DBody] [comfy-env] DESERIALIZE TensorRef: tensor_size=[4]
[09:02]   [ComfyUI] [worker:ComfyUI-SAM3DBody] [comfy-env] DESERIALIZED tensor shape: torch.Size([4])
[09:02]   [ComfyUI] [worker:ComfyUI-SAM3DBody] [comfy-env] _from_shm got dict with keys: ['__type__', 'strategy', 'manager_path', 'storage_key', 'storage_size']
[09:02]   [ComfyUI] [worker:ComfyUI-SAM3DBody] [comfy-env] DESERIALIZE TensorRef: tensor_size=[4]
[09:02]   [ComfyUI] [worker:ComfyUI-SAM3DBody] [comfy-env] DESERIALIZED tensor shape: torch.Size([4])
[09:02]   [ComfyUI] [worker:ComfyUI-SAM3DBody] [comfy-env] _from_shm got dict with keys: ['__type__', 'strategy', 'manager_path', 'storage_key', 'storage_size']
[09:02]   [ComfyUI] [worker:ComfyUI-SAM3DBody] [comfy-env] DESERIALIZE TensorRef: tensor_size=[4]
[09:02]   [ComfyUI] [worker:ComfyUI-SAM3DBody] [comfy-env] DESERIALIZED tensor shape: torch.Size([4])
[09:02]   [ComfyUI] [worker:ComfyUI-SAM3DBody] [comfy-env] _from_shm got dict with keys: ['__type__', 'strategy', 'manager_path', 'storage_key', 'storage_size']
[09:02]   [ComfyUI] [worker:ComfyUI-SAM3DBody] [comfy-env] DESERIALIZE TensorRef: tensor_size=[70, 3]
[09:02]   [ComfyUI] [worker:ComfyUI-SAM3DBody] [comfy-env] DESERIALIZED tensor shape: torch.Size([70, 3])
[09:02]   [ComfyUI] [worker:ComfyUI-SAM3DBody] [comfy-env] _from_shm got dict with keys: ['__type__', 'strategy', 'manager_path', 'storage_key', 'storage_size']
[09:02]   [ComfyUI] [worker:ComfyUI-SAM3DBody] [comfy-env] DESERIALIZE TensorRef: tensor_size=[70, 2]
[09:02]   [ComfyUI] [worker:ComfyUI-SAM3DBody] [comfy-env] DESERIALIZED tensor shape: torch.Size([70, 2])
[09:02]   [ComfyUI] [worker:ComfyUI-SAM3DBody] [comfy-env] _from_shm got dict with keys: ['__type__', 'strategy', 'manager_path', 'storage_key', 'storage_size']
[09:02]   [ComfyUI] [worker:ComfyUI-SAM3DBody] [comfy-env] DESERIALIZE TensorRef: tensor_size=[18439, 3]
[09:02]   [ComfyUI] [worker:ComfyUI-SAM3DBody] [comfy-env] DESERIALIZED tensor shape: torch.Size([18439, 3])
[09:02]   [ComfyUI] [worker:ComfyUI-SAM3DBody] [comfy-env] _from_shm got dict with keys: ['__type__', 'strategy', 'manager_path', 'storage_key', 'storage_size']
[09:02]   [ComfyUI] [worker:ComfyUI-SAM3DBody] [comfy-env] DESERIALIZE TensorRef: tensor_size=[3]
[09:02]   [ComfyUI] [worker:ComfyUI-SAM3DBody] [comfy-env] DESERIALIZED tensor shape: torch.Size([3])
[09:02]   [ComfyUI] [worker:ComfyUI-SAM3DBody] [comfy-env] _from_shm got dict with keys: ['__type__', 'strategy', 'manager_path', 'storage_key', 'storage_size']
[09:02]   [ComfyUI] [worker:ComfyUI-SAM3DBody] [comfy-env] DESERIALIZE TensorRef: tensor_size=[266]
[09:02]   [ComfyUI] [worker:ComfyUI-SAM3DBody] [comfy-env] DESERIALIZED tensor shape: torch.Size([266])
[09:02]   [ComfyUI] [worker:ComfyUI-SAM3DBody] [comfy-env] _from_shm got dict with keys: ['__type__', 'strategy', 'manager_path', 'storage_key', 'storage_size']
[09:02]   [ComfyUI] [worker:ComfyUI-SAM3DBody] [comfy-env] DESERIALIZE TensorRef: tensor_size=[3]
[09:02]   [ComfyUI] [worker:ComfyUI-SAM3DBody] [comfy-env] DESERIALIZED tensor shape: torch.Size([3])
[09:02]   [ComfyUI] [worker:ComfyUI-SAM3DBody] [comfy-env] _from_shm got dict with keys: ['__type__', 'strategy', 'manager_path', 'storage_key', 'storage_size']
[09:02]   [ComfyUI] [worker:ComfyUI-SAM3DBody] [comfy-env] DESERIALIZE TensorRef: tensor_size=[133]
[09:02]   [ComfyUI] [worker:ComfyUI-SAM3DBody] [comfy-env] DESERIALIZED tensor shape: torch.Size([133])
[09:02]   [ComfyUI] [worker:ComfyUI-SAM3DBody] [comfy-env] _from_shm got dict with keys: ['__type__', 'strategy', 'manager_path', 'storage_key', 'storage_size']
[09:02]   [ComfyUI] [worker:ComfyUI-SAM3DBody] [comfy-env] DESERIALIZE TensorRef: tensor_size=[108]
[09:02]   [ComfyUI] [worker:ComfyUI-SAM3DBody] [comfy-env] DESERIALIZED tensor shape: torch.Size([108])
[09:02]   [ComfyUI] [worker:ComfyUI-SAM3DBody] [comfy-env] _from_shm got dict with keys: ['__type__', 'strategy', 'manager_path', 'storage_key', 'storage_size']
[09:02]   [ComfyUI] [worker:ComfyUI-SAM3DBody] [comfy-env] DESERIALIZE TensorRef: tensor_size=[28]
[09:02]   [ComfyUI] [worker:ComfyUI-SAM3DBody] [comfy-env] DESERIALIZED tensor shape: torch.Size([28])
[09:02]   [ComfyUI] [worker:ComfyUI-SAM3DBody] [comfy-env] _from_shm got dict with keys: ['__type__', 'strategy', 'manager_path', 'storage_key', 'storage_size']
[09:02]   [ComfyUI] [worker:ComfyUI-SAM3DBody] [comfy-env] DESERIALIZE TensorRef: tensor_size=[45]
[09:02]   [ComfyUI] [worker:ComfyUI-SAM3DBody] [comfy-env] DESERIALIZED tensor shape: torch.Size([45])
[09:02]   [ComfyUI] [worker:ComfyUI-SAM3DBody] [comfy-env] _from_shm got dict with keys: ['__type__', 'strategy', 'manager_path', 'storage_key', 'storage_size']
[09:02]   [ComfyUI] [worker:ComfyUI-SAM3DBody] [comfy-env] DESERIALIZE TensorRef: tensor_size=[72]
[09:02]   [ComfyUI] [worker:ComfyUI-SAM3DBody] [comfy-env] DESERIALIZED tensor shape: torch.Size([72])
[09:02]   [ComfyUI] [worker:ComfyUI-SAM3DBody] [comfy-env] _from_shm got dict with keys: ['__type__', 'strategy', 'manager_path', 'storage_key', 'storage_size']
[09:02]   [ComfyUI] [worker:ComfyUI-SAM3DBody] [comfy-env] DESERIALIZE TensorRef: tensor_size=[720, 1280, 1]
[09:02]   [ComfyUI] [worker:ComfyUI-SAM3DBody] [comfy-env] DESERIALIZED tensor shape: torch.Size([720, 1280, 1])
[09:02]   [ComfyUI] [worker:ComfyUI-SAM3DBody] [comfy-env] _from_shm got dict with keys: ['__type__', 'strategy', 'manager_path', 'storage_key', 'storage_size']
[09:02]   [ComfyUI] [worker:ComfyUI-SAM3DBody] [comfy-env] DESERIALIZE TensorRef: tensor_size=[127, 3]
[09:02]   [ComfyUI] [worker:ComfyUI-SAM3DBody] [comfy-env] DESERIALIZED tensor shape: torch.Size([127, 3])
[09:02]   [ComfyUI] [worker:ComfyUI-SAM3DBody] [comfy-env] _from_shm got dict with keys: ['__type__', 'strategy', 'manager_path', 'storage_key', 'storage_size']
[09:02]   [ComfyUI] [worker:ComfyUI-SAM3DBody] [comfy-env] DESERIALIZE TensorRef: tensor_size=[127, 3, 3]
[09:02]   [ComfyUI] [worker:ComfyUI-SAM3DBody] [comfy-env] DESERIALIZED tensor shape: torch.Size([127, 3, 3])
[09:02]   [ComfyUI] [worker:ComfyUI-SAM3DBody] [comfy-env] _from_shm got dict with keys: ['__type__', 'strategy', 'manager_path', 'storage_key', 'storage_size']
[09:02]   [ComfyUI] [worker:ComfyUI-SAM3DBody] [comfy-env] DESERIALIZE TensorRef: tensor_size=[4]
[09:02]   [ComfyUI] [worker:ComfyUI-SAM3DBody] [comfy-env] DESERIALIZED tensor shape: torch.Size([4])
[09:02]   [ComfyUI] [worker:ComfyUI-SAM3DBody] [comfy-env] _from_shm got dict with keys: ['__type__', 'strategy', 'manager_path', 'storage_key', 'storage_size']
[09:02]   [ComfyUI] [worker:ComfyUI-SAM3DBody] [comfy-env] DESERIALIZE TensorRef: tensor_size=[4]
[09:02]   [ComfyUI] [worker:ComfyUI-SAM3DBody] [comfy-env] DESERIALIZED tensor shape: torch.Size([4])
[09:02]   [ComfyUI] [worker:ComfyUI-SAM3DBody] [comfy-env] _from_shm got dict with keys: ['__type__', 'strategy', 'manager_path', 'storage_key', 'storage_size']
[09:02]   [ComfyUI] [worker:ComfyUI-SAM3DBody] [comfy-env] DESERIALIZE TensorRef: tensor_size=[4]
[09:02]   [ComfyUI] [worker:ComfyUI-SAM3DBody] [comfy-env] DESERIALIZED tensor shape: torch.Size([4])
[09:02]   [ComfyUI] [worker:ComfyUI-SAM3DBody] [comfy-env] _from_shm got dict with keys: ['__type__', 'strategy', 'manager_path', 'storage_key', 'storage_size']
[09:02]   [ComfyUI] [worker:ComfyUI-SAM3DBody] [comfy-env] DESERIALIZE TensorRef: tensor_size=[70, 3]
[09:02]   [ComfyUI] [worker:ComfyUI-SAM3DBody] [comfy-env] DESERIALIZED tensor shape: torch.Size([70, 3])
[09:02]   [ComfyUI] [worker:ComfyUI-SAM3DBody] [comfy-env] _from_shm got dict with keys: ['__type__', 'strategy', 'manager_path', 'storage_key', 'storage_size']
[09:02]   [ComfyUI] [worker:ComfyUI-SAM3DBody] [comfy-env] DESERIALIZE TensorRef: tensor_size=[70, 2]
[09:02]   [ComfyUI] [worker:ComfyUI-SAM3DBody] [comfy-env] DESERIALIZED tensor shape: torch.Size([70, 2])
[09:02]   [ComfyUI] [worker:ComfyUI-SAM3DBody] [comfy-env] _from_shm got dict with keys: ['__type__', 'strategy', 'manager_path', 'storage_key', 'storage_size']
[09:02]   [ComfyUI] [worker:ComfyUI-SAM3DBody] [comfy-env] DESERIALIZE TensorRef: tensor_size=[18439, 3]
[09:02]   [ComfyUI] [worker:ComfyUI-SAM3DBody] [comfy-env] DESERIALIZED tensor shape: torch.Size([18439, 3])
[09:02]   [ComfyUI] [worker:ComfyUI-SAM3DBody] [comfy-env] _from_shm got dict with keys: ['__type__', 'strategy', 'manager_path', 'storage_key', 'storage_size']
[09:02]   [ComfyUI] [worker:ComfyUI-SAM3DBody] [comfy-env] DESERIALIZE TensorRef: tensor_size=[3]
[09:02]   [ComfyUI] [worker:ComfyUI-SAM3DBody] [comfy-env] DESERIALIZED tensor shape: torch.Size([3])
[09:02]   [ComfyUI] [worker:ComfyUI-SAM3DBody] [comfy-env] _from_shm got dict with keys: ['__type__', 'strategy', 'manager_path', 'storage_key', 'storage_size']
[09:02]   [ComfyUI] [worker:ComfyUI-SAM3DBody] [comfy-env] DESERIALIZE TensorRef: tensor_size=[266]
[09:02]   [ComfyUI] [worker:ComfyUI-SAM3DBody] [comfy-env] DESERIALIZED tensor shape: torch.Size([266])
[09:02]   [ComfyUI] [worker:ComfyUI-SAM3DBody] [comfy-env] _from_shm got dict with keys: ['__type__', 'strategy', 'manager_path', 'storage_key', 'storage_size']
[09:02]   [ComfyUI] [worker:ComfyUI-SAM3DBody] [comfy-env] DESERIALIZE TensorRef: tensor_size=[3]
[09:02]   [ComfyUI] [worker:ComfyUI-SAM3DBody] [comfy-env] DESERIALIZED tensor shape: torch.Size([3])
[09:02]   [ComfyUI] [worker:ComfyUI-SAM3DBody] [comfy-env] _from_shm got dict with keys: ['__type__', 'strategy', 'manager_path', 'storage_key', 'storage_size']
[09:02]   [ComfyUI] [worker:ComfyUI-SAM3DBody] [comfy-env] DESERIALIZE TensorRef: tensor_size=[133]
[09:02]   [ComfyUI] [worker:ComfyUI-SAM3DBody] [comfy-env] DESERIALIZED tensor shape: torch.Size([133])
[09:02]   [ComfyUI] [worker:ComfyUI-SAM3DBody] [comfy-env] _from_shm got dict with keys: ['__type__', 'strategy', 'manager_path', 'storage_key', 'storage_size']
[09:02]   [ComfyUI] [worker:ComfyUI-SAM3DBody] [comfy-env] DESERIALIZE TensorRef: tensor_size=[108]
[09:02]   [ComfyUI] [worker:ComfyUI-SAM3DBody] [comfy-env] DESERIALIZED tensor shape: torch.Size([108])
[09:02]   [ComfyUI] [worker:ComfyUI-SAM3DBody] [comfy-env] _from_shm got dict with keys: ['__type__', 'strategy', 'manager_path', 'storage_key', 'storage_size']
[09:02]   [ComfyUI] [worker:ComfyUI-SAM3DBody] [comfy-env] DESERIALIZE TensorRef: tensor_size=[28]
[09:02]   [ComfyUI] [worker:ComfyUI-SAM3DBody] [comfy-env] DESERIALIZED tensor shape: torch.Size([28])
[09:02]   [ComfyUI] [worker:ComfyUI-SAM3DBody] [comfy-env] _from_shm got dict with keys: ['__type__', 'strategy', 'manager_path', 'storage_key', 'storage_size']
[09:02]   [ComfyUI] [worker:ComfyUI-SAM3DBody] [comfy-env] DESERIALIZE TensorRef: tensor_size=[45]
[09:02]   [ComfyUI] [worker:ComfyUI-SAM3DBody] [comfy-env] DESERIALIZED tensor shape: torch.Size([45])
[09:02]   [ComfyUI] [worker:ComfyUI-SAM3DBody] [comfy-env] _from_shm got dict with keys: ['__type__', 'strategy', 'manager_path', 'storage_key', 'storage_size']
[09:02]   [ComfyUI] [worker:ComfyUI-SAM3DBody] [comfy-env] DESERIALIZE TensorRef: tensor_size=[72]
[09:02]   [ComfyUI] [worker:ComfyUI-SAM3DBody] [comfy-env] DESERIALIZED tensor shape: torch.Size([72])
[09:02]   [ComfyUI] [worker:ComfyUI-SAM3DBody] [comfy-env] _from_shm got dict with keys: ['__type__', 'strategy', 'manager_path', 'storage_key', 'storage_size']
[09:02]   [ComfyUI] [worker:ComfyUI-SAM3DBody] [comfy-env] DESERIALIZE TensorRef: tensor_size=[720, 1280, 1]
[09:02]   [ComfyUI] [worker:ComfyUI-SAM3DBody] [comfy-env] DESERIALIZED tensor shape: torch.Size([720, 1280, 1])
[09:02]   [ComfyUI] [worker:ComfyUI-SAM3DBody] [comfy-env] _from_shm got dict with keys: ['__type__', 'strategy', 'manager_path', 'storage_key', 'storage_size']
[09:02]   [ComfyUI] [worker:ComfyUI-SAM3DBody] [comfy-env] DESERIALIZE TensorRef: tensor_size=[127, 3]
[09:02]   [ComfyUI] [worker:ComfyUI-SAM3DBody] [comfy-env] DESERIALIZED tensor shape: torch.Size([127, 3])
[09:02]   [ComfyUI] [worker:ComfyUI-SAM3DBody] [comfy-env] _from_shm got dict with keys: ['__type__', 'strategy', 'manager_path', 'storage_key', 'storage_size']
[09:02]   [ComfyUI] [worker:ComfyUI-SAM3DBody] [comfy-env] DESERIALIZE TensorRef: tensor_size=[127, 3, 3]
[09:02]   [ComfyUI] [worker:ComfyUI-SAM3DBody] [comfy-env] DESERIALIZED tensor shape: torch.Size([127, 3, 3])
[09:02]   [ComfyUI] [worker:ComfyUI-SAM3DBody] [comfy-env] _from_shm got dict with keys: ['__type__', 'strategy', 'manager_path', 'storage_key', 'storage_size']
[09:02]   [ComfyUI] [worker:ComfyUI-SAM3DBody] [comfy-env] DESERIALIZE TensorRef: tensor_size=[4]
[09:02]   [ComfyUI] [worker:ComfyUI-SAM3DBody] [comfy-env] DESERIALIZED tensor shape: torch.Size([4])
[09:02]   [ComfyUI] [worker:ComfyUI-SAM3DBody] [comfy-env] _from_shm got dict with keys: ['__type__', 'strategy', 'manager_path', 'storage_key', 'storage_size']
[09:02]   [ComfyUI] [worker:ComfyUI-SAM3DBody] [comfy-env] DESERIALIZE TensorRef: tensor_size=[4]
[09:02]   [ComfyUI] [worker:ComfyUI-SAM3DBody] [comfy-env] DESERIALIZED tensor shape: torch.Size([4])
[09:02]   [ComfyUI] [worker:ComfyUI-SAM3DBody] [comfy-env] _from_shm got dict with keys: ['__type__', 'strategy', 'manager_path', 'storage_key', 'storage_size']
[09:02]   [ComfyUI] [worker:ComfyUI-SAM3DBody] [comfy-env] DESERIALIZE TensorRef: tensor_size=[4]
[09:03]   [ComfyUI] [worker:ComfyUI-SAM3DBody] [comfy-env] DESERIALIZED tensor shape: torch.Size([4])
[09:03]   [ComfyUI] [worker:ComfyUI-SAM3DBody] [comfy-env] _from_shm got dict with keys: ['__type__', 'strategy', 'manager_path', 'storage_key', 'storage_size']
[09:03]   [ComfyUI] [worker:ComfyUI-SAM3DBody] [comfy-env] DESERIALIZE TensorRef: tensor_size=[70, 3]
[09:03]   [ComfyUI] [worker:ComfyUI-SAM3DBody] [comfy-env] DESERIALIZED tensor shape: torch.Size([70, 3])
[09:03]   [ComfyUI] [worker:ComfyUI-SAM3DBody] [comfy-env] _from_shm got dict with keys: ['__type__', 'strategy', 'manager_path', 'storage_key', 'storage_size']
[09:03]   [ComfyUI] [worker:ComfyUI-SAM3DBody] [comfy-env] DESERIALIZE TensorRef: tensor_size=[70, 2]
[09:03]   [ComfyUI] [worker:ComfyUI-SAM3DBody] [comfy-env] DESERIALIZED tensor shape: torch.Size([70, 2])
[09:03]   [ComfyUI] [worker:ComfyUI-SAM3DBody] [comfy-env] _from_shm got dict with keys: ['__type__', 'strategy', 'manager_path', 'storage_key', 'storage_size']
[09:03]   [ComfyUI] [worker:ComfyUI-SAM3DBody] [comfy-env] DESERIALIZE TensorRef: tensor_size=[18439, 3]
[09:03]   [ComfyUI] [worker:ComfyUI-SAM3DBody] [comfy-env] DESERIALIZED tensor shape: torch.Size([18439, 3])
[09:03]   [ComfyUI] [worker:ComfyUI-SAM3DBody] [comfy-env] _from_shm got dict with keys: ['__type__', 'strategy', 'manager_path', 'storage_key', 'storage_size']
[09:03]   [ComfyUI] [worker:ComfyUI-SAM3DBody] [comfy-env] DESERIALIZE TensorRef: tensor_size=[3]
[09:03]   [ComfyUI] [worker:ComfyUI-SAM3DBody] [comfy-env] DESERIALIZED tensor shape: torch.Size([3])
[09:03]   [ComfyUI] [worker:ComfyUI-SAM3DBody] [comfy-env] _from_shm got dict with keys: ['__type__', 'strategy', 'manager_path', 'storage_key', 'storage_size']
[09:03]   [ComfyUI] [worker:ComfyUI-SAM3DBody] [comfy-env] DESERIALIZE TensorRef: tensor_size=[266]
[09:03]   [ComfyUI] [worker:ComfyUI-SAM3DBody] [comfy-env] DESERIALIZED tensor shape: torch.Size([266])
[09:03]   [ComfyUI] [worker:ComfyUI-SAM3DBody] [comfy-env] _from_shm got dict with keys: ['__type__', 'strategy', 'manager_path', 'storage_key', 'storage_size']
[09:03]   [ComfyUI] [worker:ComfyUI-SAM3DBody] [comfy-env] DESERIALIZE TensorRef: tensor_size=[3]
[09:03]   [ComfyUI] [worker:ComfyUI-SAM3DBody] [comfy-env] DESERIALIZED tensor shape: torch.Size([3])
[09:03]   [ComfyUI] [worker:ComfyUI-SAM3DBody] [comfy-env] _from_shm got dict with keys: ['__type__', 'strategy', 'manager_path', 'storage_key', 'storage_size']
[09:03]   [ComfyUI] [worker:ComfyUI-SAM3DBody] [comfy-env] DESERIALIZE TensorRef: tensor_size=[133]
[09:03]   [ComfyUI] [worker:ComfyUI-SAM3DBody] [comfy-env] DESERIALIZED tensor shape: torch.Size([133])
[09:03]   [ComfyUI] [worker:ComfyUI-SAM3DBody] [comfy-env] _from_shm got dict with keys: ['__type__', 'strategy', 'manager_path', 'storage_key', 'storage_size']
[09:03]   [ComfyUI] [worker:ComfyUI-SAM3DBody] [comfy-env] DESERIALIZE TensorRef: tensor_size=[108]
[09:03]   [ComfyUI] [worker:ComfyUI-SAM3DBody] [comfy-env] DESERIALIZED tensor shape: torch.Size([108])
[09:03]   [ComfyUI] [worker:ComfyUI-SAM3DBody] [comfy-env] _from_shm got dict with keys: ['__type__', 'strategy', 'manager_path', 'storage_key', 'storage_size']
[09:03]   [ComfyUI] [worker:ComfyUI-SAM3DBody] [comfy-env] DESERIALIZE TensorRef: tensor_size=[28]
[09:03]   [ComfyUI] [worker:ComfyUI-SAM3DBody] [comfy-env] DESERIALIZED tensor shape: torch.Size([28])
[09:03]   [ComfyUI] [worker:ComfyUI-SAM3DBody] [comfy-env] _from_shm got dict with keys: ['__type__', 'strategy', 'manager_path', 'storage_key', 'storage_size']
[09:03]   [ComfyUI] [worker:ComfyUI-SAM3DBody] [comfy-env] DESERIALIZE TensorRef: tensor_size=[45]
[09:03]   [ComfyUI] [worker:ComfyUI-SAM3DBody] [comfy-env] DESERIALIZED tensor shape: torch.Size([45])
[09:03]   [ComfyUI] [worker:ComfyUI-SAM3DBody] [comfy-env] _from_shm got dict with keys: ['__type__', 'strategy', 'manager_path', 'storage_key', 'storage_size']
[09:03]   [ComfyUI] [worker:ComfyUI-SAM3DBody] [comfy-env] DESERIALIZE TensorRef: tensor_size=[72]
[09:03]   [ComfyUI] [worker:ComfyUI-SAM3DBody] [comfy-env] DESERIALIZED tensor shape: torch.Size([72])
[09:03]   [ComfyUI] [worker:ComfyUI-SAM3DBody] [comfy-env] _from_shm got dict with keys: ['__type__', 'strategy', 'manager_path', 'storage_key', 'storage_size']
[09:03]   [ComfyUI] [worker:ComfyUI-SAM3DBody] [comfy-env] DESERIALIZE TensorRef: tensor_size=[720, 1280, 1]
[09:03]   [ComfyUI] [worker:ComfyUI-SAM3DBody] [comfy-env] DESERIALIZED tensor shape: torch.Size([720, 1280, 1])
[09:03]   [ComfyUI] [worker:ComfyUI-SAM3DBody] [comfy-env] _from_shm got dict with keys: ['__type__', 'strategy', 'manager_path', 'storage_key', 'storage_size']
[09:03]   [ComfyUI] [worker:ComfyUI-SAM3DBody] [comfy-env] DESERIALIZE TensorRef: tensor_size=[127, 3]
[09:03]   [ComfyUI] [worker:ComfyUI-SAM3DBody] [comfy-env] DESERIALIZED tensor shape: torch.Size([127, 3])
[09:03]   [ComfyUI] [worker:ComfyUI-SAM3DBody] [comfy-env] _from_shm got dict with keys: ['__type__', 'strategy', 'manager_path', 'storage_key', 'storage_size']
[09:03]   [ComfyUI] [worker:ComfyUI-SAM3DBody] [comfy-env] DESERIALIZE TensorRef: tensor_size=[127, 3, 3]
[09:03]   [ComfyUI] [worker:ComfyUI-SAM3DBody] [comfy-env] DESERIALIZED tensor shape: torch.Size([127, 3, 3])
': 1} eval_ms=4 ram=10.8/31.9GB (34%) swap=1.0/10.5GB (9%) cpu=10% browser_rss=0.66GB
[09:03]   [ComfyUI] [worker:ComfyUI-SAM3DBody] [comfy-env] _from_shm got dict with keys: ['__type__', 'strategy', 'manager_path', 'storage_key', 'storage_size']
[09:03]   [ComfyUI] [worker:ComfyUI-SAM3DBody] [comfy-env] DESERIALIZE TensorRef: tensor_size=[4]
[09:03]   [ComfyUI] [worker:ComfyUI-SAM3DBody] [comfy-env] DESERIALIZED tensor shape: torch.Size([4])
[09:03]   [ComfyUI] [worker:ComfyUI-SAM3DBody] [comfy-env] _from_shm got dict with keys: ['__type__', 'strategy', 'manager_path', 'storage_key', 'storage_size']
[09:03]   [ComfyUI] [worker:ComfyUI-SAM3DBody] [comfy-env] DESERIALIZE TensorRef: tensor_size=[4]
[09:03]   [ComfyUI] [worker:ComfyUI-SAM3DBody] [comfy-env] DESERIALIZED tensor shape: torch.Size([4])
[09:03]   [ComfyUI] [worker:ComfyUI-SAM3DBody] [comfy-env] _from_shm got dict with keys: ['__type__', 'strategy', 'manager_path', 'storage_key', 'storage_size']
[09:03]   [ComfyUI] [worker:ComfyUI-SAM3DBody] [comfy-env] DESERIALIZE TensorRef: tensor_size=[36874, 3]
[09:03]   [ComfyUI] [worker:ComfyUI-SAM3DBody] [comfy-env] DESERIALIZED tensor shape: torch.Size([36874, 3])
[09:08]   [ComfyUI] [SubprocessWorker] callback 'report_progress' from call_id=3
[09:08]   [ComfyUI] [SubprocessWorker] callback 'report_progress' from call_id=3
[09:09]   [ComfyUI] [SubprocessWorker] callback 'report_progress' from call_id=3
[09:09]   [capture-loop] iter=600 t=74.3s state={'complete': False, 'error': None, 'executedCount': 0, 'wsState': 1} eval_ms=5 ram=11.4/31.9GB (36%) swap=1.0/10.5GB (9%) cpu=4% browser_rss=0.66GB
[09:09]   [ComfyUI] [SubprocessWorker] callback 'report_progress' from call_id=3
[09:09]   [ComfyUI] [SubprocessWorker] callback 'report_progress' from call_id=3
[09:09]   [ComfyUI] [SubprocessWorker] callback 'report_progress' from call_id=3
[09:10]   Frame 8 saved (frame_007.jpg, t=75.2s)
[09:10]   [capture-periodic] freeze=4ms shot=121ms unfreeze=6ms saved=True
[09:15]   [capture-loop] iter=650 t=80.4s state={'complete': False, 'error': None, 'executedCount': 0, 'wsState': 1} eval_ms=4 ram=11.5/31.9GB (36%) swap=1.0/10.5GB (9%) cpu=6% browser_rss=0.65GB
[09:15]   [ComfyUI] [worker:ComfyUI-SAM3DBody]
[09:15]   [ComfyUI] FBX export starting... 'C:\\workspaces\\SAM3DBody-2346\\ComfyUI\\output\\sam3d_multi_rigged.fbx'
[09:15]   [ComfyUI] [worker:ComfyUI-SAM3DBody] (bpy.data.armatures['SAM3D_Skeleton_0'], 'POSE')
[09:15]   [ComfyUI] [worker:ComfyUI-SAM3DBody] (bpy.data.armatures['SAM3D_Skeleton_1'], 'POSE')
[09:15]   [ComfyUI] [worker:ComfyUI-SAM3DBody] (bpy.data.armatures['SAM3D_Skeleton_2'], 'POSE')
[09:15]   [ComfyUI] [worker:ComfyUI-SAM3DBody] (bpy.data.armatures['SAM3D_Skeleton_3'], 'POSE')
[09:15]   [ComfyUI] [worker:ComfyUI-SAM3DBody] (bpy.data.armatures['SAM3D_Skeleton_4'], 'POSE')
[09:15]   [ComfyUI] [worker:ComfyUI-SAM3DBody] (bpy.data.armatures['SAM3D_Skeleton_5'], 'POSE')
[09:17]   [ComfyUI] [worker:ComfyUI-SAM3DBody] export finished in 2.3750 sec.
[09:17]   [ComfyUI] [SubprocessWorker] got response: ok
[09:17]   [ComfyUI] [comfy-env] SAM3DBodyExportMultipleFBX done (16.15s): result: NodeOutput
[09:17]   [ComfyUI] [VRAM] After SAM3DBodyExportMultipleFBX: 1042 / 12287 MB
[09:17]   [ComfyUI] [VRAM] Loaded: SubprocessModel (3143 MB)
[09:17]   [ComfyUI] Prompt executed in 82.33 seconds
[09:17]   Node executed (1 total), capturing...
[09:27]   Frame 9 saved (frame_008.jpg, t=82.8s)
[09:27]   [capture-node] freeze=4804ms shot=5069ms unfreeze=5ms saved=True
[09:27]   Node executed (2 total), capturing...
[09:28]   [capture-node] freeze=4ms shot=109ms unfreeze=0ms saved=False
[09:28]   Execution complete (t=93.0s)
[09:28]   [3d-wait] Phase 1: Waiting for 'Loading 3D Model' text to disappear...
[10:28]   [3d-wait] Phase 1 exception after 60.0s: Page.wait_for_function: Timeout 60000ms exceeded.
[10:28]   [3d-wait] Phase 2: iframes=0
[10:28]   [3d-wait] Total 3D wait: 60.0s
[10:28]   Captured 9 unique frames over 153.14s
[10:28]   [debug] iframes: 0
[10:28]   [timing] trigger_3d_previews: 0.0s
[10:30]   Saved high-quality screenshot: multiple_masks_executed.png
[10:30]   [timing] final_screenshot: 0.4s
[10:30]   [ComfyUI] [comfy-env] [VRAM] Before offload 'SAM3DBody_1' (3143 MB) -> cpu: 1042 / 12287 MB
[10:30]   [ComfyUI] [ComfyUI-SAM3DBody] Health check: ping (timeout=5.0s)...
[10:30] Capturing execution frames: multiple_masks_depthcorrected.json
[10:30]   [ComfyUI] [ComfyUI-SAM3DBody] Health check: failed
[10:30]   [ComfyUI] [ComfyUI-SAM3DBody] Socket unhealthy, restarting worker...
[10:30]   [ComfyUI] [comfy-env] Invalidated 1 stale model patchers (will be cleaned up during next unload)
[10:30]   [ComfyUI] [ComfyUI-SAM3DBody] python: C:\ce\.pixi\envs\sam3dbody-nodes\python.exe
[10:30]   [ComfyUI] [comfy-env] sam3dbody-nodes: Library/bin has 234 DLLs
[10:30]   [ComfyUI] [ComfyUI-SAM3DBody] sys_path sent to worker: ['C:\\workspaces\\SAM3DBody-2346\\ComfyUI', 'C:\\workspaces\\SAM3DBody-2346\\ComfyUI\\custom_nodes\\ComfyUI-SAM3DBody', 'C:\\ce\\.pixi\\envs\\sam3dbody-nodes\\Lib\\site-packages', 'C:\\workspaces\\SAM3DBody-2346\\ComfyUI\\custom_nodes\\ComfyUI-SAM3DBody']
[10:30]   [ComfyUI] [SubprocessWorker] is_pixi=True, python=C:\ce\.pixi\envs\sam3dbody-nodes\python.exe
[10:30]   [ComfyUI] [SubprocessWorker] launching cmd=['C:\\Users\\ContainerAdministrator\\.pixi\\bin\\pixi.exe', 'run', '--as-is', '--manifest-path', 'C:\\ce\\pixi.toml', '-e', 'sam3dbody-nodes', 'python', 'C:\\Users\\ContainerAdministrator\\AppData\\Local\\Temp\\comfyui_pvenv_y99ukr6l\\persistent_worker.py', 'tcp://127.0.0.1:56270']...
[10:34]   [ComfyUI] [worker:ComfyUI-SAM3DBody] ERROR: Failed to import comfy_kitchen, Error: No module named 'comfy_kitchen', fp8 and fp4 support will not be available.
[10:34]   [ComfyUI] [SubprocessWorker] call_id=4 sending model_to_device
[10:34]   [ComfyUI] Model 'SAM3DBody_1' gone from worker (restarted?), treating as offloaded
[10:34]   [ComfyUI] [comfy-env] [VRAM] After offload 'SAM3DBody_1' (3143 MB): 1042 / 12287 MB
[10:50]   Frame 1 saved (frame_000.jpg, t=0.0s)
[10:50]   Validating workflow...
[10:50]   Validation failed: graphToPrompt produced nodes without class_type: graphToPrompt: 16 nodes, missing class_type: [40,41], sample: {"inputs":{"images":["16",1]},"class_type":"PreviewImage","_meta":{"title":"Preview Image"}}
[10:51]   [3/5] SKIPPED (not in gpu list) rigged_mesh_manipulation.json
[10:51] Capturing execution frames: rigging.json
[11:08]   Frame 1 saved (frame_000.jpg, t=0.0s)
[11:08]   Validating workflow...
[11:08]   [ComfyUI] === /validate endpoint called ===
[11:08]   [ComfyUI] Received JSON with keys: ['prompt']
[11:08]   [ComfyUI] Prompt has 6 nodes
[11:08]   [ComfyUI]   Node 3: LoadImage
[11:08]   [ComfyUI]     Inputs: {"image": "masked_dancing.png"}
[11:08]   Queuing workflow for execution...
[11:08]   [ComfyUI]   Node 4: PreviewImage
[11:08]   [ComfyUI]     Inputs: {"images": ["10", 2]}
[11:08]   [ComfyUI]   Node 10: SAM3DBodyProcess
[11:08]   [ComfyUI]     Inputs: {"bbox_threshold": 0.8, "inference_type": "full", "model": ["15", 0], "image": ["3", 0], "mask": ["3", 1]}
[11:08]   [ComfyUI]   Node 12: SAM3DBodyExportFBX
[11:08]   [ComfyUI]     Inputs: {"output_filename": "sam3d_rigged.fbx", "mesh_data": ["10", 0]}
[11:08]   [ComfyUI]   Node 13: SAM3DBodyPreviewRiggedMesh
[11:08]   [ComfyUI]     Inputs: {"fbx_output_path": ["12", 0], "preview": ""}
[11:08]   [ComfyUI]   Node 15: LoadSAM3DBodyModel
[11:08]   [ComfyUI]     Inputs: {"precision": "auto"}
[11:08]   [ComfyUI] Generated prompt_id: a8bdc9bb-83ea-4419-a9a7-6f77fa502f9c
[11:08]   [ComfyUI] Calling execution.validate_prompt()...
[11:08]   [ComfyUI] Validation result: valid=True
[11:08]   [ComfyUI] === Validation PASSED ===
[11:08]   [ComfyUI] got prompt
[11:08]   [ComfyUI] [comfy-env] Running LoadSAM3DBodyModel: precision: 'auto'
[11:08]   [ComfyUI] [VRAM] Before LoadSAM3DBodyModel: 1042 / 12287 MB
[11:08]   [ComfyUI] [SubprocessWorker] call_method: nodes.load_model.LoadSAM3DBodyModel.EXECUTE_NORMALIZED
[11:08]   [ComfyUI] [SubprocessWorker] acquired lock, ensuring started...
[11:08]   [ComfyUI] [ComfyUI-SAM3DBody] Health check: ping (timeout=5.0s)...
[11:08]   [ComfyUI] [ComfyUI-SAM3DBody] Health check: ok
[11:08]   [ComfyUI] [SubprocessWorker] worker started/confirmed
[11:08]   [ComfyUI] [SubprocessWorker] serializing kwargs to shm...
[11:08]   [ComfyUI] [SubprocessWorker] created 0 shm blocks
[11:08]   [ComfyUI] [SubprocessWorker] sending request via socket...
[11:08]   [ComfyUI] [SubprocessWorker] call_id=5 sending call_method
[11:08]   [ComfyUI] [SubprocessWorker] got response: ok
[11:08]   [ComfyUI] [comfy-env] [VRAM] Before offload 'SAM3DBody_1' (3143 MB) -> cpu: 1042 / 12287 MB
[11:08]   [ComfyUI] [ComfyUI-SAM3DBody] Health check: ping (timeout=5.0s)...
[11:08]   [ComfyUI] [ComfyUI-SAM3DBody] Health check: ok
[11:08]   [ComfyUI] [SubprocessWorker] call_id=6 sending model_to_device
[11:08]   [ComfyUI] Model 'SAM3DBody_1' gone from worker (restarted?), treating as offloaded
[11:08]   [ComfyUI] [comfy-env] [VRAM] After offload 'SAM3DBody_1' (3143 MB): 1042 / 12287 MB
[11:08]   [ComfyUI] [comfy-env] LoadSAM3DBodyModel done (0.33s): result: NodeOutput
[11:08]   [ComfyUI] [VRAM] After LoadSAM3DBodyModel: 1042 / 12287 MB
[11:08]   [ComfyUI] [comfy-env] Running SAM3DBodyProcess: bbox_threshold: 0.8, inference_type: 'full', model: dict, image: torch.float32 [1,1500,2250,3] cpu, mask: torch.float32 [1,1500,2250] cpu
[11:08]   [ComfyUI] [VRAM] Before SAM3DBodyProcess: 1042 / 12287 MB
[11:08]   [ComfyUI] [SubprocessWorker] call_method: nodes.process.SAM3DBodyProcess.EXECUTE_NORMALIZED
[11:08]   [ComfyUI] [SubprocessWorker] acquired lock, ensuring started...
[11:08]   [ComfyUI] [ComfyUI-SAM3DBody] Health check: ping (timeout=5.0s)...
[11:08]   [ComfyUI] [ComfyUI-SAM3DBody] Health check: ok
[11:08]   [ComfyUI] [SubprocessWorker] worker started/confirmed
[11:08]   [ComfyUI] [comfy-env] PRE-SERIALIZE 'image' shape: torch.Size([1, 1500, 2250, 3])
[11:08]   [ComfyUI] [comfy-env] PRE-SERIALIZE 'mask' shape: torch.Size([1, 1500, 2250])
[11:08]   [ComfyUI] [SubprocessWorker] serializing kwargs to shm...
[11:08]   [ComfyUI] [SubprocessWorker] created 0 shm blocks
[11:08]   [ComfyUI] [SubprocessWorker] sending request via socket...
[11:09]   [ComfyUI] [SubprocessWorker] call_id=7 sending call_method
[11:09]   [ComfyUI] [worker:ComfyUI-SAM3DBody] [comfy-env] _from_shm got dict with keys: ['__type__', 'strategy', 'manager_path', 'storage_key', 'storage_size']
[11:09]   [ComfyUI] [worker:ComfyUI-SAM3DBody] [comfy-env] DESERIALIZE TensorRef: tensor_size=[1, 1500, 2250, 3]
[11:09]   [ComfyUI] [worker:ComfyUI-SAM3DBody] [comfy-env] DESERIALIZED tensor shape: torch.Size([1, 1500, 2250, 3])
[11:09]   [ComfyUI] [worker:ComfyUI-SAM3DBody] [comfy-env] _from_shm got dict with keys: ['__type__', 'strategy', 'manager_path', 'storage_key', 'storage_size']
[11:09]   [ComfyUI] [worker:ComfyUI-SAM3DBody] [comfy-env] DESERIALIZE TensorRef: tensor_size=[1, 1500, 2250]
[11:09]   [ComfyUI] [worker:ComfyUI-SAM3DBody] [comfy-env] DESERIALIZED tensor shape: torch.Size([1, 1500, 2250])
[11:10]   Frame 2 saved (frame_001.jpg, t=2.4s)
[11:10]   [capture-periodic] freeze=11ms shot=109ms unfreeze=6ms saved=True
[11:11]   [ComfyUI] C:\workspaces\SAM3DBody-2346\ComfyUI\custom_nodes\ComfyUI-SAM3DBody\nodes\sam_3d_body\heads.py:40: UserWarning: Momentum is not enabled
[11:11]   [ComfyUI]   warnings.warn("Momentum is not enabled")
[11:11]   [ComfyUI] [worker:ComfyUI-SAM3DBody] WARNING: No comfy kitchen, using old apply_rope functions.
[11:12]   Frame 3 saved (frame_002.jpg, t=4.5s)
[11:12]   [capture-periodic] freeze=9ms shot=124ms unfreeze=5ms saved=True
[11:14]   [ComfyUI] [SubprocessWorker] callback 'request_vram_budget' from call_id=7
[11:14]   [ComfyUI] [comfy-env] VRAM request: 3.30GB, free before eviction: 11.79GB
[11:14]   [ComfyUI] [comfy-env] VRAM after eviction: 11.79GB
[11:14]   [ComfyUI] [worker:ComfyUI-SAM3DBody] [VRAM] +633MB (now 633MB) reserved=640MB peak=633MB
[11:14]   [capture-loop] iter=50 t=6.8s state={'complete': False, 'error': None, 'executedCount': 0, 'wsState': 1} eval_ms=5 ram=10.3/31.9GB (32%) swap=1.0/10.5GB (9%) cpu=5% browser_rss=0.93GB
[11:15]   [ComfyUI] [worker:ComfyUI-SAM3DBody] [VRAM] +1546MB (now 2179MB) reserved=2208MB peak=2179MB
[11:16]   [ComfyUI] [worker:ComfyUI-SAM3DBody] [VRAM] +963MB (now 3143MB) reserved=3168MB peak=3143MB
[11:21]   [capture-loop] iter=100 t=13.2s state={'complete': False, 'error': None, 'executedCount': 0, 'wsState': 1} eval_ms=10 ram=10.4/31.9GB (33%) swap=1.0/10.5GB (9%) cpu=14% browser_rss=0.92GB
[11:22]   [ComfyUI] [SubprocessWorker] got response: ok
[11:22]   [ComfyUI] [comfy-env] Created 1 model patchers: ['SAM3DBody_1']
[11:22]   [ComfyUI] [comfy-env] SAM3DBodyProcess done (13.41s): result: NodeOutput
[11:22]   [ComfyUI] [VRAM] After SAM3DBodyProcess: 1042 / 12287 MB
[11:22]   [ComfyUI] [VRAM] Loaded: SubprocessModel (3143 MB)
[11:22]   [ComfyUI] [comfy-env] Running SAM3DBodyExportFBX: output_filename: 'sam3d_rigged.fbx', mesh_data: dict
[11:22]   [ComfyUI] [VRAM] Before SAM3DBodyExportFBX: 1042 / 12287 MB
[11:22]   [ComfyUI] [VRAM] Loaded: SubprocessModel (3143 MB)
[11:22]   [ComfyUI] [SubprocessWorker] call_method: nodes.export.SAM3DBodyExportFBX.EXECUTE_NORMALIZED
[11:22]   [ComfyUI] [SubprocessWorker] acquired lock, ensuring started...
[11:22]   [ComfyUI] [ComfyUI-SAM3DBody] Health check: ping (timeout=5.0s)...
[11:22]   [ComfyUI] [ComfyUI-SAM3DBody] Health check: ok
[11:22]   [ComfyUI] [SubprocessWorker] worker started/confirmed
[11:22]   [ComfyUI] [SubprocessWorker] serializing kwargs to shm...
[11:22]   [ComfyUI] [SubprocessWorker] created 0 shm blocks
[11:22]   [ComfyUI] [SubprocessWorker] sending request via socket...
[11:22]   [ComfyUI] [SubprocessWorker] call_id=8 sending call_method
[11:22]   [ComfyUI] [worker:ComfyUI-SAM3DBody] [comfy-env] _from_shm got dict with keys: ['__type__', 'strategy', 'manager_path', 'storage_key', 'storage_size']
[11:22]   [ComfyUI] [worker:ComfyUI-SAM3DBody] [comfy-env] DESERIALIZE TensorRef: tensor_size=[18439, 3]
[11:22]   [ComfyUI] [worker:ComfyUI-SAM3DBody] [comfy-env] DESERIALIZED tensor shape: torch.Size([18439, 3])
[11:22]   [ComfyUI] [worker:ComfyUI-SAM3DBody] [comfy-env] _from_shm got dict with keys: ['__type__', 'strategy', 'manager_path', 'storage_key', 'storage_size']
[11:22]   [ComfyUI] [worker:ComfyUI-SAM3DBody] [comfy-env] DESERIALIZE TensorRef: tensor_size=[36874, 3]
[11:22]   [ComfyUI] [worker:ComfyUI-SAM3DBody] [comfy-env] DESERIALIZED tensor shape: torch.Size([36874, 3])
[11:22]   [ComfyUI] [worker:ComfyUI-SAM3DBody] [comfy-env] _from_shm got dict with keys: ['__type__', 'strategy', 'manager_path', 'storage_key', 'storage_size']
[11:22]   [ComfyUI] [worker:ComfyUI-SAM3DBody] [comfy-env] DESERIALIZE TensorRef: tensor_size=[70, 3]
[11:22]   [ComfyUI] [worker:ComfyUI-SAM3DBody] [comfy-env] DESERIALIZED tensor shape: torch.Size([70, 3])
[11:22]   [ComfyUI] [worker:ComfyUI-SAM3DBody] [comfy-env] _from_shm got dict with keys: ['__type__', 'strategy', 'manager_path', 'storage_key', 'storage_size']
[11:22]   [ComfyUI] [worker:ComfyUI-SAM3DBody] [comfy-env] DESERIALIZE TensorRef: tensor_size=[127, 3]
[11:22]   [ComfyUI] [worker:ComfyUI-SAM3DBody] [comfy-env] DESERIALIZED tensor shape: torch.Size([127, 3])
[11:22]   [ComfyUI] [worker:ComfyUI-SAM3DBody] [comfy-env] _from_shm got dict with keys: ['__type__', 'strategy', 'manager_path', 'storage_key', 'storage_size']
[11:22]   [ComfyUI] [worker:ComfyUI-SAM3DBody] [comfy-env] DESERIALIZE TensorRef: tensor_size=[127, 3, 3]
[11:22]   [ComfyUI] [worker:ComfyUI-SAM3DBody] [comfy-env] DESERIALIZED tensor shape: torch.Size([127, 3, 3])
[11:22]   [ComfyUI] [worker:ComfyUI-SAM3DBody] [comfy-env] _from_shm got dict with keys: ['__type__', 'strategy', 'manager_path', 'storage_key', 'storage_size']
[11:22]   [ComfyUI] [worker:ComfyUI-SAM3DBody] [comfy-env] DESERIALIZE TensorRef: tensor_size=[3]
[11:22]   [ComfyUI] [worker:ComfyUI-SAM3DBody] [comfy-env] DESERIALIZED tensor shape: torch.Size([3])
[11:22]   [ComfyUI] [worker:ComfyUI-SAM3DBody] [comfy-env] _from_shm got dict with keys: ['__type__', 'strategy', 'manager_path', 'storage_key', 'storage_size']
[11:22]   [ComfyUI] [worker:ComfyUI-SAM3DBody] [comfy-env] DESERIALIZE TensorRef: tensor_size=[4]
[11:22]   [ComfyUI] [worker:ComfyUI-SAM3DBody] [comfy-env] DESERIALIZED tensor shape: torch.Size([4])
[11:22]   [ComfyUI] [worker:ComfyUI-SAM3DBody] [comfy-env] _from_shm got dict with keys: ['__type__', 'strategy', 'manager_path', 'storage_key', 'storage_size']
[11:22]   [ComfyUI] [worker:ComfyUI-SAM3DBody] [comfy-env] DESERIALIZE TensorRef: tensor_size=[133]
[11:22]   [ComfyUI] [worker:ComfyUI-SAM3DBody] [comfy-env] DESERIALIZED tensor shape: torch.Size([133])
[11:22]   [ComfyUI] [worker:ComfyUI-SAM3DBody] [comfy-env] _from_shm got dict with keys: ['__type__', 'strategy', 'manager_path', 'storage_key', 'storage_size']
[11:22]   [ComfyUI] [worker:ComfyUI-SAM3DBody] [comfy-env] DESERIALIZE TensorRef: tensor_size=[108]
[11:22]   [ComfyUI] [worker:ComfyUI-SAM3DBody] [comfy-env] DESERIALIZED tensor shape: torch.Size([108])
[11:22]   [ComfyUI] [worker:ComfyUI-SAM3DBody] [comfy-env] _from_shm got dict with keys: ['__type__', 'strategy', 'manager_path', 'storage_key', 'storage_size']
[11:22]   [ComfyUI] [worker:ComfyUI-SAM3DBody] [comfy-env] DESERIALIZE TensorRef: tensor_size=[3]
[11:22]   [ComfyUI] [worker:ComfyUI-SAM3DBody] [comfy-env] DESERIALIZED tensor shape: torch.Size([3])
[11:22]   [ComfyUI] [worker:ComfyUI-SAM3DBody] [comfy-env] _from_shm got dict with keys: ['__type__', 'strategy', 'manager_path', 'storage_key', 'storage_size']
[11:22]   [ComfyUI] [worker:ComfyUI-SAM3DBody] [comfy-env] DESERIALIZE TensorRef: tensor_size=[45]
[11:22]   [ComfyUI] [worker:ComfyUI-SAM3DBody] [comfy-env] DESERIALIZED tensor shape: torch.Size([45])
[11:22]   [ComfyUI] [worker:ComfyUI-SAM3DBody] [comfy-env] _from_shm got dict with keys: ['__type__', 'strategy', 'manager_path', 'storage_key', 'storage_size']
[11:22]   [ComfyUI] [worker:ComfyUI-SAM3DBody] [comfy-env] DESERIALIZE TensorRef: tensor_size=[28]
[11:22]   [ComfyUI] [worker:ComfyUI-SAM3DBody] [comfy-env] DESERIALIZED tensor shape: torch.Size([28])
[11:22]   [ComfyUI] [worker:ComfyUI-SAM3DBody] [comfy-env] _from_shm got dict with keys: ['__type__', 'strategy', 'manager_path', 'storage_key', 'storage_size']
[11:22]   [ComfyUI] [worker:ComfyUI-SAM3DBody] [comfy-env] DESERIALIZE TensorRef: tensor_size=[72]
[11:22]   [ComfyUI] [worker:ComfyUI-SAM3DBody] [comfy-env] DESERIALIZED tensor shape: torch.Size([72])
[11:22]   [ComfyUI] [worker:ComfyUI-SAM3DBody] [comfy-env] _from_shm got dict with keys: ['__type__', 'strategy', 'manager_path', 'storage_key', 'storage_size']
[11:22]   [ComfyUI] [worker:ComfyUI-SAM3DBody] [comfy-env] DESERIALIZE TensorRef: tensor_size=[4]
[11:22]   [ComfyUI] [worker:ComfyUI-SAM3DBody] [comfy-env] DESERIALIZED tensor shape: torch.Size([4])
[11:22]   [ComfyUI] [worker:ComfyUI-SAM3DBody] [comfy-env] _from_shm got dict with keys: ['__type__', 'strategy', 'manager_path', 'storage_key', 'storage_size']
[11:22]   [ComfyUI] [worker:ComfyUI-SAM3DBody] [comfy-env] DESERIALIZE TensorRef: tensor_size=[70, 3]
[11:22]   [ComfyUI] [worker:ComfyUI-SAM3DBody] [comfy-env] DESERIALIZED tensor shape: torch.Size([70, 3])
[11:22]   [ComfyUI] [worker:ComfyUI-SAM3DBody] [comfy-env] _from_shm got dict with keys: ['__type__', 'strategy', 'manager_path', 'storage_key', 'storage_size']
[11:22]   [ComfyUI] [worker:ComfyUI-SAM3DBody] [comfy-env] DESERIALIZE TensorRef: tensor_size=[70, 2]
[11:22]   [ComfyUI] [worker:ComfyUI-SAM3DBody] [comfy-env] DESERIALIZED tensor shape: torch.Size([70, 2])
[11:22]   [ComfyUI] [worker:ComfyUI-SAM3DBody] [comfy-env] _from_shm got dict with keys: ['__type__', 'strategy', 'manager_path', 'storage_key', 'storage_size']
[11:22]   [ComfyUI] [worker:ComfyUI-SAM3DBody] [comfy-env] DESERIALIZE TensorRef: tensor_size=[18439, 3]
[11:22]   [ComfyUI] [worker:ComfyUI-SAM3DBody] [comfy-env] DESERIALIZED tensor shape: torch.Size([18439, 3])
[11:22]   [ComfyUI] [worker:ComfyUI-SAM3DBody] [comfy-env] _from_shm got dict with keys: ['__type__', 'strategy', 'manager_path', 'storage_key', 'storage_size']
[11:22]   [ComfyUI] [worker:ComfyUI-SAM3DBody] [comfy-env] DESERIALIZE TensorRef: tensor_size=[3]
[11:22]   [ComfyUI] [worker:ComfyUI-SAM3DBody] [comfy-env] DESERIALIZED tensor shape: torch.Size([3])
[11:22]   [ComfyUI] [worker:ComfyUI-SAM3DBody] [comfy-env] _from_shm got dict with keys: ['__type__', 'strategy', 'manager_path', 'storage_key', 'storage_size']
[11:22]   [ComfyUI] [worker:ComfyUI-SAM3DBody] [comfy-env] DESERIALIZE TensorRef: tensor_size=[266]
[11:22]   [ComfyUI] [worker:ComfyUI-SAM3DBody] [comfy-env] DESERIALIZED tensor shape: torch.Size([266])
[11:22]   [ComfyUI] [worker:ComfyUI-SAM3DBody] [comfy-env] _from_shm got dict with keys: ['__type__', 'strategy', 'manager_path', 'storage_key', 'storage_size']
[11:22]   [ComfyUI] [worker:ComfyUI-SAM3DBody] [comfy-env] DESERIALIZE TensorRef: tensor_size=[3]
[11:22]   [ComfyUI] [worker:ComfyUI-SAM3DBody] [comfy-env] DESERIALIZED tensor shape: torch.Size([3])
[11:22]   [ComfyUI] [worker:ComfyUI-SAM3DBody] [comfy-env] _from_shm got dict with keys: ['__type__', 'strategy', 'manager_path', 'storage_key', 'storage_size']
[11:22]   [ComfyUI] [worker:ComfyUI-SAM3DBody] [comfy-env] DESERIALIZE TensorRef: tensor_size=[133]
[11:22]   [ComfyUI] [worker:ComfyUI-SAM3DBody] [comfy-env] DESERIALIZED tensor shape: torch.Size([133])
[11:22]   [ComfyUI] [worker:ComfyUI-SAM3DBody] [comfy-env] _from_shm got dict with keys: ['__type__', 'strategy', 'manager_path', 'storage_key', 'storage_size']
[11:22]   [ComfyUI] [worker:ComfyUI-SAM3DBody] [comfy-env] DESERIALIZE TensorRef: tensor_size=[108]
[11:22]   [ComfyUI] [worker:ComfyUI-SAM3DBody] [comfy-env] DESERIALIZED tensor shape: torch.Size([108])
[11:22]   [ComfyUI] [worker:ComfyUI-SAM3DBody] [comfy-env] _from_shm got dict with keys: ['__type__', 'strategy', 'manager_path', 'storage_key', 'storage_size']
[11:22]   [ComfyUI] [worker:ComfyUI-SAM3DBody] [comfy-env] DESERIALIZE TensorRef: tensor_size=[28]
[11:22]   [ComfyUI] [worker:ComfyUI-SAM3DBody] [comfy-env] DESERIALIZED tensor shape: torch.Size([28])
[11:22]   [ComfyUI] [worker:ComfyUI-SAM3DBody] [comfy-env] _from_shm got dict with keys: ['__type__', 'strategy', 'manager_path', 'storage_key', 'storage_size']
[11:22]   [ComfyUI] [worker:ComfyUI-SAM3DBody] [comfy-env] DESERIALIZE TensorRef: tensor_size=[45]
[11:22]   [ComfyUI] [worker:ComfyUI-SAM3DBody] [comfy-env] DESERIALIZED tensor shape: torch.Size([45])
[11:22]   [ComfyUI] [worker:ComfyUI-SAM3DBody] [comfy-env] _from_shm got dict with keys: ['__type__', 'strategy', 'manager_path', 'storage_key', 'storage_size']
[11:22]   [ComfyUI] [worker:ComfyUI-SAM3DBody] [comfy-env] DESERIALIZE TensorRef: tensor_size=[72]
[11:22]   [ComfyUI] [worker:ComfyUI-SAM3DBody] [comfy-env] DESERIALIZED tensor shape: torch.Size([72])
[11:22]   [ComfyUI] [worker:ComfyUI-SAM3DBody] [comfy-env] _from_shm got dict with keys: ['__type__', 'strategy', 'manager_path', 'storage_key', 'storage_size']
[11:22]   [ComfyUI] [worker:ComfyUI-SAM3DBody] [comfy-env] DESERIALIZE TensorRef: tensor_size=[1500, 2250, 1]
[11:22]   [ComfyUI] [worker:ComfyUI-SAM3DBody] [comfy-env] DESERIALIZED tensor shape: torch.Size([1500, 2250, 1])
[11:22]   [ComfyUI] [worker:ComfyUI-SAM3DBody] [comfy-env] _from_shm got dict with keys: ['__type__', 'strategy', 'manager_path', 'storage_key', 'storage_size']
[11:22]   [ComfyUI] [worker:ComfyUI-SAM3DBody] [comfy-env] DESERIALIZE TensorRef: tensor_size=[127, 3]
[11:22]   [ComfyUI] [worker:ComfyUI-SAM3DBody] [comfy-env] DESERIALIZED tensor shape: torch.Size([127, 3])
[11:22]   [ComfyUI] [worker:ComfyUI-SAM3DBody] [comfy-env] _from_shm got dict with keys: ['__type__', 'strategy', 'manager_path', 'storage_key', 'storage_size']
[11:22]   [ComfyUI] [worker:ComfyUI-SAM3DBody] [comfy-env] DESERIALIZE TensorRef: tensor_size=[127, 3, 3]
[11:22]   [ComfyUI] [worker:ComfyUI-SAM3DBody] [comfy-env] DESERIALIZED tensor shape: torch.Size([127, 3, 3])
[11:22]   [ComfyUI] [worker:ComfyUI-SAM3DBody] [comfy-env] _from_shm got dict with keys: ['__type__', 'strategy', 'manager_path', 'storage_key', 'storage_size']
[11:22]   [ComfyUI] [worker:ComfyUI-SAM3DBody] [comfy-env] DESERIALIZE TensorRef: tensor_size=[4]
[11:22]   [ComfyUI] [worker:ComfyUI-SAM3DBody] [comfy-env] DESERIALIZED tensor shape: torch.Size([4])
[11:22]   [ComfyUI] [worker:ComfyUI-SAM3DBody] [comfy-env] _from_shm got dict with keys: ['__type__', 'strategy', 'manager_path', 'storage_key', 'storage_size']
[11:22]   [ComfyUI] [worker:ComfyUI-SAM3DBody] [comfy-env] DESERIALIZE TensorRef: tensor_size=[4]
[11:22]   [ComfyUI] [worker:ComfyUI-SAM3DBody] [comfy-env] DESERIALIZED tensor shape: torch.Size([4])
[11:22]   [ComfyUI] [worker:ComfyUI-SAM3DBody] [comfy-env] _from_shm got dict with keys: ['__type__', 'strategy', 'manager_path', 'storage_key', 'storage_size']
[11:22]   [ComfyUI] [worker:ComfyUI-SAM3DBody] [comfy-env] DESERIALIZE TensorRef: tensor_size=[4]
[11:22]   [ComfyUI] [worker:ComfyUI-SAM3DBody] [comfy-env] DESERIALIZED tensor shape: torch.Size([4])
[11:22]   [ComfyUI] [worker:ComfyUI-SAM3DBody] [comfy-env] _from_shm got dict with keys: ['__type__', 'strategy', 'manager_path', 'storage_key', 'storage_size']
[11:22]   [ComfyUI] [worker:ComfyUI-SAM3DBody] [comfy-env] DESERIALIZE TensorRef: tensor_size=[70, 3]
[11:22]   [ComfyUI] [worker:ComfyUI-SAM3DBody] [comfy-env] DESERIALIZED tensor shape: torch.Size([70, 3])
[11:22]   [ComfyUI] [worker:ComfyUI-SAM3DBody] [comfy-env] _from_shm got dict with keys: ['__type__', 'strategy', 'manager_path', 'storage_key', 'storage_size']
[11:22]   [ComfyUI] [worker:ComfyUI-SAM3DBody] [comfy-env] DESERIALIZE TensorRef: tensor_size=[70, 2]
[11:22]   [ComfyUI] [worker:ComfyUI-SAM3DBody] [comfy-env] DESERIALIZED tensor shape: torch.Size([70, 2])
[11:23]   [ComfyUI] [worker:ComfyUI-SAM3DBody] [comfy-env] _from_shm got dict with keys: ['__type__', 'strategy', 'manager_path', 'storage_key', 'storage_size']
[11:23]   [ComfyUI] [worker:ComfyUI-SAM3DBody] [comfy-env] DESERIALIZE TensorRef: tensor_size=[18439, 3]
[11:23]   [ComfyUI] [worker:ComfyUI-SAM3DBody] [comfy-env] DESERIALIZED tensor shape: torch.Size([18439, 3])
[11:23]   [ComfyUI] [worker:ComfyUI-SAM3DBody] [comfy-env] _from_shm got dict with keys: ['__type__', 'strategy', 'manager_path', 'storage_key', 'storage_size']
[11:23]   [ComfyUI] [worker:ComfyUI-SAM3DBody] [comfy-env] DESERIALIZE TensorRef: tensor_size=[3]
[11:23]   [ComfyUI] [worker:ComfyUI-SAM3DBody] [comfy-env] DESERIALIZED tensor shape: torch.Size([3])
[11:23]   [ComfyUI] [worker:ComfyUI-SAM3DBody] [comfy-env] _from_shm got dict with keys: ['__type__', 'strategy', 'manager_path', 'storage_key', 'storage_size']
[11:23]   [ComfyUI] [worker:ComfyUI-SAM3DBody] [comfy-env] DESERIALIZE TensorRef: tensor_size=[266]
[11:23]   [ComfyUI] [worker:ComfyUI-SAM3DBody] [comfy-env] DESERIALIZED tensor shape: torch.Size([266])
[11:23]   [ComfyUI] [worker:ComfyUI-SAM3DBody] [comfy-env] _from_shm got dict with keys: ['__type__', 'strategy', 'manager_path', 'storage_key', 'storage_size']
[11:23]   [ComfyUI] [worker:ComfyUI-SAM3DBody] [comfy-env] DESERIALIZE TensorRef: tensor_size=[3]
[11:23]   [ComfyUI] [worker:ComfyUI-SAM3DBody] [comfy-env] DESERIALIZED tensor shape: torch.Size([3])
[11:23]   [ComfyUI] [worker:ComfyUI-SAM3DBody] [comfy-env] _from_shm got dict with keys: ['__type__', 'strategy', 'manager_path', 'storage_key', 'storage_size']
[11:23]   [ComfyUI] [worker:ComfyUI-SAM3DBody] [comfy-env] DESERIALIZE TensorRef: tensor_size=[133]
[11:23]   [ComfyUI] [worker:ComfyUI-SAM3DBody] [comfy-env] DESERIALIZED tensor shape: torch.Size([133])
[11:23]   [ComfyUI] [worker:ComfyUI-SAM3DBody] [comfy-env] _from_shm got dict with keys: ['__type__', 'strategy', 'manager_path', 'storage_key', 'storage_size']
[11:23]   [ComfyUI] [worker:ComfyUI-SAM3DBody] [comfy-env] DESERIALIZE TensorRef: tensor_size=[108]
[11:23]   [ComfyUI] [worker:ComfyUI-SAM3DBody] [comfy-env] DESERIALIZED tensor shape: torch.Size([108])
[11:23]   [ComfyUI] [worker:ComfyUI-SAM3DBody] [comfy-env] _from_shm got dict with keys: ['__type__', 'strategy', 'manager_path', 'storage_key', 'storage_size']
[11:23]   [ComfyUI] [worker:ComfyUI-SAM3DBody] [comfy-env] DESERIALIZE TensorRef: tensor_size=[28]
[11:23]   [ComfyUI] [worker:ComfyUI-SAM3DBody] [comfy-env] DESERIALIZED tensor shape: torch.Size([28])
[11:23]   [ComfyUI] [worker:ComfyUI-SAM3DBody] [comfy-env] _from_shm got dict with keys: ['__type__', 'strategy', 'manager_path', 'storage_key', 'storage_size']
[11:23]   [ComfyUI] [worker:ComfyUI-SAM3DBody] [comfy-env] DESERIALIZE TensorRef: tensor_size=[45]
[11:23]   [ComfyUI] [worker:ComfyUI-SAM3DBody] [comfy-env] DESERIALIZED tensor shape: torch.Size([45])
[11:23]   [ComfyUI] [worker:ComfyUI-SAM3DBody] [comfy-env] _from_shm got dict with keys: ['__type__', 'strategy', 'manager_path', 'storage_key', 'storage_size']
[11:23]   [ComfyUI] [worker:ComfyUI-SAM3DBody] [comfy-env] DESERIALIZE TensorRef: tensor_size=[72]
[11:23]   [ComfyUI] [worker:ComfyUI-SAM3DBody] [comfy-env] DESERIALIZED tensor shape: torch.Size([72])
[11:23]   [ComfyUI] [worker:ComfyUI-SAM3DBody] [comfy-env] _from_shm got dict with keys: ['__type__', 'strategy', 'manager_path', 'storage_key', 'storage_size']
[11:23]   [ComfyUI] [worker:ComfyUI-SAM3DBody] [comfy-env] DESERIALIZE TensorRef: tensor_size=[1500, 2250, 1]
[11:23]   [ComfyUI] [worker:ComfyUI-SAM3DBody] [comfy-env] DESERIALIZED tensor shape: torch.Size([1500, 2250, 1])
[11:23]   [ComfyUI] [worker:ComfyUI-SAM3DBody] [comfy-env] _from_shm got dict with keys: ['__type__', 'strategy', 'manager_path', 'storage_key', 'storage_size']
[11:23]   [ComfyUI] [worker:ComfyUI-SAM3DBody] [comfy-env] DESERIALIZE TensorRef: tensor_size=[127, 3]
[11:23]   [ComfyUI] [worker:ComfyUI-SAM3DBody] [comfy-env] DESERIALIZED tensor shape: torch.Size([127, 3])
[11:23]   [ComfyUI] [worker:ComfyUI-SAM3DBody] [comfy-env] _from_shm got dict with keys: ['__type__', 'strategy', 'manager_path', 'storage_key', 'storage_size']
[11:23]   [ComfyUI] [worker:ComfyUI-SAM3DBody] [comfy-env] DESERIALIZE TensorRef: tensor_size=[127, 3, 3]
[11:23]   [ComfyUI] [worker:ComfyUI-SAM3DBody] [comfy-env] DESERIALIZED tensor shape: torch.Size([127, 3, 3])
[11:23]   [ComfyUI] [worker:ComfyUI-SAM3DBody] [comfy-env] _from_shm got dict with keys: ['__type__', 'strategy', 'manager_path', 'storage_key', 'storage_size']
[11:23]   [ComfyUI] [worker:ComfyUI-SAM3DBody] [comfy-env] DESERIALIZE TensorRef: tensor_size=[4]
[11:23]   [ComfyUI] [worker:ComfyUI-SAM3DBody] [comfy-env] DESERIALIZED tensor shape: torch.Size([4])
[11:23]   [ComfyUI] [worker:ComfyUI-SAM3DBody] [comfy-env] _from_shm got dict with keys: ['__type__', 'strategy', 'manager_path', 'storage_key', 'storage_size']
[11:23]   [ComfyUI] [worker:ComfyUI-SAM3DBody] [comfy-env] DESERIALIZE TensorRef: tensor_size=[4]
[11:23]   [ComfyUI] [worker:ComfyUI-SAM3DBody] [comfy-env] DESERIALIZED tensor shape: torch.Size([4])
[11:23]   Frame 4 saved (frame_003.jpg, t=15.6s)
[11:23]   [capture-periodic] freeze=4ms shot=126ms unfreeze=5ms saved=True
[11:27]   [capture-loop] iter=150 t=19.6s state={'complete': False, 'error': None, 'executedCount': 0, 'wsState': 1} eval_ms=4 ram=11.2/31.9GB (35%) swap=1.0/10.5GB (9%) cpu=11% browser_rss=0.92GB
[11:28]   [ComfyUI] [worker:ComfyUI-SAM3DBody]
[11:28]   [ComfyUI] FBX export starting... 'C:\\workspaces\\SAM3DBody-2346\\ComfyUI\\output\\sam3d_rigged.fbx'
[11:28]   [ComfyUI] [worker:ComfyUI-SAM3DBody] (bpy.data.armatures['SAM3D_Skeleton'], 'POSE')
[11:29]   [ComfyUI] [worker:ComfyUI-SAM3DBody] export finished in 0.7344 sec.
[11:29]   [ComfyUI] [SubprocessWorker] got response: ok
[11:29]   [ComfyUI] [comfy-env] SAM3DBodyExportFBX done (7.20s): result: NodeOutput
[11:29]   [ComfyUI] [VRAM] After SAM3DBodyExportFBX: 1042 / 12287 MB
[11:29]   [ComfyUI] [VRAM] Loaded: SubprocessModel (3143 MB)
[11:29]   [ComfyUI] [comfy-env] Running SAM3DBodyPreviewRiggedMesh: fbx_output_path: 'C:\\workspaces\\SAM3DBody-2346\\ComfyUI\\output\\sam3d_r...
[11:29]   [ComfyUI] [VRAM] Before SAM3DBodyPreviewRiggedMesh: 1042 / 12287 MB
[11:29]   [ComfyUI] [VRAM] Loaded: SubprocessModel (3143 MB)
[11:29]   [ComfyUI] [SubprocessWorker] call_method: nodes.preview.SAM3DBodyPreviewRiggedMesh.EXECUTE_NORMALIZED
[11:29]   [ComfyUI] [SubprocessWorker] acquired lock, ensuring started...
[11:29]   [ComfyUI] [ComfyUI-SAM3DBody] Health check: ping (timeout=5.0s)...
[11:29]   [ComfyUI] [ComfyUI-SAM3DBody] Health check: ok
[11:29]   [ComfyUI] [SubprocessWorker] worker started/confirmed
[11:29]   [ComfyUI] [SubprocessWorker] serializing kwargs to shm...
[11:29]   [ComfyUI] [SubprocessWorker] created 0 shm blocks
[11:29]   [ComfyUI] [SubprocessWorker] sending request via socket...
[11:29]   [ComfyUI] [SubprocessWorker] call_id=9 sending call_method
[11:29]   [ComfyUI] [SubprocessWorker] got response: ok
[11:29]   [ComfyUI] [comfy-env] SAM3DBodyPreviewRiggedMesh done (0.07s): result: NodeOutput
[11:29]   Node executed (1 total), capturing...
[11:29]   [ComfyUI] [VRAM] After SAM3DBodyPreviewRiggedMesh: 1042 / 12287 MB
[11:29]   [ComfyUI] [VRAM] Loaded: SubprocessModel (3143 MB)
[11:29]   [ComfyUI] Prompt executed in 21.47 seconds
[11:31]   Frame 5 saved (frame_004.jpg, t=21.6s)
[11:31]   [capture-node] freeze=1001ms shot=256ms unfreeze=5ms saved=True
[11:31]   Node executed (2 total), capturing...
[11:31]   [capture-node] freeze=40ms shot=163ms unfreeze=0ms saved=False
[11:31]   Execution complete (t=23.2s)
[11:31]   [3d-wait] Phase 1: Waiting for 'Loading 3D Model' text to disappear...
[11:31]   [3d-wait] Phase 1 done in 0.0s
[11:31]   [3d-wait] Phase 2: iframes=1
[11:31]   [3d-wait] iframe viewer_ready=True (matched 1 console logs)
[11:31]   [3d-wait] Unfrozen in 0.004s, rendering for 5s...
[11:36]   [3d-wait] JS halted via CDP after 5.1s
[11:37]   [3d-wait] Re-frozen in 6.1s
[11:37]   [3d-wait] Total 3D wait: 6.1s
[11:37]   Captured 5 unique frames over 29.57s
[11:37]   [debug] iframes: 1
[11:37]   [debug]   iframe[0]: src=http://127.0.0.1:41888/extensions/ComfyUI-GeometryPack/viewer_fbx.html?v=1778450, canvas=486x710, rafFrozen=True
[11:37]   [timing] trigger_3d_previews: 0.0s
[11:39]   Saved high-quality screenshot: rigging_executed.png
[11:40]   [timing] final_screenshot: 0.2s
[11:40]   [ComfyUI] [comfy-env] [VRAM] Before offload 'SAM3DBody_1' (3143 MB) -> cpu: 1042 / 12287 MB
[11:40] Capturing execution frames: workflow.json
[11:40]   [ComfyUI] [ComfyUI-SAM3DBody] Health check: ping (timeout=5.0s)...
[11:40]   [ComfyUI] [ComfyUI-SAM3DBody] Health check: failed
[11:40]   [ComfyUI] [ComfyUI-SAM3DBody] Socket unhealthy, restarting worker...
[11:40]   [ComfyUI] [comfy-env] Invalidated 1 stale model patchers (will be cleaned up during next unload)
[11:40]   [ComfyUI] [ComfyUI-SAM3DBody] python: C:\ce\.pixi\envs\sam3dbody-nodes\python.exe
[11:40]   [ComfyUI] [comfy-env] sam3dbody-nodes: Library/bin has 234 DLLs
[11:40]   [ComfyUI] [ComfyUI-SAM3DBody] sys_path sent to worker: ['C:\\workspaces\\SAM3DBody-2346\\ComfyUI', 'C:\\workspaces\\SAM3DBody-2346\\ComfyUI\\custom_nodes\\ComfyUI-SAM3DBody', 'C:\\ce\\.pixi\\envs\\sam3dbody-nodes\\Lib\\site-packages', 'C:\\workspaces\\SAM3DBody-2346\\ComfyUI\\custom_nodes\\ComfyUI-SAM3DBody']
[11:40]   [ComfyUI] [SubprocessWorker] is_pixi=True, python=C:\ce\.pixi\envs\sam3dbody-nodes\python.exe
[11:40]   [ComfyUI] [SubprocessWorker] launching cmd=['C:\\Users\\ContainerAdministrator\\.pixi\\bin\\pixi.exe', 'run', '--as-is', '--manifest-path', 'C:\\ce\\pixi.toml', '-e', 'sam3dbody-nodes', 'python', 'C:\\Users\\ContainerAdministrator\\AppData\\Local\\Temp\\comfyui_pvenv_y99ukr6l\\persistent_worker.py', 'tcp://127.0.0.1:55764']...
[11:43]   [ComfyUI] [worker:ComfyUI-SAM3DBody] ERROR: Failed to import comfy_kitchen, Error: No module named 'comfy_kitchen', fp8 and fp4 support will not be available.
[11:43]   [ComfyUI] [SubprocessWorker] call_id=10 sending model_to_device
[11:43]   [ComfyUI] Model 'SAM3DBody_1' gone from worker (restarted?), treating as offloaded
[11:43]   [ComfyUI] [comfy-env] [VRAM] After offload 'SAM3DBody_1' (3143 MB): 1042 / 12287 MB
[11:46]   Frame 1 saved (frame_000.jpg, t=0.0s)
[11:46]   Validating workflow...
[11:46]   [ComfyUI] === /validate endpoint called ===
[11:46]   [ComfyUI] Received JSON with keys: ['prompt']
[11:46]   Queuing workflow for execution...
[11:46]   [ComfyUI] Prompt has 6 nodes
[11:46]   [ComfyUI]   Node 3: LoadImage
[11:46]   [ComfyUI]     Inputs: {"image": "masked_dancing.png"}
[11:46]   [ComfyUI]   Node 4: PreviewImage
[11:46]   [ComfyUI]     Inputs: {"images": ["13", 2]}
[11:46]   [ComfyUI]   Node 10: Preview3D
[11:46]   [ComfyUI]     Inputs: {"model_file": ["15", 0], "image": ""}
[11:46]   [ComfyUI]   Node 12: LoadSAM3DBodyModel
[11:46]   [ComfyUI]     Inputs: {"precision": "auto"}
[11:46]   [ComfyUI]   Node 13: SAM3DBodyProcess
[11:46]   [ComfyUI]     Inputs: {"bbox_threshold": 0.8, "inference_type": "full", "model": ["12", 0], "image": ["3", 0], "mask": ["3", 1]}
[11:46]   [ComfyUI]   Node 15: SAM3DBodyExportMesh
[11:46]   [ComfyUI]     Inputs: {"filename": "output_mesh.stl", "mesh_data": ["13", 0]}
[11:46]   [ComfyUI] Generated prompt_id: feb3ec93-2506-431e-adb2-29f0c0f44962
[11:46]   [ComfyUI] Calling execution.validate_prompt()...
[11:46]   [ComfyUI] Validation result: valid=True
[11:46]   [ComfyUI] === Validation PASSED ===
[11:46]   [ComfyUI] got prompt
[11:47]   [ComfyUI] [comfy-env] Running LoadSAM3DBodyModel: precision: 'auto'
[11:47]   [ComfyUI] [VRAM] Before LoadSAM3DBodyModel: 1042 / 12287 MB
[11:47]   [ComfyUI] [SubprocessWorker] call_method: nodes.load_model.LoadSAM3DBodyModel.EXECUTE_NORMALIZED
[11:47]   [ComfyUI] [SubprocessWorker] acquired lock, ensuring started...
[11:47]   [ComfyUI] [ComfyUI-SAM3DBody] Health check: ping (timeout=5.0s)...
[11:47]   [ComfyUI] [ComfyUI-SAM3DBody] Health check: ok
[11:47]   [ComfyUI] [SubprocessWorker] worker started/confirmed
[11:47]   [ComfyUI] [SubprocessWorker] serializing kwargs to shm...
[11:47]   [ComfyUI] [SubprocessWorker] created 0 shm blocks
[11:47]   [ComfyUI] [SubprocessWorker] sending request via socket...
[11:47]   [ComfyUI] [SubprocessWorker] call_id=11 sending call_method
[11:47]   [ComfyUI] [SubprocessWorker] got response: ok
[11:47]   [ComfyUI] [comfy-env] [VRAM] Before offload 'SAM3DBody_1' (3143 MB) -> cpu: 1042 / 12287 MB
[11:47]   [ComfyUI] [ComfyUI-SAM3DBody] Health check: ping (timeout=5.0s)...
[11:47]   [ComfyUI] [ComfyUI-SAM3DBody] Health check: ok
[11:47]   [ComfyUI] [SubprocessWorker] call_id=12 sending model_to_device
[11:47]   [ComfyUI] Model 'SAM3DBody_1' gone from worker (restarted?), treating as offloaded
[11:47]   [ComfyUI] [comfy-env] [VRAM] After offload 'SAM3DBody_1' (3143 MB): 1042 / 12287 MB
[11:47]   [ComfyUI] [comfy-env] LoadSAM3DBodyModel done (0.35s): result: NodeOutput
[11:47]   [ComfyUI] [VRAM] After LoadSAM3DBodyModel: 1042 / 12287 MB
[11:47]   [ComfyUI] [comfy-env] Running SAM3DBodyProcess: bbox_threshold: 0.8, inference_type: 'full', model: dict, image: torch.float32 [1,1500,2250,3] cpu, mask: torch.float32 [1,1500,2250] cpu
[11:47]   [ComfyUI] [VRAM] Before SAM3DBodyProcess: 1042 / 12287 MB
[11:47]   [ComfyUI] [SubprocessWorker] call_method: nodes.process.SAM3DBodyProcess.EXECUTE_NORMALIZED
[11:47]   [ComfyUI] [SubprocessWorker] acquired lock, ensuring started...
[11:47]   [ComfyUI] [ComfyUI-SAM3DBody] Health check: ping (timeout=5.0s)...
[11:47]   [ComfyUI] [ComfyUI-SAM3DBody] Health check: ok
[11:47]   [ComfyUI] [SubprocessWorker] worker started/confirmed
[11:47]   [ComfyUI] [comfy-env] PRE-SERIALIZE 'image' shape: torch.Size([1, 1500, 2250, 3])
[11:47]   [ComfyUI] [comfy-env] PRE-SERIALIZE 'mask' shape: torch.Size([1, 1500, 2250])
[11:47]   [ComfyUI] [SubprocessWorker] serializing kwargs to shm...
[11:47]   [ComfyUI] [SubprocessWorker] created 0 shm blocks
[11:47]   [ComfyUI] [SubprocessWorker] sending request via socket...
[11:47]   [ComfyUI] [SubprocessWorker] call_id=13 sending call_method
[11:47]   [ComfyUI] [worker:ComfyUI-SAM3DBody] [comfy-env] _from_shm got dict with keys: ['__type__', 'strategy', 'manager_path', 'storage_key', 'storage_size']
[11:47]   [ComfyUI] [worker:ComfyUI-SAM3DBody] [comfy-env] DESERIALIZE TensorRef: tensor_size=[1, 1500, 2250, 3]
[11:47]   [ComfyUI] [worker:ComfyUI-SAM3DBody] [comfy-env] DESERIALIZED tensor shape: torch.Size([1, 1500, 2250, 3])
[11:47]   [ComfyUI] [worker:ComfyUI-SAM3DBody] [comfy-env] _from_shm got dict with keys: ['__type__', 'strategy', 'manager_path', 'storage_key', 'storage_size']
[11:47]   [ComfyUI] [worker:ComfyUI-SAM3DBody] [comfy-env] DESERIALIZE TensorRef: tensor_size=[1, 1500, 2250]
[11:47]   [ComfyUI] [worker:ComfyUI-SAM3DBody] [comfy-env] DESERIALIZED tensor shape: torch.Size([1, 1500, 2250])
[11:49]   Frame 2 saved (frame_001.jpg, t=2.3s)
[11:49]   [capture-periodic] freeze=4ms shot=115ms unfreeze=5ms saved=True
[11:49]   [ComfyUI] C:\workspaces\SAM3DBody-2346\ComfyUI\custom_nodes\ComfyUI-SAM3DBody\nodes\sam_3d_body\heads.py:40: UserWarning: Momentum is not enabled
[11:49]   [ComfyUI]   warnings.warn("Momentum is not enabled")
[11:49]   [ComfyUI] [worker:ComfyUI-SAM3DBody] WARNING: No comfy kitchen, using old apply_rope functions.
[11:51]   Frame 3 saved (frame_002.jpg, t=4.5s)
[11:51]   [capture-periodic] freeze=4ms shot=128ms unfreeze=5ms saved=True
[11:52]   [ComfyUI] [SubprocessWorker] callback 'request_vram_budget' from call_id=13
[11:52]   [ComfyUI] [comfy-env] VRAM request: 3.30GB, free before eviction: 11.79GB
[11:52]   [ComfyUI] [comfy-env] VRAM after eviction: 11.79GB
[11:52]   [ComfyUI] [worker:ComfyUI-SAM3DBody] [VRAM] +633MB (now 633MB) reserved=640MB peak=633MB
[11:52]   [capture-loop] iter=50 t=6.3s state={'complete': False, 'error': None, 'executedCount': 0, 'wsState': 1} eval_ms=5 ram=10.4/31.9GB (33%) swap=1.0/10.5GB (9%) cpu=15% browser_rss=0.89GB
[11:53]   [ComfyUI] [worker:ComfyUI-SAM3DBody] [VRAM] +1646MB (now 2279MB) reserved=2304MB peak=2279MB
[11:54]   [ComfyUI] [worker:ComfyUI-SAM3DBody] [VRAM] +863MB (now 3143MB) reserved=3168MB peak=3143MB
[11:59]   [capture-loop] iter=100 t=12.5s state={'complete': False, 'error': None, 'executedCount': 0, 'wsState': 1} eval_ms=3 ram=10.3/31.9GB (32%) swap=1.0/10.5GB (9%) cpu=10% browser_rss=0.80GB
[11:59]   [ComfyUI] [SubprocessWorker] got response: ok
[11:59]   [ComfyUI] [comfy-env] Created 1 model patchers: ['SAM3DBody_1']
[11:59]   [ComfyUI] [comfy-env] SAM3DBodyProcess done (12.51s): result: NodeOutput
[11:59]   [ComfyUI] [VRAM] After SAM3DBodyProcess: 1042 / 12287 MB
[11:59]   [ComfyUI] [VRAM] Loaded: SubprocessModel (3143 MB)
[12:00]   [ComfyUI] [comfy-env] Running SAM3DBodyExportMesh: filename: 'output_mesh.stl', mesh_data: dict
[12:00]   [ComfyUI] [VRAM] Before SAM3DBodyExportMesh: 1042 / 12287 MB
[12:00]   [ComfyUI] [VRAM] Loaded: SubprocessModel (3143 MB)
[12:00]   [ComfyUI] [SubprocessWorker] call_method: nodes.visualize.SAM3DBodyExportMesh.EXECUTE_NORMALIZED
[12:00]   [ComfyUI] [SubprocessWorker] acquired lock, ensuring started...
[12:00]   [ComfyUI] [ComfyUI-SAM3DBody] Health check: ping (timeout=5.0s)...
[12:00]   [ComfyUI] [ComfyUI-SAM3DBody] Health check: ok
[12:00]   [ComfyUI] [SubprocessWorker] worker started/confirmed
[12:00]   [ComfyUI] [SubprocessWorker] serializing kwargs to shm...
[12:00]   [ComfyUI] [SubprocessWorker] created 0 shm blocks
[12:00]   [ComfyUI] [SubprocessWorker] sending request via socket...
[12:00]   [ComfyUI] [SubprocessWorker] call_id=14 sending call_method
[12:00]   [ComfyUI] [worker:ComfyUI-SAM3DBody] [comfy-env] _from_shm got dict with keys: ['__type__', 'strategy', 'manager_path', 'storage_key', 'storage_size']
[12:00]   [ComfyUI] [worker:ComfyUI-SAM3DBody] [comfy-env] DESERIALIZE TensorRef: tensor_size=[18439, 3]
[12:00]   [ComfyUI] [worker:ComfyUI-SAM3DBody] [comfy-env] DESERIALIZED tensor shape: torch.Size([18439, 3])
[12:00]   [ComfyUI] [worker:ComfyUI-SAM3DBody] [comfy-env] _from_shm got dict with keys: ['__type__', 'strategy', 'manager_path', 'storage_key', 'storage_size']
[12:00]   [ComfyUI] [worker:ComfyUI-SAM3DBody] [comfy-env] DESERIALIZE TensorRef: tensor_size=[36874, 3]
[12:00]   [ComfyUI] [worker:ComfyUI-SAM3DBody] [comfy-env] DESERIALIZED tensor shape: torch.Size([36874, 3])
[12:00]   Frame 4 saved (frame_003.jpg, t=13.4s)
[12:00]   [ComfyUI] [worker:ComfyUI-SAM3DBody] [comfy-env] _from_shm got dict with keys: ['__type__', 'strategy', 'manager_path', 'storage_key', 'storage_size']
[12:00]   [capture-periodic] freeze=5ms shot=145ms unfreeze=4ms saved=True
[12:00]   [ComfyUI] [worker:ComfyUI-SAM3DBody] [comfy-env] DESERIALIZE TensorRef: tensor_size=[70, 3]
[12:00]   [ComfyUI] [worker:ComfyUI-SAM3DBody] [comfy-env] DESERIALIZED tensor shape: torch.Size([70, 3])
[12:00]   [ComfyUI] [worker:ComfyUI-SAM3DBody] [comfy-env] _from_shm got dict with keys: ['__type__', 'strategy', 'manager_path', 'storage_key', 'storage_size']
[12:00]   [ComfyUI] [worker:ComfyUI-SAM3DBody] [comfy-env] DESERIALIZE TensorRef: tensor_size=[127, 3]
[12:00]   [ComfyUI] [worker:ComfyUI-SAM3DBody] [comfy-env] DESERIALIZED tensor shape: torch.Size([127, 3])
[12:00]   [ComfyUI] [worker:ComfyUI-SAM3DBody] [comfy-env] _from_shm got dict with keys: ['__type__', 'strategy', 'manager_path', 'storage_key', 'storage_size']
[12:00]   [ComfyUI] [worker:ComfyUI-SAM3DBody] [comfy-env] DESERIALIZE TensorRef: tensor_size=[127, 3, 3]
[12:00]   [ComfyUI] [worker:ComfyUI-SAM3DBody] [comfy-env] DESERIALIZED tensor shape: torch.Size([127, 3, 3])
[12:00]   [ComfyUI] [worker:ComfyUI-SAM3DBody] [comfy-env] _from_shm got dict with keys: ['__type__', 'strategy', 'manager_path', 'storage_key', 'storage_size']
[12:00]   [ComfyUI] [worker:ComfyUI-SAM3DBody] [comfy-env] DESERIALIZE TensorRef: tensor_size=[3]
[12:00]   [ComfyUI] [worker:ComfyUI-SAM3DBody] [comfy-env] DESERIALIZED tensor shape: torch.Size([3])
[12:00]   [ComfyUI] [worker:ComfyUI-SAM3DBody] [comfy-env] _from_shm got dict with keys: ['__type__', 'strategy', 'manager_path', 'storage_key', 'storage_size']
[12:00]   [ComfyUI] [worker:ComfyUI-SAM3DBody] [comfy-env] DESERIALIZE TensorRef: tensor_size=[4]
[12:00]   [ComfyUI] [worker:ComfyUI-SAM3DBody] [comfy-env] DESERIALIZED tensor shape: torch.Size([4])
[12:00]   [ComfyUI] [worker:ComfyUI-SAM3DBody] [comfy-env] _from_shm got dict with keys: ['__type__', 'strategy', 'manager_path', 'storage_key', 'storage_size']
[12:00]   [ComfyUI] [worker:ComfyUI-SAM3DBody] [comfy-env] DESERIALIZE TensorRef: tensor_size=[133]
[12:00]   [ComfyUI] [worker:ComfyUI-SAM3DBody] [comfy-env] DESERIALIZED tensor shape: torch.Size([133])
[12:00]   [ComfyUI] [worker:ComfyUI-SAM3DBody] [comfy-env] _from_shm got dict with keys: ['__type__', 'strategy', 'manager_path', 'storage_key', 'storage_size']
[12:00]   Node executed (1 total), capturing...
[12:00]   [ComfyUI] [worker:ComfyUI-SAM3DBody] [comfy-env] DESERIALIZE TensorRef: tensor_size=[108]
[12:00]   [ComfyUI] [worker:ComfyUI-SAM3DBody] [comfy-env] DESERIALIZED tensor shape: torch.Size([108])
[12:00]   [ComfyUI] [worker:ComfyUI-SAM3DBody] [comfy-env] _from_shm got dict with keys: ['__type__', 'strategy', 'manager_path', 'storage_key', 'storage_size']
[12:00]   [ComfyUI] [worker:ComfyUI-SAM3DBody] [comfy-env] DESERIALIZE TensorRef: tensor_size=[3]
[12:00]   [ComfyUI] [worker:ComfyUI-SAM3DBody] [comfy-env] DESERIALIZED tensor shape: torch.Size([3])
[12:00]   [ComfyUI] [worker:ComfyUI-SAM3DBody] [comfy-env] _from_shm got dict with keys: ['__type__', 'strategy', 'manager_path', 'storage_key', 'storage_size']
[12:00]   [ComfyUI] [worker:ComfyUI-SAM3DBody] [comfy-env] DESERIALIZE TensorRef: tensor_size=[45]
[12:00]   [ComfyUI] [worker:ComfyUI-SAM3DBody] [comfy-env] DESERIALIZED tensor shape: torch.Size([45])
[12:00]   [ComfyUI] [worker:ComfyUI-SAM3DBody] [comfy-env] _from_shm got dict with keys: ['__type__', 'strategy', 'manager_path', 'storage_key', 'storage_size']
[12:00]   [ComfyUI] [worker:ComfyUI-SAM3DBody] [comfy-env] DESERIALIZE TensorRef: tensor_size=[28]
[12:00]   [ComfyUI] [worker:ComfyUI-SAM3DBody] [comfy-env] DESERIALIZED tensor shape: torch.Size([28])
[12:00]   [ComfyUI] [worker:ComfyUI-SAM3DBody] [comfy-env] _from_shm got dict with keys: ['__type__', 'strategy', 'manager_path', 'storage_key', 'storage_size']
[12:00]   [ComfyUI] [worker:ComfyUI-SAM3DBody] [comfy-env] DESERIALIZE TensorRef: tensor_size=[72]
[12:00]   [ComfyUI] [worker:ComfyUI-SAM3DBody] [comfy-env] DESERIALIZED tensor shape: torch.Size([72])
[12:00]   [ComfyUI] [worker:ComfyUI-SAM3DBody] [comfy-env] _from_shm got dict with keys: ['__type__', 'strategy', 'manager_path', 'storage_key', 'storage_size']
[12:00]   [ComfyUI] [worker:ComfyUI-SAM3DBody] [comfy-env] DESERIALIZE TensorRef: tensor_size=[4]
[12:00]   [ComfyUI] [worker:ComfyUI-SAM3DBody] [comfy-env] DESERIALIZED tensor shape: torch.Size([4])
[12:00]   [ComfyUI] [worker:ComfyUI-SAM3DBody] [comfy-env] _from_shm got dict with keys: ['__type__', 'strategy', 'manager_path', 'storage_key', 'storage_size']
[12:00]   [ComfyUI] [worker:ComfyUI-SAM3DBody] [comfy-env] DESERIALIZE TensorRef: tensor_size=[70, 3]
[12:00]   [ComfyUI] [worker:ComfyUI-SAM3DBody] [comfy-env] DESERIALIZED tensor shape: torch.Size([70, 3])
[12:00]   [ComfyUI] [worker:ComfyUI-SAM3DBody] [comfy-env] _from_shm got dict with keys: ['__type__', 'strategy', 'manager_path', 'storage_key', 'storage_size']
[12:00]   [ComfyUI] [worker:ComfyUI-SAM3DBody] [comfy-env] DESERIALIZE TensorRef: tensor_size=[70, 2]
[12:00]   [ComfyUI] [worker:ComfyUI-SAM3DBody] [comfy-env] DESERIALIZED tensor shape: torch.Size([70, 2])
[12:00]   [ComfyUI] [worker:ComfyUI-SAM3DBody] [comfy-env] _from_shm got dict with keys: ['__type__', 'strategy', 'manager_path', 'storage_key', 'storage_size']
[12:00]   [ComfyUI] [worker:ComfyUI-SAM3DBody] [comfy-env] DESERIALIZE TensorRef: tensor_size=[18439, 3]
[12:00]   [ComfyUI] [worker:ComfyUI-SAM3DBody] [comfy-env] DESERIALIZED tensor shape: torch.Size([18439, 3])
[12:00]   [ComfyUI] [worker:ComfyUI-SAM3DBody] [comfy-env] _from_shm got dict with keys: ['__type__', 'strategy', 'manager_path', 'storage_key', 'storage_size']
[12:00]   [ComfyUI] [worker:ComfyUI-SAM3DBody] [comfy-env] DESERIALIZE TensorRef: tensor_size=[3]
[12:00]   [ComfyUI] [worker:ComfyUI-SAM3DBody] [comfy-env] DESERIALIZED tensor shape: torch.Size([3])
[12:00]   [ComfyUI] [worker:ComfyUI-SAM3DBody] [comfy-env] _from_shm got dict with keys: ['__type__', 'strategy', 'manager_path', 'storage_key', 'storage_size']
[12:00]   [ComfyUI] [worker:ComfyUI-SAM3DBody] [comfy-env] DESERIALIZE TensorRef: tensor_size=[266]
[12:00]   [ComfyUI] [worker:ComfyUI-SAM3DBody] [comfy-env] DESERIALIZED tensor shape: torch.Size([266])
[12:00]   [ComfyUI] [worker:ComfyUI-SAM3DBody] [comfy-env] _from_shm got dict with keys: ['__type__', 'strategy', 'manager_path', 'storage_key', 'storage_size']
[12:00]   [ComfyUI] [worker:ComfyUI-SAM3DBody] [comfy-env] DESERIALIZE TensorRef: tensor_size=[3]
[12:00]   [ComfyUI] [worker:ComfyUI-SAM3DBody] [comfy-env] DESERIALIZED tensor shape: torch.Size([3])
[12:00]   [ComfyUI] [worker:ComfyUI-SAM3DBody] [comfy-env] _from_shm got dict with keys: ['__type__', 'strategy', 'manager_path', 'storage_key', 'storage_size']
[12:00]   [ComfyUI] [worker:ComfyUI-SAM3DBody] [comfy-env] DESERIALIZE TensorRef: tensor_size=[133]
[12:00]   [ComfyUI] [worker:ComfyUI-SAM3DBody] [comfy-env] DESERIALIZED tensor shape: torch.Size([133])
[12:00]   [ComfyUI] [worker:ComfyUI-SAM3DBody] [comfy-env] _from_shm got dict with keys: ['__type__', 'strategy', 'manager_path', 'storage_key', 'storage_size']
[12:00]   [ComfyUI] [worker:ComfyUI-SAM3DBody] [comfy-env] DESERIALIZE TensorRef: tensor_size=[108]
[12:00]   [ComfyUI] [worker:ComfyUI-SAM3DBody] [comfy-env] DESERIALIZED tensor shape: torch.Size([108])
[12:00]   [ComfyUI] [worker:ComfyUI-SAM3DBody] [comfy-env] _from_shm got dict with keys: ['__type__', 'strategy', 'manager_path', 'storage_key', 'storage_size']
[12:00]   [ComfyUI] [worker:ComfyUI-SAM3DBody] [comfy-env] DESERIALIZE TensorRef: tensor_size=[28]
[12:00]   [ComfyUI] [worker:ComfyUI-SAM3DBody] [comfy-env] DESERIALIZED tensor shape: torch.Size([28])
[12:00]   [ComfyUI] [worker:ComfyUI-SAM3DBody] [comfy-env] _from_shm got dict with keys: ['__type__', 'strategy', 'manager_path', 'storage_key', 'storage_size']
[12:00]   [ComfyUI] [worker:ComfyUI-SAM3DBody] [comfy-env] DESERIALIZE TensorRef: tensor_size=[45]
[12:00]   [ComfyUI] [worker:ComfyUI-SAM3DBody] [comfy-env] DESERIALIZED tensor shape: torch.Size([45])
[12:00]   [ComfyUI] [worker:ComfyUI-SAM3DBody] [comfy-env] _from_shm got dict with keys: ['__type__', 'strategy', 'manager_path', 'storage_key', 'storage_size']
[12:00]   [ComfyUI] [worker:ComfyUI-SAM3DBody] [comfy-env] DESERIALIZE TensorRef: tensor_size=[72]
[12:00]   [ComfyUI] [worker:ComfyUI-SAM3DBody] [comfy-env] DESERIALIZED tensor shape: torch.Size([72])
[12:00]   [ComfyUI] [worker:ComfyUI-SAM3DBody] [comfy-env] _from_shm got dict with keys: ['__type__', 'strategy', 'manager_path', 'storage_key', 'storage_size']
[12:00]   [ComfyUI] [worker:ComfyUI-SAM3DBody] [comfy-env] DESERIALIZE TensorRef: tensor_size=[1500, 2250, 1]
[12:00]   [ComfyUI] [worker:ComfyUI-SAM3DBody] [comfy-env] DESERIALIZED tensor shape: torch.Size([1500, 2250, 1])
[12:00]   [ComfyUI] [worker:ComfyUI-SAM3DBody] [comfy-env] _from_shm got dict with keys: ['__type__', 'strategy', 'manager_path', 'storage_key', 'storage_size']
[12:00]   [ComfyUI] [worker:ComfyUI-SAM3DBody] [comfy-env] DESERIALIZE TensorRef: tensor_size=[127, 3]
[12:00]   [ComfyUI] [worker:ComfyUI-SAM3DBody] [comfy-env] DESERIALIZED tensor shape: torch.Size([127, 3])
[12:00]   [ComfyUI] [worker:ComfyUI-SAM3DBody] [comfy-env] _from_shm got dict with keys: ['__type__', 'strategy', 'manager_path', 'storage_key', 'storage_size']
[12:00]   [ComfyUI] [worker:ComfyUI-SAM3DBody] [comfy-env] DESERIALIZE TensorRef: tensor_size=[127, 3, 3]
[12:00]   Frame 5 saved (frame_004.jpg, t=13.9s)
[12:00]   [ComfyUI] [worker:ComfyUI-SAM3DBody] [comfy-env] DESERIALIZED tensor shape: torch.Size([127, 3, 3])
[12:00]   [capture-node] freeze=4ms shot=139ms unfreeze=5ms saved=True
[12:00]   [ComfyUI] [worker:ComfyUI-SAM3DBody] [comfy-env] _from_shm got dict with keys: ['__type__', 'strategy', 'manager_path', 'storage_key', 'storage_size']
[12:00]   [ComfyUI] [worker:ComfyUI-SAM3DBody] [comfy-env] DESERIALIZE TensorRef: tensor_size=[4]
[12:00]   [ComfyUI] [worker:ComfyUI-SAM3DBody] [comfy-env] DESERIALIZED tensor shape: torch.Size([4])
[12:00]   [ComfyUI] [worker:ComfyUI-SAM3DBody] [comfy-env] _from_shm got dict with keys: ['__type__', 'strategy', 'manager_path', 'storage_key', 'storage_size']
[12:00]   [ComfyUI] [worker:ComfyUI-SAM3DBody] [comfy-env] DESERIALIZE TensorRef: tensor_size=[4]
[12:00]   [ComfyUI] [worker:ComfyUI-SAM3DBody] [comfy-env] DESERIALIZED tensor shape: torch.Size([4])
[12:00]   [ComfyUI] [worker:ComfyUI-SAM3DBody] [comfy-env] _from_shm got dict with keys: ['__type__', 'strategy', 'manager_path', 'storage_key', 'storage_size']
[12:00]   [ComfyUI] [worker:ComfyUI-SAM3DBody] [comfy-env] DESERIALIZE TensorRef: tensor_size=[4]
[12:00]   [ComfyUI] [worker:ComfyUI-SAM3DBody] [comfy-env] DESERIALIZED tensor shape: torch.Size([4])
[12:00]   [ComfyUI] [worker:ComfyUI-SAM3DBody] [comfy-env] _from_shm got dict with keys: ['__type__', 'strategy', 'manager_path', 'storage_key', 'storage_size']
[12:00]   [ComfyUI] [worker:ComfyUI-SAM3DBody] [comfy-env] DESERIALIZE TensorRef: tensor_size=[70, 3]
[12:00]   [ComfyUI] [worker:ComfyUI-SAM3DBody] [comfy-env] DESERIALIZED tensor shape: torch.Size([70, 3])
[12:00]   [ComfyUI] [worker:ComfyUI-SAM3DBody] [comfy-env] _from_shm got dict with keys: ['__type__', 'strategy', 'manager_path', 'storage_key', 'storage_size']
[12:00]   [ComfyUI] [worker:ComfyUI-SAM3DBody] [comfy-env] DESERIALIZE TensorRef: tensor_size=[70, 2]
[12:00]   [ComfyUI] [worker:ComfyUI-SAM3DBody] [comfy-env] DESERIALIZED tensor shape: torch.Size([70, 2])
[12:00]   [ComfyUI] [worker:ComfyUI-SAM3DBody] [comfy-env] _from_shm got dict with keys: ['__type__', 'strategy', 'manager_path', 'storage_key', 'storage_size']
[12:00]   [ComfyUI] [worker:ComfyUI-SAM3DBody] [comfy-env] DESERIALIZE TensorRef: tensor_size=[18439, 3]
[12:00]   [ComfyUI] [worker:ComfyUI-SAM3DBody] [comfy-env] DESERIALIZED tensor shape: torch.Size([18439, 3])
[12:00]   [ComfyUI] [worker:ComfyUI-SAM3DBody] [comfy-env] _from_shm got dict with keys: ['__type__', 'strategy', 'manager_path', 'storage_key', 'storage_size']
[12:00]   [ComfyUI] [worker:ComfyUI-SAM3DBody] [comfy-env] DESERIALIZE TensorRef: tensor_size=[3]
[12:00]   [ComfyUI] [worker:ComfyUI-SAM3DBody] [comfy-env] DESERIALIZED tensor shape: torch.Size([3])
[12:00]   [ComfyUI] [worker:ComfyUI-SAM3DBody] [comfy-env] _from_shm got dict with keys: ['__type__', 'strategy', 'manager_path', 'storage_key', 'storage_size']
[12:00]   [ComfyUI] [worker:ComfyUI-SAM3DBody] [comfy-env] DESERIALIZE TensorRef: tensor_size=[266]
[12:00]   [ComfyUI] [worker:ComfyUI-SAM3DBody] [comfy-env] DESERIALIZED tensor shape: torch.Size([266])
[12:00]   [ComfyUI] [worker:ComfyUI-SAM3DBody] [comfy-env] _from_shm got dict with keys: ['__type__', 'strategy', 'manager_path', 'storage_key', 'storage_size']
[12:00]   [ComfyUI] [worker:ComfyUI-SAM3DBody] [comfy-env] DESERIALIZE TensorRef: tensor_size=[3]
[12:00]   [ComfyUI] [worker:ComfyUI-SAM3DBody] [comfy-env] DESERIALIZED tensor shape: torch.Size([3])
[12:00]   [ComfyUI] [worker:ComfyUI-SAM3DBody] [comfy-env] _from_shm got dict with keys: ['__type__', 'strategy', 'manager_path', 'storage_key', 'storage_size']
[12:00]   [ComfyUI] [worker:ComfyUI-SAM3DBody] [comfy-env] DESERIALIZE TensorRef: tensor_size=[133]
[12:00]   [ComfyUI] [worker:ComfyUI-SAM3DBody] [comfy-env] DESERIALIZED tensor shape: torch.Size([133])
[12:00]   [ComfyUI] [worker:ComfyUI-SAM3DBody] [comfy-env] _from_shm got dict with keys: ['__type__', 'strategy', 'manager_path', 'storage_key', 'storage_size']
[12:00]   [ComfyUI] [worker:ComfyUI-SAM3DBody] [comfy-env] DESERIALIZE TensorRef: tensor_size=[108]
[12:00]   [ComfyUI] [worker:ComfyUI-SAM3DBody] [comfy-env] DESERIALIZED tensor shape: torch.Size([108])
[12:00]   [ComfyUI] [worker:ComfyUI-SAM3DBody] [comfy-env] _from_shm got dict with keys: ['__type__', 'strategy', 'manager_path', 'storage_key', 'storage_size']
[12:00]   [ComfyUI] [worker:ComfyUI-SAM3DBody] [comfy-env] DESERIALIZE TensorRef: tensor_size=[28]
[12:00]   [ComfyUI] [worker:ComfyUI-SAM3DBody] [comfy-env] DESERIALIZED tensor shape: torch.Size([28])
[12:00]   [ComfyUI] [worker:ComfyUI-SAM3DBody] [comfy-env] _from_shm got dict with keys: ['__type__', 'strategy', 'manager_path', 'storage_key', 'storage_size']
[12:00]   [ComfyUI] [worker:ComfyUI-SAM3DBody] [comfy-env] DESERIALIZE TensorRef: tensor_size=[45]
[12:00]   [ComfyUI] [worker:ComfyUI-SAM3DBody] [comfy-env] DESERIALIZED tensor shape: torch.Size([45])
[12:00]   [ComfyUI] [worker:ComfyUI-SAM3DBody] [comfy-env] _from_shm got dict with keys: ['__type__', 'strategy', 'manager_path', 'storage_key', 'storage_size']
[12:00]   [ComfyUI] [worker:ComfyUI-SAM3DBody] [comfy-env] DESERIALIZE TensorRef: tensor_size=[72]
[12:00]   [ComfyUI] [worker:ComfyUI-SAM3DBody] [comfy-env] DESERIALIZED tensor shape: torch.Size([72])
[12:00]   [ComfyUI] [worker:ComfyUI-SAM3DBody] [comfy-env] _from_shm got dict with keys: ['__type__', 'strategy', 'manager_path', 'storage_key', 'storage_size']
[12:00]   [ComfyUI] [worker:ComfyUI-SAM3DBody] [comfy-env] DESERIALIZE TensorRef: tensor_size=[1500, 2250, 1]
[12:00]   [ComfyUI] [worker:ComfyUI-SAM3DBody] [comfy-env] DESERIALIZED tensor shape: torch.Size([1500, 2250, 1])
[12:01]   [ComfyUI] [worker:ComfyUI-SAM3DBody] [comfy-env] _from_shm got dict with keys: ['__type__', 'strategy', 'manager_path', 'storage_key', 'storage_size']
[12:01]   [ComfyUI] [worker:ComfyUI-SAM3DBody] [comfy-env] DESERIALIZE TensorRef: tensor_size=[127, 3]
[12:01]   [ComfyUI] [worker:ComfyUI-SAM3DBody] [comfy-env] DESERIALIZED tensor shape: torch.Size([127, 3])
[12:01]   [ComfyUI] [worker:ComfyUI-SAM3DBody] [comfy-env] _from_shm got dict with keys: ['__type__', 'strategy', 'manager_path', 'storage_key', 'storage_size']
[12:01]   [ComfyUI] [worker:ComfyUI-SAM3DBody] [comfy-env] DESERIALIZE TensorRef: tensor_size=[127, 3, 3]
[12:01]   [ComfyUI] [worker:ComfyUI-SAM3DBody] [comfy-env] DESERIALIZED tensor shape: torch.Size([127, 3, 3])
[12:01]   [ComfyUI] [worker:ComfyUI-SAM3DBody] [comfy-env] _from_shm got dict with keys: ['__type__', 'strategy', 'manager_path', 'storage_key', 'storage_size']
[12:01]   [ComfyUI] [worker:ComfyUI-SAM3DBody] [comfy-env] DESERIALIZE TensorRef: tensor_size=[4]
[12:01]   [ComfyUI] [worker:ComfyUI-SAM3DBody] [comfy-env] DESERIALIZED tensor shape: torch.Size([4])
[12:01]   [ComfyUI] [worker:ComfyUI-SAM3DBody] [comfy-env] _from_shm got dict with keys: ['__type__', 'strategy', 'manager_path', 'storage_key', 'storage_size']
[12:01]   [ComfyUI] [worker:ComfyUI-SAM3DBody] [comfy-env] DESERIALIZE TensorRef: tensor_size=[4]
[12:01]   [ComfyUI] [worker:ComfyUI-SAM3DBody] [comfy-env] DESERIALIZED tensor shape: torch.Size([4])
[12:01]   [ComfyUI] [SubprocessWorker] callback 'report_progress' from call_id=14
[12:01]   [ComfyUI] [SubprocessWorker] callback 'report_progress' from call_id=14
[12:01]   [ComfyUI] [SubprocessWorker] callback 'report_progress' from call_id=14
[12:01]   [ComfyUI] [SubprocessWorker] callback 'report_progress' from call_id=14
[12:01]   [ComfyUI] [SubprocessWorker] callback 'report_progress' from call_id=14
[12:01]   [ComfyUI] [SubprocessWorker] callback 'report_progress' from call_id=14
[12:01]   [ComfyUI] [SubprocessWorker] callback 'report_progress' from call_id=14
[12:01]   [ComfyUI] [SubprocessWorker] callback 'report_progress' from call_id=14
[12:01]   [ComfyUI] [SubprocessWorker] callback 'report_progress' from call_id=14
[12:01]   [ComfyUI] [SubprocessWorker] callback 'report_progress' from call_id=14
[12:02]   [ComfyUI] [SubprocessWorker] callback 'report_progress' from call_id=14
[12:02]   [ComfyUI] [SubprocessWorker] callback 'report_progress' from call_id=14
[12:02]   [ComfyUI] [SubprocessWorker] callback 'report_progress' from call_id=14
[12:02]   [ComfyUI] [SubprocessWorker] callback 'report_progress' from call_id=14
[12:02]   [ComfyUI] [SubprocessWorker] callback 'report_progress' from call_id=14
[12:02]   [ComfyUI] [SubprocessWorker] callback 'report_progress' from call_id=14
[12:02]   [ComfyUI] [SubprocessWorker] callback 'report_progress' from call_id=14
[12:02]   [ComfyUI] [SubprocessWorker] callback 'report_progress' from call_id=14
[12:02]   [ComfyUI] [SubprocessWorker] callback 'report_progress' from call_id=14
[12:02]   Frame 6 saved (frame_005.jpg, t=16.1s)
[12:02]   [capture-periodic] freeze=4ms shot=126ms unfreeze=8ms saved=True
[12:03]   [ComfyUI] [SubprocessWorker] callback 'report_progress' from call_id=14
[12:03]   [ComfyUI] [SubprocessWorker] callback 'report_progress' from call_id=14
[12:03]   [ComfyUI] [SubprocessWorker] callback 'report_progress' from call_id=14
[12:03]   [ComfyUI] [SubprocessWorker] callback 'report_progress' from call_id=14
[12:03]   [ComfyUI] [SubprocessWorker] callback 'report_progress' from call_id=14
[12:03]   [ComfyUI] [SubprocessWorker] callback 'report_progress' from call_id=14
[12:03]   [ComfyUI] [SubprocessWorker] callback 'report_progress' from call_id=14
[12:03]   [ComfyUI] [SubprocessWorker] callback 'report_progress' from call_id=14
[12:03]   [ComfyUI] [SubprocessWorker] callback 'report_progress' from call_id=14
[12:03]   [ComfyUI] [SubprocessWorker] callback 'report_progress' from call_id=14
[12:04]   [ComfyUI] [SubprocessWorker] callback 'report_progress' from call_id=14
[12:04]   [ComfyUI] [SubprocessWorker] callback 'report_progress' from call_id=14
[12:04]   [ComfyUI] [SubprocessWorker] callback 'report_progress' from call_id=14
[12:04]   [ComfyUI] [SubprocessWorker] callback 'report_progress' from call_id=14
[12:04]   [ComfyUI] [SubprocessWorker] callback 'report_progress' from call_id=14
[12:04]   [ComfyUI] [SubprocessWorker] got response: ok
[12:04]   [ComfyUI] [comfy-env] SAM3DBodyExportMesh done (4.23s): result: NodeOutput
[12:04]   [ComfyUI] [VRAM] After SAM3DBodyExportMesh: 1042 / 12287 MB
[12:04]   [ComfyUI] [VRAM] Loaded: SubprocessModel (3143 MB)
[12:04]   [ComfyUI] Prompt executed in 17.53 seconds
[12:04]   [ComfyUI] [comfy-env] [VRAM] Before offload 'SAM3DBody_1' (3143 MB) -> cpu: 1042 / 12287 MB
[12:04]   [ComfyUI] [ComfyUI-SAM3DBody] Health check: ping (timeout=5.0s)...
[12:04]   [ComfyUI] [ComfyUI-SAM3DBody] Health check: ok
[12:04]   [ComfyUI] [SubprocessWorker] call_id=15 sending model_to_device
[12:04]   Node executed (2 total), capturing...
[12:04]   [ComfyUI] [worker:ComfyUI-SAM3DBody] [VRAM] -356MB (now 2787MB) reserved=3264MB peak=3191MB
[12:05]   Frame 7 saved (frame_006.jpg, t=17.9s)
[12:05]   [capture-node] freeze=358ms shot=394ms unfreeze=0ms saved=True
[12:05]   Execution complete (t=17.9s)
[12:05]   [3d-wait] Phase 1: Waiting for 'Loading 3D Model' text to disappear...
[12:05]   [ComfyUI] [worker:ComfyUI-SAM3DBody] [VRAM] -1935MB (now 852MB) reserved=3264MB peak=3191MB
[12:05]   [ComfyUI] [comfy-env] [VRAM] After offload 'SAM3DBody_1' (3143 MB): 1042 / 12287 MB
[13:05]   [3d-wait] Phase 1 exception after 60.0s: Page.wait_for_function: Timeout 60000ms exceeded.
[13:05]   [3d-wait] Phase 2: iframes=0
[13:05]   [3d-wait] Total 3D wait: 60.0s
[13:05]   Captured 7 unique frames over 78.76s
[13:05]   [debug] iframes: 0
[13:05]   [timing] trigger_3d_previews: 0.0s
[13:07]   Saved high-quality screenshot: workflow_executed.png
[13:07]   [timing] final_screenshot: 0.3s
[13:07] Results saved to C:\logs\SAM3DBody-2346\dev\windows-gpu\results.json
[13:07] Model report: 10 files, 2.6 GB -> C:\logs\SAM3DBody-2346\dev\windows-gpu\models.json
[13:08] Saved: C:\logs\SAM3DBody-2346\dev\windows-gpu\index.html
[13:08] 
windows: FAILED
[13:08] Error: Workflow execution failed (1 error(s))
[13:08] Details: multiple_masks_depthcorrected.json: Workflow validation failed

Details:
graphToPrompt produced nodes without class_type: graphToPrompt: 16 nodes, missing class_type: [40,41], sample: {"inputs":{"images":["16",1]},"class_type":"PreviewImage","_meta":{"title":"Preview Image"}}
[13:08] Stopping ComfyUI server...
